station,station_ja,year,month,mean_temp_c,precip_total_mm,sunshine_h,source_url,publish_date,publish_date_basis
akita,秋田,2009,1,1.3,182.0,57.1,https://www.data.jma.go.jp/stats/etrn/view/monthly_s1.php?prec_no=32&block_no=47582&year=2009&month=&day=&view=,2026-09-05,fetch date (JMA pages carry no publish date; raw/research/weather/html/<station>_<year>.html)
akita,秋田,2009,2,1.4,133.5,64.6,https://www.data.jma.go.jp/stats/etrn/view/monthly_s1.php?prec_no=32&block_no=47582&year=2009&month=&day=&view=,2026-09-05,fetch date (JMA pages carry no publish date; raw/research/weather/html/<station>_<year>.html)
akita,秋田,2009,3,3.9,118.5,127.7,https://www.data.jma.go.jp/stats/etrn/view/monthly_s1.php?prec_no=32&block_no=47582&year=2009&month=&day=&view=,2026-09-05,fetch date (JMA pages carry no publish date; raw/research/weather/html/<station>_<year>.html)
akita,秋田,2009,4,9.6,110.0,180.9,https://www.data.jma.go.jp/stats/etrn/view/monthly_s1.php?prec_no=32&block_no=47582&year=2009&month=&day=&view=,2026-09-05,fetch date (JMA pages carry no publish date; raw/research/weather/html/<station>_<year>.html)
akita,秋田,2009,5,15.8,76.0,194.0,https://www.data.jma.go.jp/stats/etrn/view/monthly_s1.php?prec_no=32&block_no=47582&year=2009&month=&day=&view=,2026-09-05,fetch date (JMA pages carry no publish date; raw/research/weather/html/<station>_<year>.html)
akita,秋田,2009,6,19.9,113.0,175.0,https://www.data.jma.go.jp/stats/etrn/view/monthly_s1.php?prec_no=32&block_no=47582&year=2009&month=&day=&view=,2026-09-05,fetch date (JMA pages carry no publish date; raw/research/weather/html/<station>_<year>.html)
akita,秋田,2009,7,22.4,327.5,98.6,https://www.data.jma.go.jp/stats/etrn/view/monthly_s1.php?prec_no=32&block_no=47582&year=2009&month=&day=&view=,2026-09-05,fetch date (JMA pages carry no publish date; raw/research/weather/html/<station>_<year>.html)
akita,秋田,2009,8,23.8,107.5,167.3,https://www.data.jma.go.jp/stats/etrn/view/monthly_s1.php?prec_no=32&block_no=47582&year=2009&month=&day=&view=,2026-09-05,fetch date (JMA pages carry no publish date; raw/research/weather/html/<station>_<year>.html)
akita,秋田,2009,9,19.5,73.0,170.0,https://www.data.jma.go.jp/stats/etrn/view/monthly_s1.php?prec_no=32&block_no=47582&year=2009&month=&day=&view=,2026-09-05,fetch date (JMA pages carry no publish date; raw/research/weather/html/<station>_<year>.html)
akita,秋田,2009,10,14.5,198.0,158.3,https://www.data.jma.go.jp/stats/etrn/view/monthly_s1.php?prec_no=32&block_no=47582&year=2009&month=&day=&view=,2026-09-05,fetch date (JMA pages carry no publish date; raw/research/weather/html/<station>_<year>.html)
akita,秋田,2009,11,8.8,168.5,96.8,https://www.data.jma.go.jp/stats/etrn/view/monthly_s1.php?prec_no=32&block_no=47582&year=2009&month=&day=&view=,2026-09-05,fetch date (JMA pages carry no publish date; raw/research/weather/html/<station>_<year>.html)
akita,秋田,2009,12,3.1,121.5,40.9,https://www.data.jma.go.jp/stats/etrn/view/monthly_s1.php?prec_no=32&block_no=47582&year=2009&month=&day=&view=,2026-09-05,fetch date (JMA pages carry no publish date; raw/research/weather/html/<station>_<year>.html)
akita,秋田,2010,1,0.9,164.5,35.6,https://www.data.jma.go.jp/stats/etrn/view/monthly_s1.php?prec_no=32&block_no=47582&year=2010&month=&day=&view=,2026-09-05,fetch date (JMA pages carry no publish date; raw/research/weather/html/<station>_<year>.html)
akita,秋田,2010,2,0.4,84.0,86.6,https://www.data.jma.go.jp/stats/etrn/view/monthly_s1.php?prec_no=32&block_no=47582&year=2010&month=&day=&view=,2026-09-05,fetch date (JMA pages carry no publish date; raw/research/weather/html/<station>_<year>.html)
akita,秋田,2010,3,3.0,126.0,86.8,https://www.data.jma.go.jp/stats/etrn/view/monthly_s1.php?prec_no=32&block_no=47582&year=2010&month=&day=&view=,2026-09-05,fetch date (JMA pages carry no publish date; raw/research/weather/html/<station>_<year>.html)
akita,秋田,2010,4,8.0,150.5,125.9,https://www.data.jma.go.jp/stats/etrn/view/monthly_s1.php?prec_no=32&block_no=47582&year=2010&month=&day=&view=,2026-09-05,fetch date (JMA pages carry no publish date; raw/research/weather/html/<station>_<year>.html)
akita,秋田,2010,5,14.1,149.0,145.7,https://www.data.jma.go.jp/stats/etrn/view/monthly_s1.php?prec_no=32&block_no=47582&year=2010&month=&day=&view=,2026-09-05,fetch date (JMA pages carry no publish date; raw/research/weather/html/<station>_<year>.html)
akita,秋田,2010,6,20.5,158.5,186.4,https://www.data.jma.go.jp/stats/etrn/view/monthly_s1.php?prec_no=32&block_no=47582&year=2010&month=&day=&view=,2026-09-05,fetch date (JMA pages carry no publish date; raw/research/weather/html/<station>_<year>.html)
akita,秋田,2010,7,24.8,189.5,126.9,https://www.data.jma.go.jp/stats/etrn/view/monthly_s1.php?prec_no=32&block_no=47582&year=2010&month=&day=&view=,2026-09-05,fetch date (JMA pages carry no publish date; raw/research/weather/html/<station>_<year>.html)
akita,秋田,2010,8,27.0,191.0,196.9,https://www.data.jma.go.jp/stats/etrn/view/monthly_s1.php?prec_no=32&block_no=47582&year=2010&month=&day=&view=,2026-09-05,fetch date (JMA pages carry no publish date; raw/research/weather/html/<station>_<year>.html)
akita,秋田,2010,9,21.5,168.5,162.0,https://www.data.jma.go.jp/stats/etrn/view/monthly_s1.php?prec_no=32&block_no=47582&year=2010&month=&day=&view=,2026-09-05,fetch date (JMA pages carry no publish date; raw/research/weather/html/<station>_<year>.html)
akita,秋田,2010,10,14.9,134.5,142.5,https://www.data.jma.go.jp/stats/etrn/view/monthly_s1.php?prec_no=32&block_no=47582&year=2010&month=&day=&view=,2026-09-05,fetch date (JMA pages carry no publish date; raw/research/weather/html/<station>_<year>.html)
akita,秋田,2010,11,8.6,186.5,81.4,https://www.data.jma.go.jp/stats/etrn/view/monthly_s1.php?prec_no=32&block_no=47582&year=2010&month=&day=&view=,2026-09-05,fetch date (JMA pages carry no publish date; raw/research/weather/html/<station>_<year>.html)
akita,秋田,2010,12,3.7,188.0,54.6,https://www.data.jma.go.jp/stats/etrn/view/monthly_s1.php?prec_no=32&block_no=47582&year=2010&month=&day=&view=,2026-09-05,fetch date (JMA pages carry no publish date; raw/research/weather/html/<station>_<year>.html)
akita,秋田,2011,1,-1.3,96.0,30.6,https://www.data.jma.go.jp/stats/etrn/view/monthly_s1.php?prec_no=32&block_no=47582&year=2011&month=&day=&view=,2026-09-05,fetch date (JMA pages carry no publish date; raw/research/weather/html/<station>_<year>.html)
akita,秋田,2011,2,1.1,79.0,99.2,https://www.data.jma.go.jp/stats/etrn/view/monthly_s1.php?prec_no=32&block_no=47582&year=2011&month=&day=&view=,2026-09-05,fetch date (JMA pages carry no publish date; raw/research/weather/html/<station>_<year>.html)
akita,秋田,2011,3,2.1,84.5,89.0,https://www.data.jma.go.jp/stats/etrn/view/monthly_s1.php?prec_no=32&block_no=47582&year=2011&month=&day=&view=,2026-09-05,fetch date (JMA pages carry no publish date; raw/research/weather/html/<station>_<year>.html)
akita,秋田,2011,4,8.5,152.5,153.3,https://www.data.jma.go.jp/stats/etrn/view/monthly_s1.php?prec_no=32&block_no=47582&year=2011&month=&day=&view=,2026-09-05,fetch date (JMA pages carry no publish date; raw/research/weather/html/<station>_<year>.html)
akita,秋田,2011,5,14.1,190.0,156.4,https://www.data.jma.go.jp/stats/etrn/view/monthly_s1.php?prec_no=32&block_no=47582&year=2011&month=&day=&view=,2026-09-05,fetch date (JMA pages carry no publish date; raw/research/weather/html/<station>_<year>.html)
akita,秋田,2011,6,19.2,226.0,139.5,https://www.data.jma.go.jp/stats/etrn/view/monthly_s1.php?prec_no=32&block_no=47582&year=2011&month=&day=&view=,2026-09-05,fetch date (JMA pages carry no publish date; raw/research/weather/html/<station>_<year>.html)
akita,秋田,2011,7,25.0,91.0,212.7,https://www.data.jma.go.jp/stats/etrn/view/monthly_s1.php?prec_no=32&block_no=47582&year=2011&month=&day=&view=,2026-09-05,fetch date (JMA pages carry no publish date; raw/research/weather/html/<station>_<year>.html)
akita,秋田,2011,8,25.5,125.0,188.0,https://www.data.jma.go.jp/stats/etrn/view/monthly_s1.php?prec_no=32&block_no=47582&year=2011&month=&day=&view=,2026-09-05,fetch date (JMA pages carry no publish date; raw/research/weather/html/<station>_<year>.html)
akita,秋田,2011,9,21.6,366.0,129.6,https://www.data.jma.go.jp/stats/etrn/view/monthly_s1.php?prec_no=32&block_no=47582&year=2011&month=&day=&view=,2026-09-05,fetch date (JMA pages carry no publish date; raw/research/weather/html/<station>_<year>.html)
akita,秋田,2011,10,14.8,117.0,143.4,https://www.data.jma.go.jp/stats/etrn/view/monthly_s1.php?prec_no=32&block_no=47582&year=2011&month=&day=&view=,2026-09-05,fetch date (JMA pages carry no publish date; raw/research/weather/html/<station>_<year>.html)
akita,秋田,2011,11,9.6,156.0,93.8,https://www.data.jma.go.jp/stats/etrn/view/monthly_s1.php?prec_no=32&block_no=47582&year=2011&month=&day=&view=,2026-09-05,fetch date (JMA pages carry no publish date; raw/research/weather/html/<station>_<year>.html)
akita,秋田,2011,12,1.8,151.0,30.8,https://www.data.jma.go.jp/stats/etrn/view/monthly_s1.php?prec_no=32&block_no=47582&year=2011&month=&day=&view=,2026-09-05,fetch date (JMA pages carry no publish date; raw/research/weather/html/<station>_<year>.html)
akita,秋田,2012,1,-1.1,67.5,34.6,https://www.data.jma.go.jp/stats/etrn/view/monthly_s1.php?prec_no=32&block_no=47582&year=2012&month=&day=&view=,2026-09-05,fetch date (JMA pages carry no publish date; raw/research/weather/html/<station>_<year>.html)
akita,秋田,2012,2,-1.0,65.5,63.1,https://www.data.jma.go.jp/stats/etrn/view/monthly_s1.php?prec_no=32&block_no=47582&year=2012&month=&day=&view=,2026-09-05,fetch date (JMA pages carry no publish date; raw/research/weather/html/<station>_<year>.html)
akita,秋田,2012,3,3.3,185.0,102.3,https://www.data.jma.go.jp/stats/etrn/view/monthly_s1.php?prec_no=32&block_no=47582&year=2012&month=&day=&view=,2026-09-05,fetch date (JMA pages carry no publish date; raw/research/weather/html/<station>_<year>.html)
akita,秋田,2012,4,9.7,113.0,184.6,https://www.data.jma.go.jp/stats/etrn/view/monthly_s1.php?prec_no=32&block_no=47582&year=2012&month=&day=&view=,2026-09-05,fetch date (JMA pages carry no publish date; raw/research/weather/html/<station>_<year>.html)
akita,秋田,2012,5,15.2,106.5,169.6,https://www.data.jma.go.jp/stats/etrn/view/monthly_s1.php?prec_no=32&block_no=47582&year=2012&month=&day=&view=,2026-09-05,fetch date (JMA pages carry no publish date; raw/research/weather/html/<station>_<year>.html)
akita,秋田,2012,6,19.7,34.5,243.7,https://www.data.jma.go.jp/stats/etrn/view/monthly_s1.php?prec_no=32&block_no=47582&year=2012&month=&day=&view=,2026-09-05,fetch date (JMA pages carry no publish date; raw/research/weather/html/<station>_<year>.html)
akita,秋田,2012,7,23.6,207.5,175.8,https://www.data.jma.go.jp/stats/etrn/view/monthly_s1.php?prec_no=32&block_no=47582&year=2012&month=&day=&view=,2026-09-05,fetch date (JMA pages carry no publish date; raw/research/weather/html/<station>_<year>.html)
akita,秋田,2012,8,26.8,79.0,272.7,https://www.data.jma.go.jp/stats/etrn/view/monthly_s1.php?prec_no=32&block_no=47582&year=2012&month=&day=&view=,2026-09-05,fetch date (JMA pages carry no publish date; raw/research/weather/html/<station>_<year>.html)
akita,秋田,2012,9,24.2,159.0,191.3,https://www.data.jma.go.jp/stats/etrn/view/monthly_s1.php?prec_no=32&block_no=47582&year=2012&month=&day=&view=,2026-09-05,fetch date (JMA pages carry no publish date; raw/research/weather/html/<station>_<year>.html)
akita,秋田,2012,10,15.4,191.5,161.9,https://www.data.jma.go.jp/stats/etrn/view/monthly_s1.php?prec_no=32&block_no=47582&year=2012&month=&day=&view=,2026-09-05,fetch date (JMA pages carry no publish date; raw/research/weather/html/<station>_<year>.html)
akita,秋田,2012,11,8.1,364.5,48.1,https://www.data.jma.go.jp/stats/etrn/view/monthly_s1.php?prec_no=32&block_no=47582&year=2012&month=&day=&view=,2026-09-05,fetch date (JMA pages carry no publish date; raw/research/weather/html/<station>_<year>.html)
akita,秋田,2012,12,1.2,169.0,36.6,https://www.data.jma.go.jp/stats/etrn/view/monthly_s1.php?prec_no=32&block_no=47582&year=2012&month=&day=&view=,2026-09-05,fetch date (JMA pages carry no publish date; raw/research/weather/html/<station>_<year>.html)
akita,秋田,2013,1,-0.9,138.0,39.8,https://www.data.jma.go.jp/stats/etrn/view/monthly_s1.php?prec_no=32&block_no=47582&year=2013&month=&day=&view=,2026-09-05,fetch date (JMA pages carry no publish date; raw/research/weather/html/<station>_<year>.html)
akita,秋田,2013,2,-0.5,92.5,51.3,https://www.data.jma.go.jp/stats/etrn/view/monthly_s1.php?prec_no=32&block_no=47582&year=2013&month=&day=&view=,2026-09-05,fetch date (JMA pages carry no publish date; raw/research/weather/html/<station>_<year>.html)
akita,秋田,2013,3,3.5,75.0,95.4,https://www.data.jma.go.jp/stats/etrn/view/monthly_s1.php?prec_no=32&block_no=47582&year=2013&month=&day=&view=,2026-09-05,fetch date (JMA pages carry no publish date; raw/research/weather/html/<station>_<year>.html)
akita,秋田,2013,4,8.4,131.5,155.3,https://www.data.jma.go.jp/stats/etrn/view/monthly_s1.php?prec_no=32&block_no=47582&year=2013&month=&day=&view=,2026-09-05,fetch date (JMA pages carry no publish date; raw/research/weather/html/<station>_<year>.html)
akita,秋田,2013,5,14.5,73.5,152.7,https://www.data.jma.go.jp/stats/etrn/view/monthly_s1.php?prec_no=32&block_no=47582&year=2013&month=&day=&view=,2026-09-05,fetch date (JMA pages carry no publish date; raw/research/weather/html/<station>_<year>.html)
akita,秋田,2013,6,21.4,19.0,269.7,https://www.data.jma.go.jp/stats/etrn/view/monthly_s1.php?prec_no=32&block_no=47582&year=2013&month=&day=&view=,2026-09-05,fetch date (JMA pages carry no publish date; raw/research/weather/html/<station>_<year>.html)
akita,秋田,2013,7,23.4,543.0,100.3,https://www.data.jma.go.jp/stats/etrn/view/monthly_s1.php?prec_no=32&block_no=47582&year=2013&month=&day=&view=,2026-09-05,fetch date (JMA pages carry no publish date; raw/research/weather/html/<station>_<year>.html)
akita,秋田,2013,8,25.4,236.0,186.1,https://www.data.jma.go.jp/stats/etrn/view/monthly_s1.php?prec_no=32&block_no=47582&year=2013&month=&day=&view=,2026-09-05,fetch date (JMA pages carry no publish date; raw/research/weather/html/<station>_<year>.html)
akita,秋田,2013,9,21.2,257.0,169.8,https://www.data.jma.go.jp/stats/etrn/view/monthly_s1.php?prec_no=32&block_no=47582&year=2013&month=&day=&view=,2026-09-05,fetch date (JMA pages carry no publish date; raw/research/weather/html/<station>_<year>.html)
akita,秋田,2013,10,15.8,271.0,118.3,https://www.data.jma.go.jp/stats/etrn/view/monthly_s1.php?prec_no=32&block_no=47582&year=2013&month=&day=&view=,2026-09-05,fetch date (JMA pages carry no publish date; raw/research/weather/html/<station>_<year>.html)
akita,秋田,2013,11,7.4,342.5,83.6,https://www.data.jma.go.jp/stats/etrn/view/monthly_s1.php?prec_no=32&block_no=47582&year=2013&month=&day=&view=,2026-09-05,fetch date (JMA pages carry no publish date; raw/research/weather/html/<station>_<year>.html)
akita,秋田,2013,12,3.1,194.0,47.1,https://www.data.jma.go.jp/stats/etrn/view/monthly_s1.php?prec_no=32&block_no=47582&year=2013&month=&day=&view=,2026-09-05,fetch date (JMA pages carry no publish date; raw/research/weather/html/<station>_<year>.html)
akita,秋田,2014,1,0.0,143.0,29.4,https://www.data.jma.go.jp/stats/etrn/view/monthly_s1.php?prec_no=32&block_no=47582&year=2014&month=&day=&view=,2026-09-05,fetch date (JMA pages carry no publish date; raw/research/weather/html/<station>_<year>.html)
akita,秋田,2014,2,-0.1,93.5,54.6,https://www.data.jma.go.jp/stats/etrn/view/monthly_s1.php?prec_no=32&block_no=47582&year=2014&month=&day=&view=,2026-09-05,fetch date (JMA pages carry no publish date; raw/research/weather/html/<station>_<year>.html)
akita,秋田,2014,3,3.9,150.0,109.5,https://www.data.jma.go.jp/stats/etrn/view/monthly_s1.php?prec_no=32&block_no=47582&year=2014&month=&day=&view=,2026-09-05,fetch date (JMA pages carry no publish date; raw/research/weather/html/<station>_<year>.html)
akita,秋田,2014,4,9.7,20.0,252.4,https://www.data.jma.go.jp/stats/etrn/view/monthly_s1.php?prec_no=32&block_no=47582&year=2014&month=&day=&view=,2026-09-05,fetch date (JMA pages carry no publish date; raw/research/weather/html/<station>_<year>.html)
akita,秋田,2014,5,15.5,120.0,166.8,https://www.data.jma.go.jp/stats/etrn/view/monthly_s1.php?prec_no=32&block_no=47582&year=2014&month=&day=&view=,2026-09-05,fetch date (JMA pages carry no publish date; raw/research/weather/html/<station>_<year>.html)
akita,秋田,2014,6,21.5,120.5,197.5,https://www.data.jma.go.jp/stats/etrn/view/monthly_s1.php?prec_no=32&block_no=47582&year=2014&month=&day=&view=,2026-09-05,fetch date (JMA pages carry no publish date; raw/research/weather/html/<station>_<year>.html)
akita,秋田,2014,7,24.4,126.0,198.3,https://www.data.jma.go.jp/stats/etrn/view/monthly_s1.php?prec_no=32&block_no=47582&year=2014&month=&day=&view=,2026-09-05,fetch date (JMA pages carry no publish date; raw/research/weather/html/<station>_<year>.html)
akita,秋田,2014,8,24.6,342.0,113.1,https://www.data.jma.go.jp/stats/etrn/view/monthly_s1.php?prec_no=32&block_no=47582&year=2014&month=&day=&view=,2026-09-05,fetch date (JMA pages carry no publish date; raw/research/weather/html/<station>_<year>.html)
akita,秋田,2014,9,20.1,108.0,229.2,https://www.data.jma.go.jp/stats/etrn/view/monthly_s1.php?prec_no=32&block_no=47582&year=2014&month=&day=&view=,2026-09-05,fetch date (JMA pages carry no publish date; raw/research/weather/html/<station>_<year>.html)
akita,秋田,2014,10,13.6,220.5,172.2,https://www.data.jma.go.jp/stats/etrn/view/monthly_s1.php?prec_no=32&block_no=47582&year=2014&month=&day=&view=,2026-09-05,fetch date (JMA pages carry no publish date; raw/research/weather/html/<station>_<year>.html)
akita,秋田,2014,11,9.1,99.0,106.7,https://www.data.jma.go.jp/stats/etrn/view/monthly_s1.php?prec_no=32&block_no=47582&year=2014&month=&day=&view=,2026-09-05,fetch date (JMA pages carry no publish date; raw/research/weather/html/<station>_<year>.html)
akita,秋田,2014,12,1.4,195.0,17.6,https://www.data.jma.go.jp/stats/etrn/view/monthly_s1.php?prec_no=32&block_no=47582&year=2014&month=&day=&view=,2026-09-05,fetch date (JMA pages carry no publish date; raw/research/weather/html/<station>_<year>.html)
akita,秋田,2015,1,1.2,69.0,40.2,https://www.data.jma.go.jp/stats/etrn/view/monthly_s1.php?prec_no=32&block_no=47582&year=2015&month=&day=&view=,2026-09-05,fetch date (JMA pages carry no publish date; raw/research/weather/html/<station>_<year>.html)
akita,秋田,2015,2,2.3,70.0,88.7,https://www.data.jma.go.jp/stats/etrn/view/monthly_s1.php?prec_no=32&block_no=47582&year=2015&month=&day=&view=,2026-09-05,fetch date (JMA pages carry no publish date; raw/research/weather/html/<station>_<year>.html)
akita,秋田,2015,3,5.7,103.5,133.2,https://www.data.jma.go.jp/stats/etrn/view/monthly_s1.php?prec_no=32&block_no=47582&year=2015&month=&day=&view=,2026-09-05,fetch date (JMA pages carry no publish date; raw/research/weather/html/<station>_<year>.html)
akita,秋田,2015,4,10.9,130.5,198.5,https://www.data.jma.go.jp/stats/etrn/view/monthly_s1.php?prec_no=32&block_no=47582&year=2015&month=&day=&view=,2026-09-05,fetch date (JMA pages carry no publish date; raw/research/weather/html/<station>_<year>.html)
akita,秋田,2015,5,16.7,65.5,230.1,https://www.data.jma.go.jp/stats/etrn/view/monthly_s1.php?prec_no=32&block_no=47582&year=2015&month=&day=&view=,2026-09-05,fetch date (JMA pages carry no publish date; raw/research/weather/html/<station>_<year>.html)
akita,秋田,2015,6,19.9,114.5,202.8,https://www.data.jma.go.jp/stats/etrn/view/monthly_s1.php?prec_no=32&block_no=47582&year=2015&month=&day=&view=,2026-09-05,fetch date (JMA pages carry no publish date; raw/research/weather/html/<station>_<year>.html)
akita,秋田,2015,7,23.8,199.0,183.5,https://www.data.jma.go.jp/stats/etrn/view/monthly_s1.php?prec_no=32&block_no=47582&year=2015&month=&day=&view=,2026-09-05,fetch date (JMA pages carry no publish date; raw/research/weather/html/<station>_<year>.html)
akita,秋田,2015,8,24.8,146.0,167.1,https://www.data.jma.go.jp/stats/etrn/view/monthly_s1.php?prec_no=32&block_no=47582&year=2015&month=&day=&view=,2026-09-05,fetch date (JMA pages carry no publish date; raw/research/weather/html/<station>_<year>.html)
akita,秋田,2015,9,20.1,146.5,149.2,https://www.data.jma.go.jp/stats/etrn/view/monthly_s1.php?prec_no=32&block_no=47582&year=2015&month=&day=&view=,2026-09-05,fetch date (JMA pages carry no publish date; raw/research/weather/html/<station>_<year>.html)
akita,秋田,2015,10,13.4,155.5,171.7,https://www.data.jma.go.jp/stats/etrn/view/monthly_s1.php?prec_no=32&block_no=47582&year=2015&month=&day=&view=,2026-09-05,fetch date (JMA pages carry no publish date; raw/research/weather/html/<station>_<year>.html)
akita,秋田,2015,11,9.4,166.5,82.9,https://www.data.jma.go.jp/stats/etrn/view/monthly_s1.php?prec_no=32&block_no=47582&year=2015&month=&day=&view=,2026-09-05,fetch date (JMA pages carry no publish date; raw/research/weather/html/<station>_<year>.html)
akita,秋田,2015,12,4.3,124.0,64.7,https://www.data.jma.go.jp/stats/etrn/view/monthly_s1.php?prec_no=32&block_no=47582&year=2015&month=&day=&view=,2026-09-05,fetch date (JMA pages carry no publish date; raw/research/weather/html/<station>_<year>.html)
akita,秋田,2016,1,0.7,95.0,31.0,https://www.data.jma.go.jp/stats/etrn/view/monthly_s1.php?prec_no=32&block_no=47582&year=2016&month=&day=&view=,2026-09-05,fetch date (JMA pages carry no publish date; raw/research/weather/html/<station>_<year>.html)
akita,秋田,2016,2,0.9,209.0,58.6,https://www.data.jma.go.jp/stats/etrn/view/monthly_s1.php?prec_no=32&block_no=47582&year=2016&month=&day=&view=,2026-09-05,fetch date (JMA pages carry no publish date; raw/research/weather/html/<station>_<year>.html)
akita,秋田,2016,3,5.1,96.0,167.6,https://www.data.jma.go.jp/stats/etrn/view/monthly_s1.php?prec_no=32&block_no=47582&year=2016&month=&day=&view=,2026-09-05,fetch date (JMA pages carry no publish date; raw/research/weather/html/<station>_<year>.html)
akita,秋田,2016,4,10.2,149.0,171.2,https://www.data.jma.go.jp/stats/etrn/view/monthly_s1.php?prec_no=32&block_no=47582&year=2016&month=&day=&view=,2026-09-05,fetch date (JMA pages carry no publish date; raw/research/weather/html/<station>_<year>.html)
akita,秋田,2016,5,17.1,146.0,220.3,https://www.data.jma.go.jp/stats/etrn/view/monthly_s1.php?prec_no=32&block_no=47582&year=2016&month=&day=&view=,2026-09-05,fetch date (JMA pages carry no publish date; raw/research/weather/html/<station>_<year>.html)
akita,秋田,2016,6,19.7,113.5,152.2,https://www.data.jma.go.jp/stats/etrn/view/monthly_s1.php?prec_no=32&block_no=47582&year=2016&month=&day=&view=,2026-09-05,fetch date (JMA pages carry no publish date; raw/research/weather/html/<station>_<year>.html)
akita,秋田,2016,7,23.5,102.0,177.7,https://www.data.jma.go.jp/stats/etrn/view/monthly_s1.php?prec_no=32&block_no=47582&year=2016&month=&day=&view=,2026-09-05,fetch date (JMA pages carry no publish date; raw/research/weather/html/<station>_<year>.html)
akita,秋田,2016,8,26.4,261.0,261.4,https://www.data.jma.go.jp/stats/etrn/view/monthly_s1.php?prec_no=32&block_no=47582&year=2016&month=&day=&view=,2026-09-05,fetch date (JMA pages carry no publish date; raw/research/weather/html/<station>_<year>.html)
akita,秋田,2016,9,22.3,100.0,146.4,https://www.data.jma.go.jp/stats/etrn/view/monthly_s1.php?prec_no=32&block_no=47582&year=2016&month=&day=&view=,2026-09-05,fetch date (JMA pages carry no publish date; raw/research/weather/html/<station>_<year>.html)
akita,秋田,2016,10,13.8,196.0,154.6,https://www.data.jma.go.jp/stats/etrn/view/monthly_s1.php?prec_no=32&block_no=47582&year=2016&month=&day=&view=,2026-09-05,fetch date (JMA pages carry no publish date; raw/research/weather/html/<station>_<year>.html)
akita,秋田,2016,11,6.5,161.0,70.0,https://www.data.jma.go.jp/stats/etrn/view/monthly_s1.php?prec_no=32&block_no=47582&year=2016&month=&day=&view=,2026-09-05,fetch date (JMA pages carry no publish date; raw/research/weather/html/<station>_<year>.html)
akita,秋田,2016,12,3.7,167.0,62.5,https://www.data.jma.go.jp/stats/etrn/view/monthly_s1.php?prec_no=32&block_no=47582&year=2016&month=&day=&view=,2026-09-05,fetch date (JMA pages carry no publish date; raw/research/weather/html/<station>_<year>.html)
akita,秋田,2017,1,0.6,134.0,58.2,https://www.data.jma.go.jp/stats/etrn/view/monthly_s1.php?prec_no=32&block_no=47582&year=2017&month=&day=&view=,2026-09-05,fetch date (JMA pages carry no publish date; raw/research/weather/html/<station>_<year>.html)
akita,秋田,2017,2,1.3,187.0,43.8,https://www.data.jma.go.jp/stats/etrn/view/monthly_s1.php?prec_no=32&block_no=47582&year=2017&month=&day=&view=,2026-09-05,fetch date (JMA pages carry no publish date; raw/research/weather/html/<station>_<year>.html)
akita,秋田,2017,3,3.9,49.0,148.0,https://www.data.jma.go.jp/stats/etrn/view/monthly_s1.php?prec_no=32&block_no=47582&year=2017&month=&day=&view=,2026-09-05,fetch date (JMA pages carry no publish date; raw/research/weather/html/<station>_<year>.html)
akita,秋田,2017,4,10.0,115.5,172.9,https://www.data.jma.go.jp/stats/etrn/view/monthly_s1.php?prec_no=32&block_no=47582&year=2017&month=&day=&view=,2026-09-05,fetch date (JMA pages carry no publish date; raw/research/weather/html/<station>_<year>.html)
akita,秋田,2017,5,16.1,91.5,218.6,https://www.data.jma.go.jp/stats/etrn/view/monthly_s1.php?prec_no=32&block_no=47582&year=2017&month=&day=&view=,2026-09-05,fetch date (JMA pages carry no publish date; raw/research/weather/html/<station>_<year>.html)
akita,秋田,2017,6,17.6,138.5,184.4,https://www.data.jma.go.jp/stats/etrn/view/monthly_s1.php?prec_no=32&block_no=47582&year=2017&month=&day=&view=,2026-09-05,fetch date (JMA pages carry no publish date; raw/research/weather/html/<station>_<year>.html)
akita,秋田,2017,7,24.6,261.0,188.4,https://www.data.jma.go.jp/stats/etrn/view/monthly_s1.php?prec_no=32&block_no=47582&year=2017&month=&day=&view=,2026-09-05,fetch date (JMA pages carry no publish date; raw/research/weather/html/<station>_<year>.html)
akita,秋田,2017,8,24.9,234.5,189.6,https://www.data.jma.go.jp/stats/etrn/view/monthly_s1.php?prec_no=32&block_no=47582&year=2017&month=&day=&view=,2026-09-05,fetch date (JMA pages carry no publish date; raw/research/weather/html/<station>_<year>.html)
akita,秋田,2017,9,20.1,164.0,186.5,https://www.data.jma.go.jp/stats/etrn/view/monthly_s1.php?prec_no=32&block_no=47582&year=2017&month=&day=&view=,2026-09-05,fetch date (JMA pages carry no publish date; raw/research/weather/html/<station>_<year>.html)
akita,秋田,2017,10,14.0,202.0,98.8,https://www.data.jma.go.jp/stats/etrn/view/monthly_s1.php?prec_no=32&block_no=47582&year=2017&month=&day=&view=,2026-09-05,fetch date (JMA pages carry no publish date; raw/research/weather/html/<station>_<year>.html)
akita,秋田,2017,11,7.9,183.0,78.5,https://www.data.jma.go.jp/stats/etrn/view/monthly_s1.php?prec_no=32&block_no=47582&year=2017&month=&day=&view=,2026-09-05,fetch date (JMA pages carry no publish date; raw/research/weather/html/<station>_<year>.html)
akita,秋田,2017,12,1.6,175.0,32.7,https://www.data.jma.go.jp/stats/etrn/view/monthly_s1.php?prec_no=32&block_no=47582&year=2017&month=&day=&view=,2026-09-05,fetch date (JMA pages carry no publish date; raw/research/weather/html/<station>_<year>.html)
akita,秋田,2018,1,0.2,113.0,33.6,https://www.data.jma.go.jp/stats/etrn/view/monthly_s1.php?prec_no=32&block_no=47582&year=2018&month=&day=&view=,2026-09-05,fetch date (JMA pages carry no publish date; raw/research/weather/html/<station>_<year>.html)
akita,秋田,2018,2,-0.9,107.5,71.3,https://www.data.jma.go.jp/stats/etrn/view/monthly_s1.php?prec_no=32&block_no=47582&year=2018&month=&day=&view=,2026-09-05,fetch date (JMA pages carry no publish date; raw/research/weather/html/<station>_<year>.html)
akita,秋田,2018,3,5.2,131.0,119.3,https://www.data.jma.go.jp/stats/etrn/view/monthly_s1.php?prec_no=32&block_no=47582&year=2018&month=&day=&view=,2026-09-05,fetch date (JMA pages carry no publish date; raw/research/weather/html/<station>_<year>.html)
akita,秋田,2018,4,10.3,143.0,137.5,https://www.data.jma.go.jp/stats/etrn/view/monthly_s1.php?prec_no=32&block_no=47582&year=2018&month=&day=&view=,2026-09-05,fetch date (JMA pages carry no publish date; raw/research/weather/html/<station>_<year>.html)
akita,秋田,2018,5,15.6,288.5,162.3,https://www.data.jma.go.jp/stats/etrn/view/monthly_s1.php?prec_no=32&block_no=47582&year=2018&month=&day=&view=,2026-09-05,fetch date (JMA pages carry no publish date; raw/research/weather/html/<station>_<year>.html)
akita,秋田,2018,6,19.6,156.0,167.2,https://www.data.jma.go.jp/stats/etrn/view/monthly_s1.php?prec_no=32&block_no=47582&year=2018&month=&day=&view=,2026-09-05,fetch date (JMA pages carry no publish date; raw/research/weather/html/<station>_<year>.html)
akita,秋田,2018,7,25.3,204.5,168.3,https://www.data.jma.go.jp/stats/etrn/view/monthly_s1.php?prec_no=32&block_no=47582&year=2018&month=&day=&view=,2026-09-05,fetch date (JMA pages carry no publish date; raw/research/weather/html/<station>_<year>.html)
akita,秋田,2018,8,25.0,220.5,181.5,https://www.data.jma.go.jp/stats/etrn/view/monthly_s1.php?prec_no=32&block_no=47582&year=2018&month=&day=&view=,2026-09-05,fetch date (JMA pages carry no publish date; raw/research/weather/html/<station>_<year>.html)
akita,秋田,2018,9,20.5,248.0,159.6,https://www.data.jma.go.jp/stats/etrn/view/monthly_s1.php?prec_no=32&block_no=47582&year=2018&month=&day=&view=,2026-09-05,fetch date (JMA pages carry no publish date; raw/research/weather/html/<station>_<year>.html)
akita,秋田,2018,10,15.3,178.5,157.1,https://www.data.jma.go.jp/stats/etrn/view/monthly_s1.php?prec_no=32&block_no=47582&year=2018&month=&day=&view=,2026-09-05,fetch date (JMA pages carry no publish date; raw/research/weather/html/<station>_<year>.html)
akita,秋田,2018,11,9.2,81.5,118.6,https://www.data.jma.go.jp/stats/etrn/view/monthly_s1.php?prec_no=32&block_no=47582&year=2018&month=&day=&view=,2026-09-05,fetch date (JMA pages carry no publish date; raw/research/weather/html/<station>_<year>.html)
akita,秋田,2018,12,2.7,144.5,49.9,https://www.data.jma.go.jp/stats/etrn/view/monthly_s1.php?prec_no=32&block_no=47582&year=2018&month=&day=&view=,2026-09-05,fetch date (JMA pages carry no publish date; raw/research/weather/html/<station>_<year>.html)
akita,秋田,2019,1,0.9,86.0,44.4,https://www.data.jma.go.jp/stats/etrn/view/monthly_s1.php?prec_no=32&block_no=47582&year=2019&month=&day=&view=,2026-09-05,fetch date (JMA pages carry no publish date; raw/research/weather/html/<station>_<year>.html)
akita,秋田,2019,2,1.5,66.5,69.2,https://www.data.jma.go.jp/stats/etrn/view/monthly_s1.php?prec_no=32&block_no=47582&year=2019&month=&day=&view=,2026-09-05,fetch date (JMA pages carry no publish date; raw/research/weather/html/<station>_<year>.html)
akita,秋田,2019,3,5.4,59.5,142.3,https://www.data.jma.go.jp/stats/etrn/view/monthly_s1.php?prec_no=32&block_no=47582&year=2019&month=&day=&view=,2026-09-05,fetch date (JMA pages carry no publish date; raw/research/weather/html/<station>_<year>.html)
akita,秋田,2019,4,9.4,77.5,179.7,https://www.data.jma.go.jp/stats/etrn/view/monthly_s1.php?prec_no=32&block_no=47582&year=2019&month=&day=&view=,2026-09-05,fetch date (JMA pages carry no publish date; raw/research/weather/html/<station>_<year>.html)
akita,秋田,2019,5,16.8,37.0,291.9,https://www.data.jma.go.jp/stats/etrn/view/monthly_s1.php?prec_no=32&block_no=47582&year=2019&month=&day=&view=,2026-09-05,fetch date (JMA pages carry no publish date; raw/research/weather/html/<station>_<year>.html)
akita,秋田,2019,6,19.9,191.0,194.3,https://www.data.jma.go.jp/stats/etrn/view/monthly_s1.php?prec_no=32&block_no=47582&year=2019&month=&day=&view=,2026-09-05,fetch date (JMA pages carry no publish date; raw/research/weather/html/<station>_<year>.html)
akita,秋田,2019,7,24.3,88.5,198.4,https://www.data.jma.go.jp/stats/etrn/view/monthly_s1.php?prec_no=32&block_no=47582&year=2019&month=&day=&view=,2026-09-05,fetch date (JMA pages carry no publish date; raw/research/weather/html/<station>_<year>.html)
akita,秋田,2019,8,26.5,240.0,218.9,https://www.data.jma.go.jp/stats/etrn/view/monthly_s1.php?prec_no=32&block_no=47582&year=2019&month=&day=&view=,2026-09-05,fetch date (JMA pages carry no publish date; raw/research/weather/html/<station>_<year>.html)
akita,秋田,2019,9,22.0,101.5,186.2,https://www.data.jma.go.jp/stats/etrn/view/monthly_s1.php?prec_no=32&block_no=47582&year=2019&month=&day=&view=,2026-09-05,fetch date (JMA pages carry no publish date; raw/research/weather/html/<station>_<year>.html)
akita,秋田,2019,10,16.0,240.0,151.8,https://www.data.jma.go.jp/stats/etrn/view/monthly_s1.php?prec_no=32&block_no=47582&year=2019&month=&day=&view=,2026-09-05,fetch date (JMA pages carry no publish date; raw/research/weather/html/<station>_<year>.html)
akita,秋田,2019,11,8.1,165.5,91.6,https://www.data.jma.go.jp/stats/etrn/view/monthly_s1.php?prec_no=32&block_no=47582&year=2019&month=&day=&view=,2026-09-05,fetch date (JMA pages carry no publish date; raw/research/weather/html/<station>_<year>.html)
akita,秋田,2019,12,3.6,213.5,65.0,https://www.data.jma.go.jp/stats/etrn/view/monthly_s1.php?prec_no=32&block_no=47582&year=2019&month=&day=&view=,2026-09-05,fetch date (JMA pages carry no publish date; raw/research/weather/html/<station>_<year>.html)
akita,秋田,2020,1,2.3,119.0,65.5,https://www.data.jma.go.jp/stats/etrn/view/monthly_s1.php?prec_no=32&block_no=47582&year=2020&month=&day=&view=,2026-09-05,fetch date (JMA pages carry no publish date; raw/research/weather/html/<station>_<year>.html)
akita,秋田,2020,2,2.5,148.5,83.0,https://www.data.jma.go.jp/stats/etrn/view/monthly_s1.php?prec_no=32&block_no=47582&year=2020&month=&day=&view=,2026-09-05,fetch date (JMA pages carry no publish date; raw/research/weather/html/<station>_<year>.html)
akita,秋田,2020,3,6.4,122.5,167.2,https://www.data.jma.go.jp/stats/etrn/view/monthly_s1.php?prec_no=32&block_no=47582&year=2020&month=&day=&view=,2026-09-05,fetch date (JMA pages carry no publish date; raw/research/weather/html/<station>_<year>.html)
akita,秋田,2020,4,8.6,116.5,135.8,https://www.data.jma.go.jp/stats/etrn/view/monthly_s1.php?prec_no=32&block_no=47582&year=2020&month=&day=&view=,2026-09-05,fetch date (JMA pages carry no publish date; raw/research/weather/html/<station>_<year>.html)
akita,秋田,2020,5,15.5,112.0,161.6,https://www.data.jma.go.jp/stats/etrn/view/monthly_s1.php?prec_no=32&block_no=47582&year=2020&month=&day=&view=,2026-09-05,fetch date (JMA pages carry no publish date; raw/research/weather/html/<station>_<year>.html)
akita,秋田,2020,6,20.9,125.0,210.5,https://www.data.jma.go.jp/stats/etrn/view/monthly_s1.php?prec_no=32&block_no=47582&year=2020&month=&day=&view=,2026-09-05,fetch date (JMA pages carry no publish date; raw/research/weather/html/<station>_<year>.html)
akita,秋田,2020,7,23.0,337.0,104.7,https://www.data.jma.go.jp/stats/etrn/view/monthly_s1.php?prec_no=32&block_no=47582&year=2020&month=&day=&view=,2026-09-05,fetch date (JMA pages carry no publish date; raw/research/weather/html/<station>_<year>.html)
akita,秋田,2020,8,26.2,145.0,185.1,https://www.data.jma.go.jp/stats/etrn/view/monthly_s1.php?prec_no=32&block_no=47582&year=2020&month=&day=&view=,2026-09-05,fetch date (JMA pages carry no publish date; raw/research/weather/html/<station>_<year>.html)
akita,秋田,2020,9,22.9,297.0,203.9,https://www.data.jma.go.jp/stats/etrn/view/monthly_s1.php?prec_no=32&block_no=47582&year=2020&month=&day=&view=,2026-09-05,fetch date (JMA pages carry no publish date; raw/research/weather/html/<station>_<year>.html)
akita,秋田,2020,10,14.5,147.5,107.7,https://www.data.jma.go.jp/stats/etrn/view/monthly_s1.php?prec_no=32&block_no=47582&year=2020&month=&day=&view=,2026-09-05,fetch date (JMA pages carry no publish date; raw/research/weather/html/<station>_<year>.html)
akita,秋田,2020,11,8.9,205.0,73.2,https://www.data.jma.go.jp/stats/etrn/view/monthly_s1.php?prec_no=32&block_no=47582&year=2020&month=&day=&view=,2026-09-05,fetch date (JMA pages carry no publish date; raw/research/weather/html/<station>_<year>.html)
akita,秋田,2020,12,2.3,147.5,37.5,https://www.data.jma.go.jp/stats/etrn/view/monthly_s1.php?prec_no=32&block_no=47582&year=2020&month=&day=&view=,2026-09-05,fetch date (JMA pages carry no publish date; raw/research/weather/html/<station>_<year>.html)
akita,秋田,2021,1,-0.4,147.0,51.0,https://www.data.jma.go.jp/stats/etrn/view/monthly_s1.php?prec_no=32&block_no=47582&year=2021&month=&day=&view=,2026-09-05,fetch date (JMA pages carry no publish date; raw/research/weather/html/<station>_<year>.html)
akita,秋田,2021,2,1.7,127.5,66.5,https://www.data.jma.go.jp/stats/etrn/view/monthly_s1.php?prec_no=32&block_no=47582&year=2021&month=&day=&view=,2026-09-05,fetch date (JMA pages carry no publish date; raw/research/weather/html/<station>_<year>.html)
akita,秋田,2021,3,6.5,155.5,131.7,https://www.data.jma.go.jp/stats/etrn/view/monthly_s1.php?prec_no=32&block_no=47582&year=2021&month=&day=&view=,2026-09-05,fetch date (JMA pages carry no publish date; raw/research/weather/html/<station>_<year>.html)
akita,秋田,2021,4,10.1,114.5,209.0,https://www.data.jma.go.jp/stats/etrn/view/monthly_s1.php?prec_no=32&block_no=47582&year=2021&month=&day=&view=,2026-09-05,fetch date (JMA pages carry no publish date; raw/research/weather/html/<station>_<year>.html)
akita,秋田,2021,5,15.4,213.5,156.0,https://www.data.jma.go.jp/stats/etrn/view/monthly_s1.php?prec_no=32&block_no=47582&year=2021&month=&day=&view=,2026-09-05,fetch date (JMA pages carry no publish date; raw/research/weather/html/<station>_<year>.html)
akita,秋田,2021,6,20.8,76.0,243.2,https://www.data.jma.go.jp/stats/etrn/view/monthly_s1.php?prec_no=32&block_no=47582&year=2021&month=&day=&view=,2026-09-05,fetch date (JMA pages carry no publish date; raw/research/weather/html/<station>_<year>.html)
akita,秋田,2021,7,26.0,250.0,259.4,https://www.data.jma.go.jp/stats/etrn/view/monthly_s1.php?prec_no=32&block_no=47582&year=2021&month=&day=&view=,2026-09-05,fetch date (JMA pages carry no publish date; raw/research/weather/html/<station>_<year>.html)
akita,秋田,2021,8,25.5,172.5,158.9,https://www.data.jma.go.jp/stats/etrn/view/monthly_s1.php?prec_no=32&block_no=47582&year=2021&month=&day=&view=,2026-09-05,fetch date (JMA pages carry no publish date; raw/research/weather/html/<station>_<year>.html)
akita,秋田,2021,9,21.0,76.0,205.1,https://www.data.jma.go.jp/stats/etrn/view/monthly_s1.php?prec_no=32&block_no=47582&year=2021&month=&day=&view=,2026-09-05,fetch date (JMA pages carry no publish date; raw/research/weather/html/<station>_<year>.html)
akita,秋田,2021,10,14.8,153.5,130.8,https://www.data.jma.go.jp/stats/etrn/view/monthly_s1.php?prec_no=32&block_no=47582&year=2021&month=&day=&view=,2026-09-05,fetch date (JMA pages carry no publish date; raw/research/weather/html/<station>_<year>.html)
akita,秋田,2021,11,10.1,224.0,103.2,https://www.data.jma.go.jp/stats/etrn/view/monthly_s1.php?prec_no=32&block_no=47582&year=2021&month=&day=&view=,2026-09-05,fetch date (JMA pages carry no publish date; raw/research/weather/html/<station>_<year>.html)
akita,秋田,2021,12,2.8,206.5,40.9,https://www.data.jma.go.jp/stats/etrn/view/monthly_s1.php?prec_no=32&block_no=47582&year=2021&month=&day=&view=,2026-09-05,fetch date (JMA pages carry no publish date; raw/research/weather/html/<station>_<year>.html)
akita,秋田,2022,1,-0.1,170.5,36.6,https://www.data.jma.go.jp/stats/etrn/view/monthly_s1.php?prec_no=32&block_no=47582&year=2022&month=&day=&view=,2026-09-05,fetch date (JMA pages carry no publish date; raw/research/weather/html/<station>_<year>.html)
akita,秋田,2022,2,0.6,65.5,51.2,https://www.data.jma.go.jp/stats/etrn/view/monthly_s1.php?prec_no=32&block_no=47582&year=2022&month=&day=&view=,2026-09-05,fetch date (JMA pages carry no publish date; raw/research/weather/html/<station>_<year>.html)
akita,秋田,2022,3,4.8,148.5,122.6,https://www.data.jma.go.jp/stats/etrn/view/monthly_s1.php?prec_no=32&block_no=47582&year=2022&month=&day=&view=,2026-09-05,fetch date (JMA pages carry no publish date; raw/research/weather/html/<station>_<year>.html)
akita,秋田,2022,4,10.9,81.0,218.5,https://www.data.jma.go.jp/stats/etrn/view/monthly_s1.php?prec_no=32&block_no=47582&year=2022&month=&day=&view=,2026-09-05,fetch date (JMA pages carry no publish date; raw/research/weather/html/<station>_<year>.html)
akita,秋田,2022,5,16.4,86.0,258.4,https://www.data.jma.go.jp/stats/etrn/view/monthly_s1.php?prec_no=32&block_no=47582&year=2022&month=&day=&view=,2026-09-05,fetch date (JMA pages carry no publish date; raw/research/weather/html/<station>_<year>.html)
akita,秋田,2022,6,19.6,142.5,140.1,https://www.data.jma.go.jp/stats/etrn/view/monthly_s1.php?prec_no=32&block_no=47582&year=2022&month=&day=&view=,2026-09-05,fetch date (JMA pages carry no publish date; raw/research/weather/html/<station>_<year>.html)
akita,秋田,2022,7,25.6,61.5,215.3,https://www.data.jma.go.jp/stats/etrn/view/monthly_s1.php?prec_no=32&block_no=47582&year=2022&month=&day=&view=,2026-09-05,fetch date (JMA pages carry no publish date; raw/research/weather/html/<station>_<year>.html)
akita,秋田,2022,8,25.0,334.0,127.4,https://www.data.jma.go.jp/stats/etrn/view/monthly_s1.php?prec_no=32&block_no=47582&year=2022&month=&day=&view=,2026-09-05,fetch date (JMA pages carry no publish date; raw/research/weather/html/<station>_<year>.html)
akita,秋田,2022,9,22.3,131.0,197.1,https://www.data.jma.go.jp/stats/etrn/view/monthly_s1.php?prec_no=32&block_no=47582&year=2022&month=&day=&view=,2026-09-05,fetch date (JMA pages carry no publish date; raw/research/weather/html/<station>_<year>.html)
akita,秋田,2022,10,14.2,180.5,146.7,https://www.data.jma.go.jp/stats/etrn/view/monthly_s1.php?prec_no=32&block_no=47582&year=2022&month=&day=&view=,2026-09-05,fetch date (JMA pages carry no publish date; raw/research/weather/html/<station>_<year>.html)
akita,秋田,2022,11,9.8,213.0,123.0,https://www.data.jma.go.jp/stats/etrn/view/monthly_s1.php?prec_no=32&block_no=47582&year=2022&month=&day=&view=,2026-09-05,fetch date (JMA pages carry no publish date; raw/research/weather/html/<station>_<year>.html)
akita,秋田,2022,12,2.5,248.0,17.4,https://www.data.jma.go.jp/stats/etrn/view/monthly_s1.php?prec_no=32&block_no=47582&year=2022&month=&day=&view=,2026-09-05,fetch date (JMA pages carry no publish date; raw/research/weather/html/<station>_<year>.html)
akita,秋田,2023,1,0.7,85.0,42.4,https://www.data.jma.go.jp/stats/etrn/view/monthly_s1.php?prec_no=32&block_no=47582&year=2023&month=&day=&view=,2026-09-05,fetch date (JMA pages carry no publish date; raw/research/weather/html/<station>_<year>.html)
akita,秋田,2023,2,0.9,97.5,69.2,https://www.data.jma.go.jp/stats/etrn/view/monthly_s1.php?prec_no=32&block_no=47582&year=2023&month=&day=&view=,2026-09-05,fetch date (JMA pages carry no publish date; raw/research/weather/html/<station>_<year>.html)
akita,秋田,2023,3,7.5,91.0,201.9,https://www.data.jma.go.jp/stats/etrn/view/monthly_s1.php?prec_no=32&block_no=47582&year=2023&month=&day=&view=,2026-09-05,fetch date (JMA pages carry no publish date; raw/research/weather/html/<station>_<year>.html)
akita,秋田,2023,4,11.2,140.0,197.4,https://www.data.jma.go.jp/stats/etrn/view/monthly_s1.php?prec_no=32&block_no=47582&year=2023&month=&day=&view=,2026-09-05,fetch date (JMA pages carry no publish date; raw/research/weather/html/<station>_<year>.html)
akita,秋田,2023,5,15.4,189.5,231.1,https://www.data.jma.go.jp/stats/etrn/view/monthly_s1.php?prec_no=32&block_no=47582&year=2023&month=&day=&view=,2026-09-05,fetch date (JMA pages carry no publish date; raw/research/weather/html/<station>_<year>.html)
akita,秋田,2023,6,21.2,114.5,158.4,https://www.data.jma.go.jp/stats/etrn/view/monthly_s1.php?prec_no=32&block_no=47582&year=2023&month=&day=&view=,2026-09-05,fetch date (JMA pages carry no publish date; raw/research/weather/html/<station>_<year>.html)
akita,秋田,2023,7,24.9,420.5,171.6,https://www.data.jma.go.jp/stats/etrn/view/monthly_s1.php?prec_no=32&block_no=47582&year=2023&month=&day=&view=,2026-09-05,fetch date (JMA pages carry no publish date; raw/research/weather/html/<station>_<year>.html)
akita,秋田,2023,8,30.0,23.5,306.6,https://www.data.jma.go.jp/stats/etrn/view/monthly_s1.php?prec_no=32&block_no=47582&year=2023&month=&day=&view=,2026-09-05,fetch date (JMA pages carry no publish date; raw/research/weather/html/<station>_<year>.html)
akita,秋田,2023,9,24.2,289.0,173.8,https://www.data.jma.go.jp/stats/etrn/view/monthly_s1.php?prec_no=32&block_no=47582&year=2023&month=&day=&view=,2026-09-05,fetch date (JMA pages carry no publish date; raw/research/weather/html/<station>_<year>.html)
akita,秋田,2023,10,15.2,288.5,158.3,https://www.data.jma.go.jp/stats/etrn/view/monthly_s1.php?prec_no=32&block_no=47582&year=2023&month=&day=&view=,2026-09-05,fetch date (JMA pages carry no publish date; raw/research/weather/html/<station>_<year>.html)
akita,秋田,2023,11,10.1,316.0,82.1,https://www.data.jma.go.jp/stats/etrn/view/monthly_s1.php?prec_no=32&block_no=47582&year=2023&month=&day=&view=,2026-09-05,fetch date (JMA pages carry no publish date; raw/research/weather/html/<station>_<year>.html)
akita,秋田,2023,12,3.3,153.5,43.4,https://www.data.jma.go.jp/stats/etrn/view/monthly_s1.php?prec_no=32&block_no=47582&year=2023&month=&day=&view=,2026-09-05,fetch date (JMA pages carry no publish date; raw/research/weather/html/<station>_<year>.html)
akita,秋田,2024,1,2.6,209.0,59.4,https://www.data.jma.go.jp/stats/etrn/view/monthly_s1.php?prec_no=32&block_no=47582&year=2024&month=&day=&view=,2026-09-05,fetch date (JMA pages carry no publish date; raw/research/weather/html/<station>_<year>.html)
akita,秋田,2024,2,3.0,115.0,89.0,https://www.data.jma.go.jp/stats/etrn/view/monthly_s1.php?prec_no=32&block_no=47582&year=2024&month=&day=&view=,2026-09-05,fetch date (JMA pages carry no publish date; raw/research/weather/html/<station>_<year>.html)
akita,秋田,2024,3,4.0,95.0,111.2,https://www.data.jma.go.jp/stats/etrn/view/monthly_s1.php?prec_no=32&block_no=47582&year=2024&month=&day=&view=,2026-09-05,fetch date (JMA pages carry no publish date; raw/research/weather/html/<station>_<year>.html)
akita,秋田,2024,4,12.7,71.5,232.4,https://www.data.jma.go.jp/stats/etrn/view/monthly_s1.php?prec_no=32&block_no=47582&year=2024&month=&day=&view=,2026-09-05,fetch date (JMA pages carry no publish date; raw/research/weather/html/<station>_<year>.html)
akita,秋田,2024,5,15.8,118.5,215.0,https://www.data.jma.go.jp/stats/etrn/view/monthly_s1.php?prec_no=32&block_no=47582&year=2024&month=&day=&view=,2026-09-05,fetch date (JMA pages carry no publish date; raw/research/weather/html/<station>_<year>.html)
akita,秋田,2024,6,21.6,129.5,225.0,https://www.data.jma.go.jp/stats/etrn/view/monthly_s1.php?prec_no=32&block_no=47582&year=2024&month=&day=&view=,2026-09-05,fetch date (JMA pages carry no publish date; raw/research/weather/html/<station>_<year>.html)
akita,秋田,2024,7,24.7,304.0,114.0,https://www.data.jma.go.jp/stats/etrn/view/monthly_s1.php?prec_no=32&block_no=47582&year=2024&month=&day=&view=,2026-09-05,fetch date (JMA pages carry no publish date; raw/research/weather/html/<station>_<year>.html)
akita,秋田,2024,8,27.2,58.5,223.0,https://www.data.jma.go.jp/stats/etrn/view/monthly_s1.php?prec_no=32&block_no=47582&year=2024&month=&day=&view=,2026-09-05,fetch date (JMA pages carry no publish date; raw/research/weather/html/<station>_<year>.html)
akita,秋田,2024,9,22.9,208.0,195.5,https://www.data.jma.go.jp/stats/etrn/view/monthly_s1.php?prec_no=32&block_no=47582&year=2024&month=&day=&view=,2026-09-05,fetch date (JMA pages carry no publish date; raw/research/weather/html/<station>_<year>.html)
akita,秋田,2024,10,16.5,115.5,167.9,https://www.data.jma.go.jp/stats/etrn/view/monthly_s1.php?prec_no=32&block_no=47582&year=2024&month=&day=&view=,2026-09-05,fetch date (JMA pages carry no publish date; raw/research/weather/html/<station>_<year>.html)
akita,秋田,2024,11,8.7,163.0,93.5,https://www.data.jma.go.jp/stats/etrn/view/monthly_s1.php?prec_no=32&block_no=47582&year=2024&month=&day=&view=,2026-09-05,fetch date (JMA pages carry no publish date; raw/research/weather/html/<station>_<year>.html)
akita,秋田,2024,12,2.8,188.5,36.5,https://www.data.jma.go.jp/stats/etrn/view/monthly_s1.php?prec_no=32&block_no=47582&year=2024&month=&day=&view=,2026-09-05,fetch date (JMA pages carry no publish date; raw/research/weather/html/<station>_<year>.html)
akita,秋田,2025,1,1.9,115.5,68.6,https://www.data.jma.go.jp/stats/etrn/view/monthly_s1.php?prec_no=32&block_no=47582&year=2025&month=&day=&view=,2026-09-05,fetch date (JMA pages carry no publish date; raw/research/weather/html/<station>_<year>.html)
akita,秋田,2025,2,1.5,109.5,68.8,https://www.data.jma.go.jp/stats/etrn/view/monthly_s1.php?prec_no=32&block_no=47582&year=2025&month=&day=&view=,2026-09-05,fetch date (JMA pages carry no publish date; raw/research/weather/html/<station>_<year>.html)
akita,秋田,2025,3,5.3,166.0,124.6,https://www.data.jma.go.jp/stats/etrn/view/monthly_s1.php?prec_no=32&block_no=47582&year=2025&month=&day=&view=,2026-09-05,fetch date (JMA pages carry no publish date; raw/research/weather/html/<station>_<year>.html)
akita,秋田,2025,4,10.7,151.5,74.6,https://www.data.jma.go.jp/stats/etrn/view/monthly_s1.php?prec_no=32&block_no=47582&year=2025&month=&day=&view=,2026-09-05,fetch date (JMA pages carry no publish date; raw/research/weather/html/<station>_<year>.html)
akita,秋田,2025,5,15.2,154.0,167.1,https://www.data.jma.go.jp/stats/etrn/view/monthly_s1.php?prec_no=32&block_no=47582&year=2025&month=&day=&view=,2026-09-05,fetch date (JMA pages carry no publish date; raw/research/weather/html/<station>_<year>.html)
akita,秋田,2025,6,21.6,91.5,162.7,https://www.data.jma.go.jp/stats/etrn/view/monthly_s1.php?prec_no=32&block_no=47582&year=2025&month=&day=&view=,2026-09-05,fetch date (JMA pages carry no publish date; raw/research/weather/html/<station>_<year>.html)
akita,秋田,2025,7,27.4,13.5,234.8,https://www.data.jma.go.jp/stats/etrn/view/monthly_s1.php?prec_no=32&block_no=47582&year=2025&month=&day=&view=,2026-09-05,fetch date (JMA pages carry no publish date; raw/research/weather/html/<station>_<year>.html)
akita,秋田,2025,8,26.9,375.0,213.8,https://www.data.jma.go.jp/stats/etrn/view/monthly_s1.php?prec_no=32&block_no=47582&year=2025&month=&day=&view=,2026-09-05,fetch date (JMA pages carry no publish date; raw/research/weather/html/<station>_<year>.html)
akita,秋田,2025,9,22.8,234.5,185.0,https://www.data.jma.go.jp/stats/etrn/view/monthly_s1.php?prec_no=32&block_no=47582&year=2025&month=&day=&view=,2026-09-05,fetch date (JMA pages carry no publish date; raw/research/weather/html/<station>_<year>.html)
akita,秋田,2025,10,14.7,156.5,141.9,https://www.data.jma.go.jp/stats/etrn/view/monthly_s1.php?prec_no=32&block_no=47582&year=2025&month=&day=&view=,2026-09-05,fetch date (JMA pages carry no publish date; raw/research/weather/html/<station>_<year>.html)
akita,秋田,2025,11,8.9,299.5,90.0,https://www.data.jma.go.jp/stats/etrn/view/monthly_s1.php?prec_no=32&block_no=47582&year=2025&month=&day=&view=,2026-09-05,fetch date (JMA pages carry no publish date; raw/research/weather/html/<station>_<year>.html)
akita,秋田,2025,12,4.1,281.5,31.4,https://www.data.jma.go.jp/stats/etrn/view/monthly_s1.php?prec_no=32&block_no=47582&year=2025&month=&day=&view=,2026-09-05,fetch date (JMA pages carry no publish date; raw/research/weather/html/<station>_<year>.html)
akita,秋田,2026,1,0.0,205.0,24.4,https://www.data.jma.go.jp/stats/etrn/view/monthly_s1.php?prec_no=32&block_no=47582&year=2026&month=&day=&view=,2026-09-05,fetch date (JMA pages carry no publish date; raw/research/weather/html/<station>_<year>.html)
akita,秋田,2026,2,3.3,57.5,76.0,https://www.data.jma.go.jp/stats/etrn/view/monthly_s1.php?prec_no=32&block_no=47582&year=2026&month=&day=&view=,2026-09-05,fetch date (JMA pages carry no publish date; raw/research/weather/html/<station>_<year>.html)
akita,秋田,2026,3,5.7,47.5,172.2,https://www.data.jma.go.jp/stats/etrn/view/monthly_s1.php?prec_no=32&block_no=47582&year=2026&month=&day=&view=,2026-09-05,fetch date (JMA pages carry no publish date; raw/research/weather/html/<station>_<year>.html)
akita,秋田,2026,4,11.8,140.0,196.0,https://www.data.jma.go.jp/stats/etrn/view/monthly_s1.php?prec_no=32&block_no=47582&year=2026&month=&day=&view=,2026-09-05,fetch date (JMA pages carry no publish date; raw/research/weather/html/<station>_<year>.html)
akita,秋田,2026,5,16.6,110.0,233.7,https://www.data.jma.go.jp/stats/etrn/view/monthly_s1.php?prec_no=32&block_no=47582&year=2026&month=&day=&view=,2026-09-05,fetch date (JMA pages carry no publish date; raw/research/weather/html/<station>_<year>.html)
akita,秋田,2026,6,20.5,124.0,241.9,https://www.data.jma.go.jp/stats/etrn/view/monthly_s1.php?prec_no=32&block_no=47582&year=2026&month=&day=&view=,2026-09-05,fetch date (JMA pages carry no publish date; raw/research/weather/html/<station>_<year>.html)
akita,秋田,2026,7,25.4,303.5,146.2,https://www.data.jma.go.jp/stats/etrn/view/monthly_s1.php?prec_no=32&block_no=47582&year=2026&month=&day=&view=,2026-09-05,fetch date (JMA pages carry no publish date; raw/research/weather/html/<station>_<year>.html)
akita,秋田,2026,8,26.5,111.5,234.0,https://www.data.jma.go.jp/stats/etrn/view/monthly_s1.php?prec_no=32&block_no=47582&year=2026&month=&day=&view=,2026-09-05,fetch date (JMA pages carry no publish date; raw/research/weather/html/<station>_<year>.html)
akita,秋田,2026,9,,,,https://www.data.jma.go.jp/stats/etrn/view/monthly_s1.php?prec_no=32&block_no=47582&year=2026&month=&day=&view=,2026-09-05,fetch date (JMA pages carry no publish date; raw/research/weather/html/<station>_<year>.html)
akita,秋田,2026,10,,,,https://www.data.jma.go.jp/stats/etrn/view/monthly_s1.php?prec_no=32&block_no=47582&year=2026&month=&day=&view=,2026-09-05,fetch date (JMA pages carry no publish date; raw/research/weather/html/<station>_<year>.html)
akita,秋田,2026,11,,,,https://www.data.jma.go.jp/stats/etrn/view/monthly_s1.php?prec_no=32&block_no=47582&year=2026&month=&day=&view=,2026-09-05,fetch date (JMA pages carry no publish date; raw/research/weather/html/<station>_<year>.html)
akita,秋田,2026,12,,,,https://www.data.jma.go.jp/stats/etrn/view/monthly_s1.php?prec_no=32&block_no=47582&year=2026&month=&day=&view=,2026-09-05,fetch date (JMA pages carry no publish date; raw/research/weather/html/<station>_<year>.html)
morioka,盛岡,2009,1,-0.4,74.5,106.0,https://www.data.jma.go.jp/stats/etrn/view/monthly_s1.php?prec_no=33&block_no=47584&year=2009&month=&day=&view=,2026-09-05,fetch date (JMA pages carry no publish date; raw/research/weather/html/<station>_<year>.html)
morioka,盛岡,2009,2,-0.5,82.0,131.2,https://www.data.jma.go.jp/stats/etrn/view/monthly_s1.php?prec_no=33&block_no=47584&year=2009&month=&day=&view=,2026-09-05,fetch date (JMA pages carry no publish date; raw/research/weather/html/<station>_<year>.html)
morioka,盛岡,2009,3,2.5,116.5,163.7,https://www.data.jma.go.jp/stats/etrn/view/monthly_s1.php?prec_no=33&block_no=47584&year=2009&month=&day=&view=,2026-09-05,fetch date (JMA pages carry no publish date; raw/research/weather/html/<station>_<year>.html)
morioka,盛岡,2009,4,9.1,105.5,187.6,https://www.data.jma.go.jp/stats/etrn/view/monthly_s1.php?prec_no=33&block_no=47584&year=2009&month=&day=&view=,2026-09-05,fetch date (JMA pages carry no publish date; raw/research/weather/html/<station>_<year>.html)
morioka,盛岡,2009,5,15.4,43.5,206.5,https://www.data.jma.go.jp/stats/etrn/view/monthly_s1.php?prec_no=33&block_no=47584&year=2009&month=&day=&view=,2026-09-05,fetch date (JMA pages carry no publish date; raw/research/weather/html/<station>_<year>.html)
morioka,盛岡,2009,6,18.9,71.0,157.4,https://www.data.jma.go.jp/stats/etrn/view/monthly_s1.php?prec_no=33&block_no=47584&year=2009&month=&day=&view=,2026-09-05,fetch date (JMA pages carry no publish date; raw/research/weather/html/<station>_<year>.html)
morioka,盛岡,2009,7,22.1,295.5,104.8,https://www.data.jma.go.jp/stats/etrn/view/monthly_s1.php?prec_no=33&block_no=47584&year=2009&month=&day=&view=,2026-09-05,fetch date (JMA pages carry no publish date; raw/research/weather/html/<station>_<year>.html)
morioka,盛岡,2009,8,22.5,128.5,132.7,https://www.data.jma.go.jp/stats/etrn/view/monthly_s1.php?prec_no=33&block_no=47584&year=2009&month=&day=&view=,2026-09-05,fetch date (JMA pages carry no publish date; raw/research/weather/html/<station>_<year>.html)
morioka,盛岡,2009,9,17.7,54.0,139.5,https://www.data.jma.go.jp/stats/etrn/view/monthly_s1.php?prec_no=33&block_no=47584&year=2009&month=&day=&view=,2026-09-05,fetch date (JMA pages carry no publish date; raw/research/weather/html/<station>_<year>.html)
morioka,盛岡,2009,10,12.4,118.5,155.8,https://www.data.jma.go.jp/stats/etrn/view/monthly_s1.php?prec_no=33&block_no=47584&year=2009&month=&day=&view=,2026-09-05,fetch date (JMA pages carry no publish date; raw/research/weather/html/<station>_<year>.html)
morioka,盛岡,2009,11,6.8,113.0,102.4,https://www.data.jma.go.jp/stats/etrn/view/monthly_s1.php?prec_no=33&block_no=47584&year=2009&month=&day=&view=,2026-09-05,fetch date (JMA pages carry no publish date; raw/research/weather/html/<station>_<year>.html)
morioka,盛岡,2009,12,0.9,72.0,101.3,https://www.data.jma.go.jp/stats/etrn/view/monthly_s1.php?prec_no=33&block_no=47584&year=2009&month=&day=&view=,2026-09-05,fetch date (JMA pages carry no publish date; raw/research/weather/html/<station>_<year>.html)
morioka,盛岡,2010,1,-1.3,76.0,80.6,https://www.data.jma.go.jp/stats/etrn/view/monthly_s1.php?prec_no=33&block_no=47584&year=2010&month=&day=&view=,2026-09-05,fetch date (JMA pages carry no publish date; raw/research/weather/html/<station>_<year>.html)
morioka,盛岡,2010,2,-1.1,21.0,148.1,https://www.data.jma.go.jp/stats/etrn/view/monthly_s1.php?prec_no=33&block_no=47584&year=2010&month=&day=&view=,2026-09-05,fetch date (JMA pages carry no publish date; raw/research/weather/html/<station>_<year>.html)
morioka,盛岡,2010,3,1.5,104.5,140.5,https://www.data.jma.go.jp/stats/etrn/view/monthly_s1.php?prec_no=33&block_no=47584&year=2010&month=&day=&view=,2026-09-05,fetch date (JMA pages carry no publish date; raw/research/weather/html/<station>_<year>.html)
morioka,盛岡,2010,4,6.5,74.0,121.6,https://www.data.jma.go.jp/stats/etrn/view/monthly_s1.php?prec_no=33&block_no=47584&year=2010&month=&day=&view=,2026-09-05,fetch date (JMA pages carry no publish date; raw/research/weather/html/<station>_<year>.html)
morioka,盛岡,2010,5,13.8,131.5,168.0,https://www.data.jma.go.jp/stats/etrn/view/monthly_s1.php?prec_no=33&block_no=47584&year=2010&month=&day=&view=,2026-09-05,fetch date (JMA pages carry no publish date; raw/research/weather/html/<station>_<year>.html)
morioka,盛岡,2010,6,20.6,188.0,159.7,https://www.data.jma.go.jp/stats/etrn/view/monthly_s1.php?prec_no=33&block_no=47584&year=2010&month=&day=&view=,2026-09-05,fetch date (JMA pages carry no publish date; raw/research/weather/html/<station>_<year>.html)
morioka,盛岡,2010,7,24.4,217.0,132.0,https://www.data.jma.go.jp/stats/etrn/view/monthly_s1.php?prec_no=33&block_no=47584&year=2010&month=&day=&view=,2026-09-05,fetch date (JMA pages carry no publish date; raw/research/weather/html/<station>_<year>.html)
morioka,盛岡,2010,8,26.2,249.5,171.0,https://www.data.jma.go.jp/stats/etrn/view/monthly_s1.php?prec_no=33&block_no=47584&year=2010&month=&day=&view=,2026-09-05,fetch date (JMA pages carry no publish date; raw/research/weather/html/<station>_<year>.html)
morioka,盛岡,2010,9,19.8,172.0,132.2,https://www.data.jma.go.jp/stats/etrn/view/monthly_s1.php?prec_no=33&block_no=47584&year=2010&month=&day=&view=,2026-09-05,fetch date (JMA pages carry no publish date; raw/research/weather/html/<station>_<year>.html)
morioka,盛岡,2010,10,13.4,76.0,122.8,https://www.data.jma.go.jp/stats/etrn/view/monthly_s1.php?prec_no=33&block_no=47584&year=2010&month=&day=&view=,2026-09-05,fetch date (JMA pages carry no publish date; raw/research/weather/html/<station>_<year>.html)
morioka,盛岡,2010,11,6.4,74.5,120.3,https://www.data.jma.go.jp/stats/etrn/view/monthly_s1.php?prec_no=33&block_no=47584&year=2010&month=&day=&view=,2026-09-05,fetch date (JMA pages carry no publish date; raw/research/weather/html/<station>_<year>.html)
morioka,盛岡,2010,12,1.9,250.0,69.0,https://www.data.jma.go.jp/stats/etrn/view/monthly_s1.php?prec_no=33&block_no=47584&year=2010&month=&day=&view=,2026-09-05,fetch date (JMA pages carry no publish date; raw/research/weather/html/<station>_<year>.html)
morioka,盛岡,2011,1,-3.6,20.0,147.2,https://www.data.jma.go.jp/stats/etrn/view/monthly_s1.php?prec_no=33&block_no=47584&year=2011&month=&day=&view=,2026-09-05,fetch date (JMA pages carry no publish date; raw/research/weather/html/<station>_<year>.html)
morioka,盛岡,2011,2,-0.4,28.5,129.5,https://www.data.jma.go.jp/stats/etrn/view/monthly_s1.php?prec_no=33&block_no=47584&year=2011&month=&day=&view=,2026-09-05,fetch date (JMA pages carry no publish date; raw/research/weather/html/<station>_<year>.html)
morioka,盛岡,2011,3,1.0,21.5,155.8,https://www.data.jma.go.jp/stats/etrn/view/monthly_s1.php?prec_no=33&block_no=47584&year=2011&month=&day=&view=,2026-09-05,fetch date (JMA pages carry no publish date; raw/research/weather/html/<station>_<year>.html)
morioka,盛岡,2011,4,7.4,146.5,144.6,https://www.data.jma.go.jp/stats/etrn/view/monthly_s1.php?prec_no=33&block_no=47584&year=2011&month=&day=&view=,2026-09-05,fetch date (JMA pages carry no publish date; raw/research/weather/html/<station>_<year>.html)
morioka,盛岡,2011,5,13.8,137.5,170.8,https://www.data.jma.go.jp/stats/etrn/view/monthly_s1.php?prec_no=33&block_no=47584&year=2011&month=&day=&view=,2026-09-05,fetch date (JMA pages carry no publish date; raw/research/weather/html/<station>_<year>.html)
morioka,盛岡,2011,6,19.2,190.0,154.9,https://www.data.jma.go.jp/stats/etrn/view/monthly_s1.php?prec_no=33&block_no=47584&year=2011&month=&day=&view=,2026-09-05,fetch date (JMA pages carry no publish date; raw/research/weather/html/<station>_<year>.html)
morioka,盛岡,2011,7,24.1,79.5,171.8,https://www.data.jma.go.jp/stats/etrn/view/monthly_s1.php?prec_no=33&block_no=47584&year=2011&month=&day=&view=,2026-09-05,fetch date (JMA pages carry no publish date; raw/research/weather/html/<station>_<year>.html)
morioka,盛岡,2011,8,24.2,157.5,132.5,https://www.data.jma.go.jp/stats/etrn/view/monthly_s1.php?prec_no=33&block_no=47584&year=2011&month=&day=&view=,2026-09-05,fetch date (JMA pages carry no publish date; raw/research/weather/html/<station>_<year>.html)
morioka,盛岡,2011,9,20.2,269.0,120.3,https://www.data.jma.go.jp/stats/etrn/view/monthly_s1.php?prec_no=33&block_no=47584&year=2011&month=&day=&view=,2026-09-05,fetch date (JMA pages carry no publish date; raw/research/weather/html/<station>_<year>.html)
morioka,盛岡,2011,10,12.8,98.0,156.9,https://www.data.jma.go.jp/stats/etrn/view/monthly_s1.php?prec_no=33&block_no=47584&year=2011&month=&day=&view=,2026-09-05,fetch date (JMA pages carry no publish date; raw/research/weather/html/<station>_<year>.html)
morioka,盛岡,2011,11,7.6,35.0,134.3,https://www.data.jma.go.jp/stats/etrn/view/monthly_s1.php?prec_no=33&block_no=47584&year=2011&month=&day=&view=,2026-09-05,fetch date (JMA pages carry no publish date; raw/research/weather/html/<station>_<year>.html)
morioka,盛岡,2011,12,0.1,46.0,108.2,https://www.data.jma.go.jp/stats/etrn/view/monthly_s1.php?prec_no=33&block_no=47584&year=2011&month=&day=&view=,2026-09-05,fetch date (JMA pages carry no publish date; raw/research/weather/html/<station>_<year>.html)
morioka,盛岡,2012,1,-3.0,24.0,143.5,https://www.data.jma.go.jp/stats/etrn/view/monthly_s1.php?prec_no=33&block_no=47584&year=2012&month=&day=&view=,2026-09-05,fetch date (JMA pages carry no publish date; raw/research/weather/html/<station>_<year>.html)
morioka,盛岡,2012,2,-3.2,47.5,144.3,https://www.data.jma.go.jp/stats/etrn/view/monthly_s1.php?prec_no=33&block_no=47584&year=2012&month=&day=&view=,2026-09-05,fetch date (JMA pages carry no publish date; raw/research/weather/html/<station>_<year>.html)
morioka,盛岡,2012,3,1.9,107.5,136.9,https://www.data.jma.go.jp/stats/etrn/view/monthly_s1.php?prec_no=33&block_no=47584&year=2012&month=&day=&view=,2026-09-05,fetch date (JMA pages carry no publish date; raw/research/weather/html/<station>_<year>.html)
morioka,盛岡,2012,4,8.6,109.5,162.3,https://www.data.jma.go.jp/stats/etrn/view/monthly_s1.php?prec_no=33&block_no=47584&year=2012&month=&day=&view=,2026-09-05,fetch date (JMA pages carry no publish date; raw/research/weather/html/<station>_<year>.html)
morioka,盛岡,2012,5,14.8,90.5,171.5,https://www.data.jma.go.jp/stats/etrn/view/monthly_s1.php?prec_no=33&block_no=47584&year=2012&month=&day=&view=,2026-09-05,fetch date (JMA pages carry no publish date; raw/research/weather/html/<station>_<year>.html)
morioka,盛岡,2012,6,18.5,42.5,182.5,https://www.data.jma.go.jp/stats/etrn/view/monthly_s1.php?prec_no=33&block_no=47584&year=2012&month=&day=&view=,2026-09-05,fetch date (JMA pages carry no publish date; raw/research/weather/html/<station>_<year>.html)
morioka,盛岡,2012,7,23.1,135.0,150.9,https://www.data.jma.go.jp/stats/etrn/view/monthly_s1.php?prec_no=33&block_no=47584&year=2012&month=&day=&view=,2026-09-05,fetch date (JMA pages carry no publish date; raw/research/weather/html/<station>_<year>.html)
morioka,盛岡,2012,8,26.1,52.5,210.1,https://www.data.jma.go.jp/stats/etrn/view/monthly_s1.php?prec_no=33&block_no=47584&year=2012&month=&day=&view=,2026-09-05,fetch date (JMA pages carry no publish date; raw/research/weather/html/<station>_<year>.html)
morioka,盛岡,2012,9,23.2,89.5,152.1,https://www.data.jma.go.jp/stats/etrn/view/monthly_s1.php?prec_no=33&block_no=47584&year=2012&month=&day=&view=,2026-09-05,fetch date (JMA pages carry no publish date; raw/research/weather/html/<station>_<year>.html)
morioka,盛岡,2012,10,13.6,100.5,154.8,https://www.data.jma.go.jp/stats/etrn/view/monthly_s1.php?prec_no=33&block_no=47584&year=2012&month=&day=&view=,2026-09-05,fetch date (JMA pages carry no publish date; raw/research/weather/html/<station>_<year>.html)
morioka,盛岡,2012,11,6.5,137.0,93.3,https://www.data.jma.go.jp/stats/etrn/view/monthly_s1.php?prec_no=33&block_no=47584&year=2012&month=&day=&view=,2026-09-05,fetch date (JMA pages carry no publish date; raw/research/weather/html/<station>_<year>.html)
morioka,盛岡,2012,12,-0.6,93.5,103.3,https://www.data.jma.go.jp/stats/etrn/view/monthly_s1.php?prec_no=33&block_no=47584&year=2012&month=&day=&view=,2026-09-05,fetch date (JMA pages carry no publish date; raw/research/weather/html/<station>_<year>.html)
morioka,盛岡,2013,1,-2.9,61.5,143.1,https://www.data.jma.go.jp/stats/etrn/view/monthly_s1.php?prec_no=33&block_no=47584&year=2013&month=&day=&view=,2026-09-05,fetch date (JMA pages carry no publish date; raw/research/weather/html/<station>_<year>.html)
morioka,盛岡,2013,2,-2.3,41.0,125.5,https://www.data.jma.go.jp/stats/etrn/view/monthly_s1.php?prec_no=33&block_no=47584&year=2013&month=&day=&view=,2026-09-05,fetch date (JMA pages carry no publish date; raw/research/weather/html/<station>_<year>.html)
morioka,盛岡,2013,3,2.5,70.5,166.4,https://www.data.jma.go.jp/stats/etrn/view/monthly_s1.php?prec_no=33&block_no=47584&year=2013&month=&day=&view=,2026-09-05,fetch date (JMA pages carry no publish date; raw/research/weather/html/<station>_<year>.html)
morioka,盛岡,2013,4,7.8,100.0,160.9,https://www.data.jma.go.jp/stats/etrn/view/monthly_s1.php?prec_no=33&block_no=47584&year=2013&month=&day=&view=,2026-09-05,fetch date (JMA pages carry no publish date; raw/research/weather/html/<station>_<year>.html)
morioka,盛岡,2013,5,13.8,47.5,174.4,https://www.data.jma.go.jp/stats/etrn/view/monthly_s1.php?prec_no=33&block_no=47584&year=2013&month=&day=&view=,2026-09-05,fetch date (JMA pages carry no publish date; raw/research/weather/html/<station>_<year>.html)
morioka,盛岡,2013,6,20.4,50.5,204.5,https://www.data.jma.go.jp/stats/etrn/view/monthly_s1.php?prec_no=33&block_no=47584&year=2013&month=&day=&view=,2026-09-05,fetch date (JMA pages carry no publish date; raw/research/weather/html/<station>_<year>.html)
morioka,盛岡,2013,7,22.1,461.0,64.2,https://www.data.jma.go.jp/stats/etrn/view/monthly_s1.php?prec_no=33&block_no=47584&year=2013&month=&day=&view=,2026-09-05,fetch date (JMA pages carry no publish date; raw/research/weather/html/<station>_<year>.html)
morioka,盛岡,2013,8,24.2,225.0,179.2,https://www.data.jma.go.jp/stats/etrn/view/monthly_s1.php?prec_no=33&block_no=47584&year=2013&month=&day=&view=,2026-09-05,fetch date (JMA pages carry no publish date; raw/research/weather/html/<station>_<year>.html)
morioka,盛岡,2013,9,19.9,202.5,128.0,https://www.data.jma.go.jp/stats/etrn/view/monthly_s1.php?prec_no=33&block_no=47584&year=2013&month=&day=&view=,2026-09-05,fetch date (JMA pages carry no publish date; raw/research/weather/html/<station>_<year>.html)
morioka,盛岡,2013,10,13.9,252.5,109.2,https://www.data.jma.go.jp/stats/etrn/view/monthly_s1.php?prec_no=33&block_no=47584&year=2013&month=&day=&view=,2026-09-05,fetch date (JMA pages carry no publish date; raw/research/weather/html/<station>_<year>.html)
morioka,盛岡,2013,11,5.9,82.5,128.5,https://www.data.jma.go.jp/stats/etrn/view/monthly_s1.php?prec_no=33&block_no=47584&year=2013&month=&day=&view=,2026-09-05,fetch date (JMA pages carry no publish date; raw/research/weather/html/<station>_<year>.html)
morioka,盛岡,2013,12,1.4,48.5,86.8,https://www.data.jma.go.jp/stats/etrn/view/monthly_s1.php?prec_no=33&block_no=47584&year=2013&month=&day=&view=,2026-09-05,fetch date (JMA pages carry no publish date; raw/research/weather/html/<station>_<year>.html)
morioka,盛岡,2014,1,-2.1,65.0,109.6,https://www.data.jma.go.jp/stats/etrn/view/monthly_s1.php?prec_no=33&block_no=47584&year=2014&month=&day=&view=,2026-09-05,fetch date (JMA pages carry no publish date; raw/research/weather/html/<station>_<year>.html)
morioka,盛岡,2014,2,-1.4,46.0,119.9,https://www.data.jma.go.jp/stats/etrn/view/monthly_s1.php?prec_no=33&block_no=47584&year=2014&month=&day=&view=,2026-09-05,fetch date (JMA pages carry no publish date; raw/research/weather/html/<station>_<year>.html)
morioka,盛岡,2014,3,2.5,136.5,157.6,https://www.data.jma.go.jp/stats/etrn/view/monthly_s1.php?prec_no=33&block_no=47584&year=2014&month=&day=&view=,2026-09-05,fetch date (JMA pages carry no publish date; raw/research/weather/html/<station>_<year>.html)
morioka,盛岡,2014,4,9.1,72.5,245.2,https://www.data.jma.go.jp/stats/etrn/view/monthly_s1.php?prec_no=33&block_no=47584&year=2014&month=&day=&view=,2026-09-05,fetch date (JMA pages carry no publish date; raw/research/weather/html/<station>_<year>.html)
morioka,盛岡,2014,5,15.7,59.5,216.8,https://www.data.jma.go.jp/stats/etrn/view/monthly_s1.php?prec_no=33&block_no=47584&year=2014&month=&day=&view=,2026-09-05,fetch date (JMA pages carry no publish date; raw/research/weather/html/<station>_<year>.html)
morioka,盛岡,2014,6,20.8,58.5,165.3,https://www.data.jma.go.jp/stats/etrn/view/monthly_s1.php?prec_no=33&block_no=47584&year=2014&month=&day=&view=,2026-09-05,fetch date (JMA pages carry no publish date; raw/research/weather/html/<station>_<year>.html)
morioka,盛岡,2014,7,23.5,184.5,176.8,https://www.data.jma.go.jp/stats/etrn/view/monthly_s1.php?prec_no=33&block_no=47584&year=2014&month=&day=&view=,2026-09-05,fetch date (JMA pages carry no publish date; raw/research/weather/html/<station>_<year>.html)
morioka,盛岡,2014,8,23.3,277.5,92.5,https://www.data.jma.go.jp/stats/etrn/view/monthly_s1.php?prec_no=33&block_no=47584&year=2014&month=&day=&view=,2026-09-05,fetch date (JMA pages carry no publish date; raw/research/weather/html/<station>_<year>.html)
morioka,盛岡,2014,9,18.0,90.5,195.2,https://www.data.jma.go.jp/stats/etrn/view/monthly_s1.php?prec_no=33&block_no=47584&year=2014&month=&day=&view=,2026-09-05,fetch date (JMA pages carry no publish date; raw/research/weather/html/<station>_<year>.html)
morioka,盛岡,2014,10,12.1,125.0,183.7,https://www.data.jma.go.jp/stats/etrn/view/monthly_s1.php?prec_no=33&block_no=47584&year=2014&month=&day=&view=,2026-09-05,fetch date (JMA pages carry no publish date; raw/research/weather/html/<station>_<year>.html)
morioka,盛岡,2014,11,6.7,67.5,114.6,https://www.data.jma.go.jp/stats/etrn/view/monthly_s1.php?prec_no=33&block_no=47584&year=2014&month=&day=&view=,2026-09-05,fetch date (JMA pages carry no publish date; raw/research/weather/html/<station>_<year>.html)
morioka,盛岡,2014,12,-0.8,97.0,75.1,https://www.data.jma.go.jp/stats/etrn/view/monthly_s1.php?prec_no=33&block_no=47584&year=2014&month=&day=&view=,2026-09-05,fetch date (JMA pages carry no publish date; raw/research/weather/html/<station>_<year>.html)
morioka,盛岡,2015,1,-0.6,25.5,110.8,https://www.data.jma.go.jp/stats/etrn/view/monthly_s1.php?prec_no=33&block_no=47584&year=2015&month=&day=&view=,2026-09-05,fetch date (JMA pages carry no publish date; raw/research/weather/html/<station>_<year>.html)
morioka,盛岡,2015,2,0.6,47.5,115.6,https://www.data.jma.go.jp/stats/etrn/view/monthly_s1.php?prec_no=33&block_no=47584&year=2015&month=&day=&view=,2026-09-05,fetch date (JMA pages carry no publish date; raw/research/weather/html/<station>_<year>.html)
morioka,盛岡,2015,3,4.4,129.0,163.8,https://www.data.jma.go.jp/stats/etrn/view/monthly_s1.php?prec_no=33&block_no=47584&year=2015&month=&day=&view=,2026-09-05,fetch date (JMA pages carry no publish date; raw/research/weather/html/<station>_<year>.html)
morioka,盛岡,2015,4,10.5,95.5,193.2,https://www.data.jma.go.jp/stats/etrn/view/monthly_s1.php?prec_no=33&block_no=47584&year=2015&month=&day=&view=,2026-09-05,fetch date (JMA pages carry no publish date; raw/research/weather/html/<station>_<year>.html)
morioka,盛岡,2015,5,16.6,61.0,234.3,https://www.data.jma.go.jp/stats/etrn/view/monthly_s1.php?prec_no=33&block_no=47584&year=2015&month=&day=&view=,2026-09-05,fetch date (JMA pages carry no publish date; raw/research/weather/html/<station>_<year>.html)
morioka,盛岡,2015,6,19.3,74.0,183.2,https://www.data.jma.go.jp/stats/etrn/view/monthly_s1.php?prec_no=33&block_no=47584&year=2015&month=&day=&view=,2026-09-05,fetch date (JMA pages carry no publish date; raw/research/weather/html/<station>_<year>.html)
morioka,盛岡,2015,7,24.1,114.0,179.6,https://www.data.jma.go.jp/stats/etrn/view/monthly_s1.php?prec_no=33&block_no=47584&year=2015&month=&day=&view=,2026-09-05,fetch date (JMA pages carry no publish date; raw/research/weather/html/<station>_<year>.html)
morioka,盛岡,2015,8,23.4,134.0,140.2,https://www.data.jma.go.jp/stats/etrn/view/monthly_s1.php?prec_no=33&block_no=47584&year=2015&month=&day=&view=,2026-09-05,fetch date (JMA pages carry no publish date; raw/research/weather/html/<station>_<year>.html)
morioka,盛岡,2015,9,18.7,102.5,141.8,https://www.data.jma.go.jp/stats/etrn/view/monthly_s1.php?prec_no=33&block_no=47584&year=2015&month=&day=&view=,2026-09-05,fetch date (JMA pages carry no publish date; raw/research/weather/html/<station>_<year>.html)
morioka,盛岡,2015,10,11.8,103.0,161.6,https://www.data.jma.go.jp/stats/etrn/view/monthly_s1.php?prec_no=33&block_no=47584&year=2015&month=&day=&view=,2026-09-05,fetch date (JMA pages carry no publish date; raw/research/weather/html/<station>_<year>.html)
morioka,盛岡,2015,11,7.5,122.5,106.9,https://www.data.jma.go.jp/stats/etrn/view/monthly_s1.php?prec_no=33&block_no=47584&year=2015&month=&day=&view=,2026-09-05,fetch date (JMA pages carry no publish date; raw/research/weather/html/<station>_<year>.html)
morioka,盛岡,2015,12,2.3,85.5,140.6,https://www.data.jma.go.jp/stats/etrn/view/monthly_s1.php?prec_no=33&block_no=47584&year=2015&month=&day=&view=,2026-09-05,fetch date (JMA pages carry no publish date; raw/research/weather/html/<station>_<year>.html)
morioka,盛岡,2016,1,-0.6,31.5,129.6,https://www.data.jma.go.jp/stats/etrn/view/monthly_s1.php?prec_no=33&block_no=47584&year=2016&month=&day=&view=,2026-09-05,fetch date (JMA pages carry no publish date; raw/research/weather/html/<station>_<year>.html)
morioka,盛岡,2016,2,-0.1,66.0,115.5,https://www.data.jma.go.jp/stats/etrn/view/monthly_s1.php?prec_no=33&block_no=47584&year=2016&month=&day=&view=,2026-09-05,fetch date (JMA pages carry no publish date; raw/research/weather/html/<station>_<year>.html)
morioka,盛岡,2016,3,4.1,35.5,191.8,https://www.data.jma.go.jp/stats/etrn/view/monthly_s1.php?prec_no=33&block_no=47584&year=2016&month=&day=&view=,2026-09-05,fetch date (JMA pages carry no publish date; raw/research/weather/html/<station>_<year>.html)
morioka,盛岡,2016,4,9.6,124.5,158.7,https://www.data.jma.go.jp/stats/etrn/view/monthly_s1.php?prec_no=33&block_no=47584&year=2016&month=&day=&view=,2026-09-05,fetch date (JMA pages carry no publish date; raw/research/weather/html/<station>_<year>.html)
morioka,盛岡,2016,5,16.1,101.0,215.1,https://www.data.jma.go.jp/stats/etrn/view/monthly_s1.php?prec_no=33&block_no=47584&year=2016&month=&day=&view=,2026-09-05,fetch date (JMA pages carry no publish date; raw/research/weather/html/<station>_<year>.html)
morioka,盛岡,2016,6,18.7,141.5,135.3,https://www.data.jma.go.jp/stats/etrn/view/monthly_s1.php?prec_no=33&block_no=47584&year=2016&month=&day=&view=,2026-09-05,fetch date (JMA pages carry no publish date; raw/research/weather/html/<station>_<year>.html)
morioka,盛岡,2016,7,22.3,101.0,144.2,https://www.data.jma.go.jp/stats/etrn/view/monthly_s1.php?prec_no=33&block_no=47584&year=2016&month=&day=&view=,2026-09-05,fetch date (JMA pages carry no publish date; raw/research/weather/html/<station>_<year>.html)
morioka,盛岡,2016,8,24.8,304.5,212.2,https://www.data.jma.go.jp/stats/etrn/view/monthly_s1.php?prec_no=33&block_no=47584&year=2016&month=&day=&view=,2026-09-05,fetch date (JMA pages carry no publish date; raw/research/weather/html/<station>_<year>.html)
morioka,盛岡,2016,9,20.9,125.5,116.2,https://www.data.jma.go.jp/stats/etrn/view/monthly_s1.php?prec_no=33&block_no=47584&year=2016&month=&day=&view=,2026-09-05,fetch date (JMA pages carry no publish date; raw/research/weather/html/<station>_<year>.html)
morioka,盛岡,2016,10,12.2,180.5,177.3,https://www.data.jma.go.jp/stats/etrn/view/monthly_s1.php?prec_no=33&block_no=47584&year=2016&month=&day=&view=,2026-09-05,fetch date (JMA pages carry no publish date; raw/research/weather/html/<station>_<year>.html)
morioka,盛岡,2016,11,4.8,48.5,112.8,https://www.data.jma.go.jp/stats/etrn/view/monthly_s1.php?prec_no=33&block_no=47584&year=2016&month=&day=&view=,2026-09-05,fetch date (JMA pages carry no publish date; raw/research/weather/html/<station>_<year>.html)
morioka,盛岡,2016,12,1.9,58.0,115.2,https://www.data.jma.go.jp/stats/etrn/view/monthly_s1.php?prec_no=33&block_no=47584&year=2016&month=&day=&view=,2026-09-05,fetch date (JMA pages carry no publish date; raw/research/weather/html/<station>_<year>.html)
morioka,盛岡,2017,1,-1.1,35.5,102.6,https://www.data.jma.go.jp/stats/etrn/view/monthly_s1.php?prec_no=33&block_no=47584&year=2017&month=&day=&view=,2026-09-05,fetch date (JMA pages carry no publish date; raw/research/weather/html/<station>_<year>.html)
morioka,盛岡,2017,2,-0.2,66.5,98.1,https://www.data.jma.go.jp/stats/etrn/view/monthly_s1.php?prec_no=33&block_no=47584&year=2017&month=&day=&view=,2026-09-05,fetch date (JMA pages carry no publish date; raw/research/weather/html/<station>_<year>.html)
morioka,盛岡,2017,3,2.2,43.5,127.0,https://www.data.jma.go.jp/stats/etrn/view/monthly_s1.php?prec_no=33&block_no=47584&year=2017&month=&day=&view=,2026-09-05,fetch date (JMA pages carry no publish date; raw/research/weather/html/<station>_<year>.html)
morioka,盛岡,2017,4,9.3,83.0,156.1,https://www.data.jma.go.jp/stats/etrn/view/monthly_s1.php?prec_no=33&block_no=47584&year=2017&month=&day=&view=,2026-09-05,fetch date (JMA pages carry no publish date; raw/research/weather/html/<station>_<year>.html)
morioka,盛岡,2017,5,16.2,90.0,217.7,https://www.data.jma.go.jp/stats/etrn/view/monthly_s1.php?prec_no=33&block_no=47584&year=2017&month=&day=&view=,2026-09-05,fetch date (JMA pages carry no publish date; raw/research/weather/html/<station>_<year>.html)
morioka,盛岡,2017,6,17.9,108.0,181.0,https://www.data.jma.go.jp/stats/etrn/view/monthly_s1.php?prec_no=33&block_no=47584&year=2017&month=&day=&view=,2026-09-05,fetch date (JMA pages carry no publish date; raw/research/weather/html/<station>_<year>.html)
morioka,盛岡,2017,7,24.3,344.0,180.8,https://www.data.jma.go.jp/stats/etrn/view/monthly_s1.php?prec_no=33&block_no=47584&year=2017&month=&day=&view=,2026-09-05,fetch date (JMA pages carry no publish date; raw/research/weather/html/<station>_<year>.html)
morioka,盛岡,2017,8,22.3,183.0,99.4,https://www.data.jma.go.jp/stats/etrn/view/monthly_s1.php?prec_no=33&block_no=47584&year=2017&month=&day=&view=,2026-09-05,fetch date (JMA pages carry no publish date; raw/research/weather/html/<station>_<year>.html)
morioka,盛岡,2017,9,18.4,170.5,173.3,https://www.data.jma.go.jp/stats/etrn/view/monthly_s1.php?prec_no=33&block_no=47584&year=2017&month=&day=&view=,2026-09-05,fetch date (JMA pages carry no publish date; raw/research/weather/html/<station>_<year>.html)
morioka,盛岡,2017,10,12.1,188.0,92.4,https://www.data.jma.go.jp/stats/etrn/view/monthly_s1.php?prec_no=33&block_no=47584&year=2017&month=&day=&view=,2026-09-05,fetch date (JMA pages carry no publish date; raw/research/weather/html/<station>_<year>.html)
morioka,盛岡,2017,11,6.0,41.0,115.0,https://www.data.jma.go.jp/stats/etrn/view/monthly_s1.php?prec_no=33&block_no=47584&year=2017&month=&day=&view=,2026-09-05,fetch date (JMA pages carry no publish date; raw/research/weather/html/<station>_<year>.html)
morioka,盛岡,2017,12,-0.3,56.5,96.1,https://www.data.jma.go.jp/stats/etrn/view/monthly_s1.php?prec_no=33&block_no=47584&year=2017&month=&day=&view=,2026-09-05,fetch date (JMA pages carry no publish date; raw/research/weather/html/<station>_<year>.html)
morioka,盛岡,2018,1,-1.8,36.5,125.3,https://www.data.jma.go.jp/stats/etrn/view/monthly_s1.php?prec_no=33&block_no=47584&year=2018&month=&day=&view=,2026-09-05,fetch date (JMA pages carry no publish date; raw/research/weather/html/<station>_<year>.html)
morioka,盛岡,2018,2,-2.7,58.5,147.0,https://www.data.jma.go.jp/stats/etrn/view/monthly_s1.php?prec_no=33&block_no=47584&year=2018&month=&day=&view=,2026-09-05,fetch date (JMA pages carry no publish date; raw/research/weather/html/<station>_<year>.html)
morioka,盛岡,2018,3,4.0,133.5,170.5,https://www.data.jma.go.jp/stats/etrn/view/monthly_s1.php?prec_no=33&block_no=47584&year=2018&month=&day=&view=,2026-09-05,fetch date (JMA pages carry no publish date; raw/research/weather/html/<station>_<year>.html)
morioka,盛岡,2018,4,9.8,108.5,155.8,https://www.data.jma.go.jp/stats/etrn/view/monthly_s1.php?prec_no=33&block_no=47584&year=2018&month=&day=&view=,2026-09-05,fetch date (JMA pages carry no publish date; raw/research/weather/html/<station>_<year>.html)
morioka,盛岡,2018,5,15.4,186.0,171.9,https://www.data.jma.go.jp/stats/etrn/view/monthly_s1.php?prec_no=33&block_no=47584&year=2018&month=&day=&view=,2026-09-05,fetch date (JMA pages carry no publish date; raw/research/weather/html/<station>_<year>.html)
morioka,盛岡,2018,6,19.2,103.0,146.2,https://www.data.jma.go.jp/stats/etrn/view/monthly_s1.php?prec_no=33&block_no=47584&year=2018&month=&day=&view=,2026-09-05,fetch date (JMA pages carry no publish date; raw/research/weather/html/<station>_<year>.html)
morioka,盛岡,2018,7,24.7,109.5,157.1,https://www.data.jma.go.jp/stats/etrn/view/monthly_s1.php?prec_no=33&block_no=47584&year=2018&month=&day=&view=,2026-09-05,fetch date (JMA pages carry no publish date; raw/research/weather/html/<station>_<year>.html)
morioka,盛岡,2018,8,23.3,211.0,145.8,https://www.data.jma.go.jp/stats/etrn/view/monthly_s1.php?prec_no=33&block_no=47584&year=2018&month=&day=&view=,2026-09-05,fetch date (JMA pages carry no publish date; raw/research/weather/html/<station>_<year>.html)
morioka,盛岡,2018,9,19.2,206.0,120.3,https://www.data.jma.go.jp/stats/etrn/view/monthly_s1.php?prec_no=33&block_no=47584&year=2018&month=&day=&view=,2026-09-05,fetch date (JMA pages carry no publish date; raw/research/weather/html/<station>_<year>.html)
morioka,盛岡,2018,10,13.6,72.5,162.3,https://www.data.jma.go.jp/stats/etrn/view/monthly_s1.php?prec_no=33&block_no=47584&year=2018&month=&day=&view=,2026-09-05,fetch date (JMA pages carry no publish date; raw/research/weather/html/<station>_<year>.html)
morioka,盛岡,2018,11,7.0,38.5,141.3,https://www.data.jma.go.jp/stats/etrn/view/monthly_s1.php?prec_no=33&block_no=47584&year=2018&month=&day=&view=,2026-09-05,fetch date (JMA pages carry no publish date; raw/research/weather/html/<station>_<year>.html)
morioka,盛岡,2018,12,0.8,58.5,134.6,https://www.data.jma.go.jp/stats/etrn/view/monthly_s1.php?prec_no=33&block_no=47584&year=2018&month=&day=&view=,2026-09-05,fetch date (JMA pages carry no publish date; raw/research/weather/html/<station>_<year>.html)
morioka,盛岡,2019,1,-1.1,20.5,142.0,https://www.data.jma.go.jp/stats/etrn/view/monthly_s1.php?prec_no=33&block_no=47584&year=2019&month=&day=&view=,2026-09-05,fetch date (JMA pages carry no publish date; raw/research/weather/html/<station>_<year>.html)
morioka,盛岡,2019,2,-0.1,48.5,124.8,https://www.data.jma.go.jp/stats/etrn/view/monthly_s1.php?prec_no=33&block_no=47584&year=2019&month=&day=&view=,2026-09-05,fetch date (JMA pages carry no publish date; raw/research/weather/html/<station>_<year>.html)
morioka,盛岡,2019,3,3.9,52.5,156.5,https://www.data.jma.go.jp/stats/etrn/view/monthly_s1.php?prec_no=33&block_no=47584&year=2019&month=&day=&view=,2026-09-05,fetch date (JMA pages carry no publish date; raw/research/weather/html/<station>_<year>.html)
morioka,盛岡,2019,4,8.1,89.5,187.8,https://www.data.jma.go.jp/stats/etrn/view/monthly_s1.php?prec_no=33&block_no=47584&year=2019&month=&day=&view=,2026-09-05,fetch date (JMA pages carry no publish date; raw/research/weather/html/<station>_<year>.html)
morioka,盛岡,2019,5,16.4,111.0,274.0,https://www.data.jma.go.jp/stats/etrn/view/monthly_s1.php?prec_no=33&block_no=47584&year=2019&month=&day=&view=,2026-09-05,fetch date (JMA pages carry no publish date; raw/research/weather/html/<station>_<year>.html)
morioka,盛岡,2019,6,18.6,134.0,169.4,https://www.data.jma.go.jp/stats/etrn/view/monthly_s1.php?prec_no=33&block_no=47584&year=2019&month=&day=&view=,2026-09-05,fetch date (JMA pages carry no publish date; raw/research/weather/html/<station>_<year>.html)
morioka,盛岡,2019,7,22.6,58.0,147.6,https://www.data.jma.go.jp/stats/etrn/view/monthly_s1.php?prec_no=33&block_no=47584&year=2019&month=&day=&view=,2026-09-05,fetch date (JMA pages carry no publish date; raw/research/weather/html/<station>_<year>.html)
morioka,盛岡,2019,8,25.4,113.5,162.7,https://www.data.jma.go.jp/stats/etrn/view/monthly_s1.php?prec_no=33&block_no=47584&year=2019&month=&day=&view=,2026-09-05,fetch date (JMA pages carry no publish date; raw/research/weather/html/<station>_<year>.html)
morioka,盛岡,2019,9,20.3,57.0,151.2,https://www.data.jma.go.jp/stats/etrn/view/monthly_s1.php?prec_no=33&block_no=47584&year=2019&month=&day=&view=,2026-09-05,fetch date (JMA pages carry no publish date; raw/research/weather/html/<station>_<year>.html)
morioka,盛岡,2019,10,14.1,206.0,120.6,https://www.data.jma.go.jp/stats/etrn/view/monthly_s1.php?prec_no=33&block_no=47584&year=2019&month=&day=&view=,2026-09-05,fetch date (JMA pages carry no publish date; raw/research/weather/html/<station>_<year>.html)
morioka,盛岡,2019,11,5.9,70.0,133.0,https://www.data.jma.go.jp/stats/etrn/view/monthly_s1.php?prec_no=33&block_no=47584&year=2019&month=&day=&view=,2026-09-05,fetch date (JMA pages carry no publish date; raw/research/weather/html/<station>_<year>.html)
morioka,盛岡,2019,12,1.3,69.0,113.3,https://www.data.jma.go.jp/stats/etrn/view/monthly_s1.php?prec_no=33&block_no=47584&year=2019&month=&day=&view=,2026-09-05,fetch date (JMA pages carry no publish date; raw/research/weather/html/<station>_<year>.html)
morioka,盛岡,2020,1,0.2,51.0,118.4,https://www.data.jma.go.jp/stats/etrn/view/monthly_s1.php?prec_no=33&block_no=47584&year=2020&month=&day=&view=,2026-09-05,fetch date (JMA pages carry no publish date; raw/research/weather/html/<station>_<year>.html)
morioka,盛岡,2020,2,1.0,53.5,126.6,https://www.data.jma.go.jp/stats/etrn/view/monthly_s1.php?prec_no=33&block_no=47584&year=2020&month=&day=&view=,2026-09-05,fetch date (JMA pages carry no publish date; raw/research/weather/html/<station>_<year>.html)
morioka,盛岡,2020,3,4.8,111.0,151.1,https://www.data.jma.go.jp/stats/etrn/view/monthly_s1.php?prec_no=33&block_no=47584&year=2020&month=&day=&view=,2026-09-05,fetch date (JMA pages carry no publish date; raw/research/weather/html/<station>_<year>.html)
morioka,盛岡,2020,4,7.3,91.0,130.2,https://www.data.jma.go.jp/stats/etrn/view/monthly_s1.php?prec_no=33&block_no=47584&year=2020&month=&day=&view=,2026-09-05,fetch date (JMA pages carry no publish date; raw/research/weather/html/<station>_<year>.html)
morioka,盛岡,2020,5,15.4,96.0,159.2,https://www.data.jma.go.jp/stats/etrn/view/monthly_s1.php?prec_no=33&block_no=47584&year=2020&month=&day=&view=,2026-09-05,fetch date (JMA pages carry no publish date; raw/research/weather/html/<station>_<year>.html)
morioka,盛岡,2020,6,20.4,124.0,200.5,https://www.data.jma.go.jp/stats/etrn/view/monthly_s1.php?prec_no=33&block_no=47584&year=2020&month=&day=&view=,2026-09-05,fetch date (JMA pages carry no publish date; raw/research/weather/html/<station>_<year>.html)
morioka,盛岡,2020,7,21.5,467.0,54.3,https://www.data.jma.go.jp/stats/etrn/view/monthly_s1.php?prec_no=33&block_no=47584&year=2020&month=&day=&view=,2026-09-05,fetch date (JMA pages carry no publish date; raw/research/weather/html/<station>_<year>.html)
morioka,盛岡,2020,8,25.3,212.0,164.9,https://www.data.jma.go.jp/stats/etrn/view/monthly_s1.php?prec_no=33&block_no=47584&year=2020&month=&day=&view=,2026-09-05,fetch date (JMA pages carry no publish date; raw/research/weather/html/<station>_<year>.html)
morioka,盛岡,2020,9,21.0,102.0,114.6,https://www.data.jma.go.jp/stats/etrn/view/monthly_s1.php?prec_no=33&block_no=47584&year=2020&month=&day=&view=,2026-09-05,fetch date (JMA pages carry no publish date; raw/research/weather/html/<station>_<year>.html)
morioka,盛岡,2020,10,12.7,69.5,115.0,https://www.data.jma.go.jp/stats/etrn/view/monthly_s1.php?prec_no=33&block_no=47584&year=2020&month=&day=&view=,2026-09-05,fetch date (JMA pages carry no publish date; raw/research/weather/html/<station>_<year>.html)
morioka,盛岡,2020,11,6.8,56.5,127.4,https://www.data.jma.go.jp/stats/etrn/view/monthly_s1.php?prec_no=33&block_no=47584&year=2020&month=&day=&view=,2026-09-05,fetch date (JMA pages carry no publish date; raw/research/weather/html/<station>_<year>.html)
morioka,盛岡,2020,12,0.2,28.5,101.6,https://www.data.jma.go.jp/stats/etrn/view/monthly_s1.php?prec_no=33&block_no=47584&year=2020&month=&day=&view=,2026-09-05,fetch date (JMA pages carry no publish date; raw/research/weather/html/<station>_<year>.html)
morioka,盛岡,2021,1,-2.8,77.5,105.3,https://www.data.jma.go.jp/stats/etrn/view/monthly_s1.php?prec_no=33&block_no=47584&year=2021&month=&day=&view=,2026-09-05,fetch date (JMA pages carry no publish date; raw/research/weather/html/<station>_<year>.html)
morioka,盛岡,2021,2,-0.2,60.0,138.8,https://www.data.jma.go.jp/stats/etrn/view/monthly_s1.php?prec_no=33&block_no=47584&year=2021&month=&day=&view=,2026-09-05,fetch date (JMA pages carry no publish date; raw/research/weather/html/<station>_<year>.html)
morioka,盛岡,2021,3,5.7,86.5,167.6,https://www.data.jma.go.jp/stats/etrn/view/monthly_s1.php?prec_no=33&block_no=47584&year=2021&month=&day=&view=,2026-09-05,fetch date (JMA pages carry no publish date; raw/research/weather/html/<station>_<year>.html)
morioka,盛岡,2021,4,9.3,132.5,202.1,https://www.data.jma.go.jp/stats/etrn/view/monthly_s1.php?prec_no=33&block_no=47584&year=2021&month=&day=&view=,2026-09-05,fetch date (JMA pages carry no publish date; raw/research/weather/html/<station>_<year>.html)
morioka,盛岡,2021,5,14.9,124.5,166.4,https://www.data.jma.go.jp/stats/etrn/view/monthly_s1.php?prec_no=33&block_no=47584&year=2021&month=&day=&view=,2026-09-05,fetch date (JMA pages carry no publish date; raw/research/weather/html/<station>_<year>.html)
morioka,盛岡,2021,6,20.6,83.5,201.6,https://www.data.jma.go.jp/stats/etrn/view/monthly_s1.php?prec_no=33&block_no=47584&year=2021&month=&day=&view=,2026-09-05,fetch date (JMA pages carry no publish date; raw/research/weather/html/<station>_<year>.html)
morioka,盛岡,2021,7,24.5,155.0,170.4,https://www.data.jma.go.jp/stats/etrn/view/monthly_s1.php?prec_no=33&block_no=47584&year=2021&month=&day=&view=,2026-09-05,fetch date (JMA pages carry no publish date; raw/research/weather/html/<station>_<year>.html)
morioka,盛岡,2021,8,23.8,171.5,112.5,https://www.data.jma.go.jp/stats/etrn/view/monthly_s1.php?prec_no=33&block_no=47584&year=2021&month=&day=&view=,2026-09-05,fetch date (JMA pages carry no publish date; raw/research/weather/html/<station>_<year>.html)
morioka,盛岡,2021,9,19.2,66.5,167.1,https://www.data.jma.go.jp/stats/etrn/view/monthly_s1.php?prec_no=33&block_no=47584&year=2021&month=&day=&view=,2026-09-05,fetch date (JMA pages carry no publish date; raw/research/weather/html/<station>_<year>.html)
morioka,盛岡,2021,10,13.2,84.0,117.1,https://www.data.jma.go.jp/stats/etrn/view/monthly_s1.php?prec_no=33&block_no=47584&year=2021&month=&day=&view=,2026-09-05,fetch date (JMA pages carry no publish date; raw/research/weather/html/<station>_<year>.html)
morioka,盛岡,2021,11,7.7,136.0,122.5,https://www.data.jma.go.jp/stats/etrn/view/monthly_s1.php?prec_no=33&block_no=47584&year=2021&month=&day=&view=,2026-09-05,fetch date (JMA pages carry no publish date; raw/research/weather/html/<station>_<year>.html)
morioka,盛岡,2021,12,1.2,91.0,109.8,https://www.data.jma.go.jp/stats/etrn/view/monthly_s1.php?prec_no=33&block_no=47584&year=2021&month=&day=&view=,2026-09-05,fetch date (JMA pages carry no publish date; raw/research/weather/html/<station>_<year>.html)
morioka,盛岡,2022,1,-2.3,43.0,135.8,https://www.data.jma.go.jp/stats/etrn/view/monthly_s1.php?prec_no=33&block_no=47584&year=2022&month=&day=&view=,2026-09-05,fetch date (JMA pages carry no publish date; raw/research/weather/html/<station>_<year>.html)
morioka,盛岡,2022,2,-1.3,24.5,130.6,https://www.data.jma.go.jp/stats/etrn/view/monthly_s1.php?prec_no=33&block_no=47584&year=2022&month=&day=&view=,2026-09-05,fetch date (JMA pages carry no publish date; raw/research/weather/html/<station>_<year>.html)
morioka,盛岡,2022,3,3.5,137.5,140.4,https://www.data.jma.go.jp/stats/etrn/view/monthly_s1.php?prec_no=33&block_no=47584&year=2022&month=&day=&view=,2026-09-05,fetch date (JMA pages carry no publish date; raw/research/weather/html/<station>_<year>.html)
morioka,盛岡,2022,4,10.6,79.0,226.7,https://www.data.jma.go.jp/stats/etrn/view/monthly_s1.php?prec_no=33&block_no=47584&year=2022&month=&day=&view=,2026-09-05,fetch date (JMA pages carry no publish date; raw/research/weather/html/<station>_<year>.html)
morioka,盛岡,2022,5,15.7,103.5,238.3,https://www.data.jma.go.jp/stats/etrn/view/monthly_s1.php?prec_no=33&block_no=47584&year=2022&month=&day=&view=,2026-09-05,fetch date (JMA pages carry no publish date; raw/research/weather/html/<station>_<year>.html)
morioka,盛岡,2022,6,19.1,112.0,162.3,https://www.data.jma.go.jp/stats/etrn/view/monthly_s1.php?prec_no=33&block_no=47584&year=2022&month=&day=&view=,2026-09-05,fetch date (JMA pages carry no publish date; raw/research/weather/html/<station>_<year>.html)
morioka,盛岡,2022,7,24.4,151.5,169.4,https://www.data.jma.go.jp/stats/etrn/view/monthly_s1.php?prec_no=33&block_no=47584&year=2022&month=&day=&view=,2026-09-05,fetch date (JMA pages carry no publish date; raw/research/weather/html/<station>_<year>.html)
morioka,盛岡,2022,8,23.3,395.0,93.2,https://www.data.jma.go.jp/stats/etrn/view/monthly_s1.php?prec_no=33&block_no=47584&year=2022&month=&day=&view=,2026-09-05,fetch date (JMA pages carry no publish date; raw/research/weather/html/<station>_<year>.html)
morioka,盛岡,2022,9,20.6,145.0,131.5,https://www.data.jma.go.jp/stats/etrn/view/monthly_s1.php?prec_no=33&block_no=47584&year=2022&month=&day=&view=,2026-09-05,fetch date (JMA pages carry no publish date; raw/research/weather/html/<station>_<year>.html)
morioka,盛岡,2022,10,12.3,79.0,134.0,https://www.data.jma.go.jp/stats/etrn/view/monthly_s1.php?prec_no=33&block_no=47584&year=2022&month=&day=&view=,2026-09-05,fetch date (JMA pages carry no publish date; raw/research/weather/html/<station>_<year>.html)
morioka,盛岡,2022,11,7.8,54.0,145.4,https://www.data.jma.go.jp/stats/etrn/view/monthly_s1.php?prec_no=33&block_no=47584&year=2022&month=&day=&view=,2026-09-05,fetch date (JMA pages carry no publish date; raw/research/weather/html/<station>_<year>.html)
morioka,盛岡,2022,12,0.3,78.5,66.0,https://www.data.jma.go.jp/stats/etrn/view/monthly_s1.php?prec_no=33&block_no=47584&year=2022&month=&day=&view=,2026-09-05,fetch date (JMA pages carry no publish date; raw/research/weather/html/<station>_<year>.html)
morioka,盛岡,2023,1,-1.4,38.5,121.3,https://www.data.jma.go.jp/stats/etrn/view/monthly_s1.php?prec_no=33&block_no=47584&year=2023&month=&day=&view=,2026-09-05,fetch date (JMA pages carry no publish date; raw/research/weather/html/<station>_<year>.html)
morioka,盛岡,2023,2,-0.6,51.0,144.6,https://www.data.jma.go.jp/stats/etrn/view/monthly_s1.php?prec_no=33&block_no=47584&year=2023&month=&day=&view=,2026-09-05,fetch date (JMA pages carry no publish date; raw/research/weather/html/<station>_<year>.html)
morioka,盛岡,2023,3,6.9,95.0,197.9,https://www.data.jma.go.jp/stats/etrn/view/monthly_s1.php?prec_no=33&block_no=47584&year=2023&month=&day=&view=,2026-09-05,fetch date (JMA pages carry no publish date; raw/research/weather/html/<station>_<year>.html)
morioka,盛岡,2023,4,10.9,106.5,205.6,https://www.data.jma.go.jp/stats/etrn/view/monthly_s1.php?prec_no=33&block_no=47584&year=2023&month=&day=&view=,2026-09-05,fetch date (JMA pages carry no publish date; raw/research/weather/html/<station>_<year>.html)
morioka,盛岡,2023,5,15.0,72.5,200.0,https://www.data.jma.go.jp/stats/etrn/view/monthly_s1.php?prec_no=33&block_no=47584&year=2023&month=&day=&view=,2026-09-05,fetch date (JMA pages carry no publish date; raw/research/weather/html/<station>_<year>.html)
morioka,盛岡,2023,6,20.5,153.0,158.5,https://www.data.jma.go.jp/stats/etrn/view/monthly_s1.php?prec_no=33&block_no=47584&year=2023&month=&day=&view=,2026-09-05,fetch date (JMA pages carry no publish date; raw/research/weather/html/<station>_<year>.html)
morioka,盛岡,2023,7,25.0,289.5,182.5,https://www.data.jma.go.jp/stats/etrn/view/monthly_s1.php?prec_no=33&block_no=47584&year=2023&month=&day=&view=,2026-09-05,fetch date (JMA pages carry no publish date; raw/research/weather/html/<station>_<year>.html)
morioka,盛岡,2023,8,27.9,158.0,215.0,https://www.data.jma.go.jp/stats/etrn/view/monthly_s1.php?prec_no=33&block_no=47584&year=2023&month=&day=&view=,2026-09-05,fetch date (JMA pages carry no publish date; raw/research/weather/html/<station>_<year>.html)
morioka,盛岡,2023,9,22.8,186.5,124.4,https://www.data.jma.go.jp/stats/etrn/view/monthly_s1.php?prec_no=33&block_no=47584&year=2023&month=&day=&view=,2026-09-05,fetch date (JMA pages carry no publish date; raw/research/weather/html/<station>_<year>.html)
morioka,盛岡,2023,10,13.4,71.0,178.0,https://www.data.jma.go.jp/stats/etrn/view/monthly_s1.php?prec_no=33&block_no=47584&year=2023&month=&day=&view=,2026-09-05,fetch date (JMA pages carry no publish date; raw/research/weather/html/<station>_<year>.html)
morioka,盛岡,2023,11,8.0,122.0,98.7,https://www.data.jma.go.jp/stats/etrn/view/monthly_s1.php?prec_no=33&block_no=47584&year=2023&month=&day=&view=,2026-09-05,fetch date (JMA pages carry no publish date; raw/research/weather/html/<station>_<year>.html)
morioka,盛岡,2023,12,1.9,109.5,86.8,https://www.data.jma.go.jp/stats/etrn/view/monthly_s1.php?prec_no=33&block_no=47584&year=2023&month=&day=&view=,2026-09-05,fetch date (JMA pages carry no publish date; raw/research/weather/html/<station>_<year>.html)
morioka,盛岡,2024,1,0.8,41.0,103.9,https://www.data.jma.go.jp/stats/etrn/view/monthly_s1.php?prec_no=33&block_no=47584&year=2024&month=&day=&view=,2026-09-05,fetch date (JMA pages carry no publish date; raw/research/weather/html/<station>_<year>.html)
morioka,盛岡,2024,2,1.7,56.0,137.0,https://www.data.jma.go.jp/stats/etrn/view/monthly_s1.php?prec_no=33&block_no=47584&year=2024&month=&day=&view=,2026-09-05,fetch date (JMA pages carry no publish date; raw/research/weather/html/<station>_<year>.html)
morioka,盛岡,2024,3,2.7,92.0,130.8,https://www.data.jma.go.jp/stats/etrn/view/monthly_s1.php?prec_no=33&block_no=47584&year=2024&month=&day=&view=,2026-09-05,fetch date (JMA pages carry no publish date; raw/research/weather/html/<station>_<year>.html)
morioka,盛岡,2024,4,13.1,67.5,218.8,https://www.data.jma.go.jp/stats/etrn/view/monthly_s1.php?prec_no=33&block_no=47584&year=2024&month=&day=&view=,2026-09-05,fetch date (JMA pages carry no publish date; raw/research/weather/html/<station>_<year>.html)
morioka,盛岡,2024,5,16.0,80.0,204.3,https://www.data.jma.go.jp/stats/etrn/view/monthly_s1.php?prec_no=33&block_no=47584&year=2024&month=&day=&view=,2026-09-05,fetch date (JMA pages carry no publish date; raw/research/weather/html/<station>_<year>.html)
morioka,盛岡,2024,6,21.1,103.0,223.7,https://www.data.jma.go.jp/stats/etrn/view/monthly_s1.php?prec_no=33&block_no=47584&year=2024&month=&day=&view=,2026-09-05,fetch date (JMA pages carry no publish date; raw/research/weather/html/<station>_<year>.html)
morioka,盛岡,2024,7,24.5,377.0,148.9,https://www.data.jma.go.jp/stats/etrn/view/monthly_s1.php?prec_no=33&block_no=47584&year=2024&month=&day=&view=,2026-09-05,fetch date (JMA pages carry no publish date; raw/research/weather/html/<station>_<year>.html)
morioka,盛岡,2024,8,26.4,362.5,157.3,https://www.data.jma.go.jp/stats/etrn/view/monthly_s1.php?prec_no=33&block_no=47584&year=2024&month=&day=&view=,2026-09-05,fetch date (JMA pages carry no publish date; raw/research/weather/html/<station>_<year>.html)
morioka,盛岡,2024,9,21.7,137.0,163.4,https://www.data.jma.go.jp/stats/etrn/view/monthly_s1.php?prec_no=33&block_no=47584&year=2024&month=&day=&view=,2026-09-05,fetch date (JMA pages carry no publish date; raw/research/weather/html/<station>_<year>.html)
morioka,盛岡,2024,10,15.0,64.0,137.0,https://www.data.jma.go.jp/stats/etrn/view/monthly_s1.php?prec_no=33&block_no=47584&year=2024&month=&day=&view=,2026-09-05,fetch date (JMA pages carry no publish date; raw/research/weather/html/<station>_<year>.html)
morioka,盛岡,2024,11,7.3,54.0,150.0,https://www.data.jma.go.jp/stats/etrn/view/monthly_s1.php?prec_no=33&block_no=47584&year=2024&month=&day=&view=,2026-09-05,fetch date (JMA pages carry no publish date; raw/research/weather/html/<station>_<year>.html)
morioka,盛岡,2024,12,0.8,34.0,120.1,https://www.data.jma.go.jp/stats/etrn/view/monthly_s1.php?prec_no=33&block_no=47584&year=2024&month=&day=&view=,2026-09-05,fetch date (JMA pages carry no publish date; raw/research/weather/html/<station>_<year>.html)
morioka,盛岡,2025,1,0.1,45.0,128.5,https://www.data.jma.go.jp/stats/etrn/view/monthly_s1.php?prec_no=33&block_no=47584&year=2025&month=&day=&view=,2026-09-05,fetch date (JMA pages carry no publish date; raw/research/weather/html/<station>_<year>.html)
morioka,盛岡,2025,2,-0.4,27.5,137.8,https://www.data.jma.go.jp/stats/etrn/view/monthly_s1.php?prec_no=33&block_no=47584&year=2025&month=&day=&view=,2026-09-05,fetch date (JMA pages carry no publish date; raw/research/weather/html/<station>_<year>.html)
morioka,盛岡,2025,3,4.3,78.5,150.9,https://www.data.jma.go.jp/stats/etrn/view/monthly_s1.php?prec_no=33&block_no=47584&year=2025&month=&day=&view=,2026-09-05,fetch date (JMA pages carry no publish date; raw/research/weather/html/<station>_<year>.html)
morioka,盛岡,2025,4,10.1,107.0,119.1,https://www.data.jma.go.jp/stats/etrn/view/monthly_s1.php?prec_no=33&block_no=47584&year=2025&month=&day=&view=,2026-09-05,fetch date (JMA pages carry no publish date; raw/research/weather/html/<station>_<year>.html)
morioka,盛岡,2025,5,14.9,130.0,160.5,https://www.data.jma.go.jp/stats/etrn/view/monthly_s1.php?prec_no=33&block_no=47584&year=2025&month=&day=&view=,2026-09-05,fetch date (JMA pages carry no publish date; raw/research/weather/html/<station>_<year>.html)
morioka,盛岡,2025,6,21.8,75.0,196.5,https://www.data.jma.go.jp/stats/etrn/view/monthly_s1.php?prec_no=33&block_no=47584&year=2025&month=&day=&view=,2026-09-05,fetch date (JMA pages carry no publish date; raw/research/weather/html/<station>_<year>.html)
morioka,盛岡,2025,7,26.7,40.0,206.1,https://www.data.jma.go.jp/stats/etrn/view/monthly_s1.php?prec_no=33&block_no=47584&year=2025&month=&day=&view=,2026-09-05,fetch date (JMA pages carry no publish date; raw/research/weather/html/<station>_<year>.html)
morioka,盛岡,2025,8,25.8,226.0,186.2,https://www.data.jma.go.jp/stats/etrn/view/monthly_s1.php?prec_no=33&block_no=47584&year=2025&month=&day=&view=,2026-09-05,fetch date (JMA pages carry no publish date; raw/research/weather/html/<station>_<year>.html)
morioka,盛岡,2025,9,21.2,230.0,164.6,https://www.data.jma.go.jp/stats/etrn/view/monthly_s1.php?prec_no=33&block_no=47584&year=2025&month=&day=&view=,2026-09-05,fetch date (JMA pages carry no publish date; raw/research/weather/html/<station>_<year>.html)
morioka,盛岡,2025,10,13.0,103.0,120.9,https://www.data.jma.go.jp/stats/etrn/view/monthly_s1.php?prec_no=33&block_no=47584&year=2025&month=&day=&view=,2026-09-05,fetch date (JMA pages carry no publish date; raw/research/weather/html/<station>_<year>.html)
morioka,盛岡,2025,11,6.6,92.5,130.5,https://www.data.jma.go.jp/stats/etrn/view/monthly_s1.php?prec_no=33&block_no=47584&year=2025&month=&day=&view=,2026-09-05,fetch date (JMA pages carry no publish date; raw/research/weather/html/<station>_<year>.html)
morioka,盛岡,2025,12,2.1,110.5,71.3,https://www.data.jma.go.jp/stats/etrn/view/monthly_s1.php?prec_no=33&block_no=47584&year=2025&month=&day=&view=,2026-09-05,fetch date (JMA pages carry no publish date; raw/research/weather/html/<station>_<year>.html)
morioka,盛岡,2026,1,-2.4,79.0,110.8,https://www.data.jma.go.jp/stats/etrn/view/monthly_s1.php?prec_no=33&block_no=47584&year=2026&month=&day=&view=,2026-09-05,fetch date (JMA pages carry no publish date; raw/research/weather/html/<station>_<year>.html)
morioka,盛岡,2026,2,1.6,9.5,124.1,https://www.data.jma.go.jp/stats/etrn/view/monthly_s1.php?prec_no=33&block_no=47584&year=2026&month=&day=&view=,2026-09-05,fetch date (JMA pages carry no publish date; raw/research/weather/html/<station>_<year>.html)
morioka,盛岡,2026,3,4.7,70.5,196.6,https://www.data.jma.go.jp/stats/etrn/view/monthly_s1.php?prec_no=33&block_no=47584&year=2026&month=&day=&view=,2026-09-05,fetch date (JMA pages carry no publish date; raw/research/weather/html/<station>_<year>.html)
morioka,盛岡,2026,4,11.0,118.5,183.9,https://www.data.jma.go.jp/stats/etrn/view/monthly_s1.php?prec_no=33&block_no=47584&year=2026&month=&day=&view=,2026-09-05,fetch date (JMA pages carry no publish date; raw/research/weather/html/<station>_<year>.html)
morioka,盛岡,2026,5,16.7,94.0,222.1,https://www.data.jma.go.jp/stats/etrn/view/monthly_s1.php?prec_no=33&block_no=47584&year=2026&month=&day=&view=,2026-09-05,fetch date (JMA pages carry no publish date; raw/research/weather/html/<station>_<year>.html)
morioka,盛岡,2026,6,19.6,131.5,190.1,https://www.data.jma.go.jp/stats/etrn/view/monthly_s1.php?prec_no=33&block_no=47584&year=2026&month=&day=&view=,2026-09-05,fetch date (JMA pages carry no publish date; raw/research/weather/html/<station>_<year>.html)
morioka,盛岡,2026,7,24.3,173.0,100.9,https://www.data.jma.go.jp/stats/etrn/view/monthly_s1.php?prec_no=33&block_no=47584&year=2026&month=&day=&view=,2026-09-05,fetch date (JMA pages carry no publish date; raw/research/weather/html/<station>_<year>.html)
morioka,盛岡,2026,8,24.3,275.0,160.7,https://www.data.jma.go.jp/stats/etrn/view/monthly_s1.php?prec_no=33&block_no=47584&year=2026&month=&day=&view=,2026-09-05,fetch date (JMA pages carry no publish date; raw/research/weather/html/<station>_<year>.html)
morioka,盛岡,2026,9,,,,https://www.data.jma.go.jp/stats/etrn/view/monthly_s1.php?prec_no=33&block_no=47584&year=2026&month=&day=&view=,2026-09-05,fetch date (JMA pages carry no publish date; raw/research/weather/html/<station>_<year>.html)
morioka,盛岡,2026,10,,,,https://www.data.jma.go.jp/stats/etrn/view/monthly_s1.php?prec_no=33&block_no=47584&year=2026&month=&day=&view=,2026-09-05,fetch date (JMA pages carry no publish date; raw/research/weather/html/<station>_<year>.html)
morioka,盛岡,2026,11,,,,https://www.data.jma.go.jp/stats/etrn/view/monthly_s1.php?prec_no=33&block_no=47584&year=2026&month=&day=&view=,2026-09-05,fetch date (JMA pages carry no publish date; raw/research/weather/html/<station>_<year>.html)
morioka,盛岡,2026,12,,,,https://www.data.jma.go.jp/stats/etrn/view/monthly_s1.php?prec_no=33&block_no=47584&year=2026&month=&day=&view=,2026-09-05,fetch date (JMA pages carry no publish date; raw/research/weather/html/<station>_<year>.html)
aomori,青森,2009,1,-0.1,127.5,65.6,https://www.data.jma.go.jp/stats/etrn/view/monthly_s1.php?prec_no=31&block_no=47575&year=2009&month=&day=&view=,2026-09-05,fetch date (JMA pages carry no publish date; raw/research/weather/html/<station>_<year>.html)
aomori,青森,2009,2,0.2,135.5,67.1,https://www.data.jma.go.jp/stats/etrn/view/monthly_s1.php?prec_no=31&block_no=47575&year=2009&month=&day=&view=,2026-09-05,fetch date (JMA pages carry no publish date; raw/research/weather/html/<station>_<year>.html)
aomori,青森,2009,3,2.6,77.0,124.8,https://www.data.jma.go.jp/stats/etrn/view/monthly_s1.php?prec_no=31&block_no=47575&year=2009&month=&day=&view=,2026-09-05,fetch date (JMA pages carry no publish date; raw/research/weather/html/<station>_<year>.html)
aomori,青森,2009,4,9.0,113.5,211.2,https://www.data.jma.go.jp/stats/etrn/view/monthly_s1.php?prec_no=31&block_no=47575&year=2009&month=&day=&view=,2026-09-05,fetch date (JMA pages carry no publish date; raw/research/weather/html/<station>_<year>.html)
aomori,青森,2009,5,14.2,48.5,211.4,https://www.data.jma.go.jp/stats/etrn/view/monthly_s1.php?prec_no=31&block_no=47575&year=2009&month=&day=&view=,2026-09-05,fetch date (JMA pages carry no publish date; raw/research/weather/html/<station>_<year>.html)
aomori,青森,2009,6,17.3,76.0,146.6,https://www.data.jma.go.jp/stats/etrn/view/monthly_s1.php?prec_no=31&block_no=47575&year=2009&month=&day=&view=,2026-09-05,fetch date (JMA pages carry no publish date; raw/research/weather/html/<station>_<year>.html)
aomori,青森,2009,7,20.8,258.5,124.6,https://www.data.jma.go.jp/stats/etrn/view/monthly_s1.php?prec_no=31&block_no=47575&year=2009&month=&day=&view=,2026-09-05,fetch date (JMA pages carry no publish date; raw/research/weather/html/<station>_<year>.html)
aomori,青森,2009,8,21.9,118.0,142.1,https://www.data.jma.go.jp/stats/etrn/view/monthly_s1.php?prec_no=31&block_no=47575&year=2009&month=&day=&view=,2026-09-05,fetch date (JMA pages carry no publish date; raw/research/weather/html/<station>_<year>.html)
aomori,青森,2009,9,18.4,109.0,172.4,https://www.data.jma.go.jp/stats/etrn/view/monthly_s1.php?prec_no=31&block_no=47575&year=2009&month=&day=&view=,2026-09-05,fetch date (JMA pages carry no publish date; raw/research/weather/html/<station>_<year>.html)
aomori,青森,2009,10,13.9,151.0,167.7,https://www.data.jma.go.jp/stats/etrn/view/monthly_s1.php?prec_no=31&block_no=47575&year=2009&month=&day=&view=,2026-09-05,fetch date (JMA pages carry no publish date; raw/research/weather/html/<station>_<year>.html)
aomori,青森,2009,11,7.5,116.0,88.5,https://www.data.jma.go.jp/stats/etrn/view/monthly_s1.php?prec_no=31&block_no=47575&year=2009&month=&day=&view=,2026-09-05,fetch date (JMA pages carry no publish date; raw/research/weather/html/<station>_<year>.html)
aomori,青森,2009,12,1.4,129.0,41.7,https://www.data.jma.go.jp/stats/etrn/view/monthly_s1.php?prec_no=31&block_no=47575&year=2009&month=&day=&view=,2026-09-05,fetch date (JMA pages carry no publish date; raw/research/weather/html/<station>_<year>.html)
aomori,青森,2010,1,-0.5,175.5,42.3,https://www.data.jma.go.jp/stats/etrn/view/monthly_s1.php?prec_no=31&block_no=47575&year=2010&month=&day=&view=,2026-09-05,fetch date (JMA pages carry no publish date; raw/research/weather/html/<station>_<year>.html)
aomori,青森,2010,2,-1.0,77.5,87.8,https://www.data.jma.go.jp/stats/etrn/view/monthly_s1.php?prec_no=31&block_no=47575&year=2010&month=&day=&view=,2026-09-05,fetch date (JMA pages carry no publish date; raw/research/weather/html/<station>_<year>.html)
aomori,青森,2010,3,1.8,111.0,101.6,https://www.data.jma.go.jp/stats/etrn/view/monthly_s1.php?prec_no=31&block_no=47575&year=2010&month=&day=&view=,2026-09-05,fetch date (JMA pages carry no publish date; raw/research/weather/html/<station>_<year>.html)
aomori,青森,2010,4,7.2,57.5,136.5,https://www.data.jma.go.jp/stats/etrn/view/monthly_s1.php?prec_no=31&block_no=47575&year=2010&month=&day=&view=,2026-09-05,fetch date (JMA pages carry no publish date; raw/research/weather/html/<station>_<year>.html)
aomori,青森,2010,5,12.4,100.5,175.7,https://www.data.jma.go.jp/stats/etrn/view/monthly_s1.php?prec_no=31&block_no=47575&year=2010&month=&day=&view=,2026-09-05,fetch date (JMA pages carry no publish date; raw/research/weather/html/<station>_<year>.html)
aomori,青森,2010,6,18.5,107.0,190.4,https://www.data.jma.go.jp/stats/etrn/view/monthly_s1.php?prec_no=31&block_no=47575&year=2010&month=&day=&view=,2026-09-05,fetch date (JMA pages carry no publish date; raw/research/weather/html/<station>_<year>.html)
aomori,青森,2010,7,23.8,177.5,112.2,https://www.data.jma.go.jp/stats/etrn/view/monthly_s1.php?prec_no=31&block_no=47575&year=2010&month=&day=&view=,2026-09-05,fetch date (JMA pages carry no publish date; raw/research/weather/html/<station>_<year>.html)
aomori,青森,2010,8,26.0,149.0,181.0,https://www.data.jma.go.jp/stats/etrn/view/monthly_s1.php?prec_no=31&block_no=47575&year=2010&month=&day=&view=,2026-09-05,fetch date (JMA pages carry no publish date; raw/research/weather/html/<station>_<year>.html)
aomori,青森,2010,9,20.7,138.0,164.7,https://www.data.jma.go.jp/stats/etrn/view/monthly_s1.php?prec_no=31&block_no=47575&year=2010&month=&day=&view=,2026-09-05,fetch date (JMA pages carry no publish date; raw/research/weather/html/<station>_<year>.html)
aomori,青森,2010,10,14.3,97.5,133.1,https://www.data.jma.go.jp/stats/etrn/view/monthly_s1.php?prec_no=31&block_no=47575&year=2010&month=&day=&view=,2026-09-05,fetch date (JMA pages carry no publish date; raw/research/weather/html/<station>_<year>.html)
aomori,青森,2010,11,7.6,156.5,84.1,https://www.data.jma.go.jp/stats/etrn/view/monthly_s1.php?prec_no=31&block_no=47575&year=2010&month=&day=&view=,2026-09-05,fetch date (JMA pages carry no publish date; raw/research/weather/html/<station>_<year>.html)
aomori,青森,2010,12,2.5,222.5,55.6,https://www.data.jma.go.jp/stats/etrn/view/monthly_s1.php?prec_no=31&block_no=47575&year=2010&month=&day=&view=,2026-09-05,fetch date (JMA pages carry no publish date; raw/research/weather/html/<station>_<year>.html)
aomori,青森,2011,1,-2.6,209.0,51.4,https://www.data.jma.go.jp/stats/etrn/view/monthly_s1.php?prec_no=31&block_no=47575&year=2011&month=&day=&view=,2026-09-05,fetch date (JMA pages carry no publish date; raw/research/weather/html/<station>_<year>.html)
aomori,青森,2011,2,0.3,38.5,108.9,https://www.data.jma.go.jp/stats/etrn/view/monthly_s1.php?prec_no=31&block_no=47575&year=2011&month=&day=&view=,2026-09-05,fetch date (JMA pages carry no publish date; raw/research/weather/html/<station>_<year>.html)
aomori,青森,2011,3,1.4,90.5,122.6,https://www.data.jma.go.jp/stats/etrn/view/monthly_s1.php?prec_no=31&block_no=47575&year=2011&month=&day=&view=,2026-09-05,fetch date (JMA pages carry no publish date; raw/research/weather/html/<station>_<year>.html)
aomori,青森,2011,4,8.3,99.0,157.1,https://www.data.jma.go.jp/stats/etrn/view/monthly_s1.php?prec_no=31&block_no=47575&year=2011&month=&day=&view=,2026-09-05,fetch date (JMA pages carry no publish date; raw/research/weather/html/<station>_<year>.html)
aomori,青森,2011,5,12.4,76.5,158.7,https://www.data.jma.go.jp/stats/etrn/view/monthly_s1.php?prec_no=31&block_no=47575&year=2011&month=&day=&view=,2026-09-05,fetch date (JMA pages carry no publish date; raw/research/weather/html/<station>_<year>.html)
aomori,青森,2011,6,18.2,92.0,174.1,https://www.data.jma.go.jp/stats/etrn/view/monthly_s1.php?prec_no=31&block_no=47575&year=2011&month=&day=&view=,2026-09-05,fetch date (JMA pages carry no publish date; raw/research/weather/html/<station>_<year>.html)
aomori,青森,2011,7,22.9,52.0,166.8,https://www.data.jma.go.jp/stats/etrn/view/monthly_s1.php?prec_no=31&block_no=47575&year=2011&month=&day=&view=,2026-09-05,fetch date (JMA pages carry no publish date; raw/research/weather/html/<station>_<year>.html)
aomori,青森,2011,8,24.2,112.0,197.5,https://www.data.jma.go.jp/stats/etrn/view/monthly_s1.php?prec_no=31&block_no=47575&year=2011&month=&day=&view=,2026-09-05,fetch date (JMA pages carry no publish date; raw/research/weather/html/<station>_<year>.html)
aomori,青森,2011,9,20.4,345.0,131.2,https://www.data.jma.go.jp/stats/etrn/view/monthly_s1.php?prec_no=31&block_no=47575&year=2011&month=&day=&view=,2026-09-05,fetch date (JMA pages carry no publish date; raw/research/weather/html/<station>_<year>.html)
aomori,青森,2011,10,13.3,96.5,150.9,https://www.data.jma.go.jp/stats/etrn/view/monthly_s1.php?prec_no=31&block_no=47575&year=2011&month=&day=&view=,2026-09-05,fetch date (JMA pages carry no publish date; raw/research/weather/html/<station>_<year>.html)
aomori,青森,2011,11,8.1,148.5,91.2,https://www.data.jma.go.jp/stats/etrn/view/monthly_s1.php?prec_no=31&block_no=47575&year=2011&month=&day=&view=,2026-09-05,fetch date (JMA pages carry no publish date; raw/research/weather/html/<station>_<year>.html)
aomori,青森,2011,12,0.0,211.0,31.5,https://www.data.jma.go.jp/stats/etrn/view/monthly_s1.php?prec_no=31&block_no=47575&year=2011&month=&day=&view=,2026-09-05,fetch date (JMA pages carry no publish date; raw/research/weather/html/<station>_<year>.html)
aomori,青森,2012,1,-2.6,143.0,47.2,https://www.data.jma.go.jp/stats/etrn/view/monthly_s1.php?prec_no=31&block_no=47575&year=2012&month=&day=&view=,2026-09-05,fetch date (JMA pages carry no publish date; raw/research/weather/html/<station>_<year>.html)
aomori,青森,2012,2,-2.5,114.5,65.2,https://www.data.jma.go.jp/stats/etrn/view/monthly_s1.php?prec_no=31&block_no=47575&year=2012&month=&day=&view=,2026-09-05,fetch date (JMA pages carry no publish date; raw/research/weather/html/<station>_<year>.html)
aomori,青森,2012,3,1.8,101.5,101.0,https://www.data.jma.go.jp/stats/etrn/view/monthly_s1.php?prec_no=31&block_no=47575&year=2012&month=&day=&view=,2026-09-05,fetch date (JMA pages carry no publish date; raw/research/weather/html/<station>_<year>.html)
aomori,青森,2012,4,7.2,70.0,182.4,https://www.data.jma.go.jp/stats/etrn/view/monthly_s1.php?prec_no=31&block_no=47575&year=2012&month=&day=&view=,2026-09-05,fetch date (JMA pages carry no publish date; raw/research/weather/html/<station>_<year>.html)
aomori,青森,2012,5,13.5,58.5,181.0,https://www.data.jma.go.jp/stats/etrn/view/monthly_s1.php?prec_no=31&block_no=47575&year=2012&month=&day=&view=,2026-09-05,fetch date (JMA pages carry no publish date; raw/research/weather/html/<station>_<year>.html)
aomori,青森,2012,6,17.0,21.0,218.4,https://www.data.jma.go.jp/stats/etrn/view/monthly_s1.php?prec_no=31&block_no=47575&year=2012&month=&day=&view=,2026-09-05,fetch date (JMA pages carry no publish date; raw/research/weather/html/<station>_<year>.html)
aomori,青森,2012,7,21.9,243.0,195.7,https://www.data.jma.go.jp/stats/etrn/view/monthly_s1.php?prec_no=31&block_no=47575&year=2012&month=&day=&view=,2026-09-05,fetch date (JMA pages carry no publish date; raw/research/weather/html/<station>_<year>.html)
aomori,青森,2012,8,25.3,47.5,228.2,https://www.data.jma.go.jp/stats/etrn/view/monthly_s1.php?prec_no=31&block_no=47575&year=2012&month=&day=&view=,2026-09-05,fetch date (JMA pages carry no publish date; raw/research/weather/html/<station>_<year>.html)
aomori,青森,2012,9,23.5,76.0,201.3,https://www.data.jma.go.jp/stats/etrn/view/monthly_s1.php?prec_no=31&block_no=47575&year=2012&month=&day=&view=,2026-09-05,fetch date (JMA pages carry no publish date; raw/research/weather/html/<station>_<year>.html)
aomori,青森,2012,10,14.4,115.0,160.3,https://www.data.jma.go.jp/stats/etrn/view/monthly_s1.php?prec_no=31&block_no=47575&year=2012&month=&day=&view=,2026-09-05,fetch date (JMA pages carry no publish date; raw/research/weather/html/<station>_<year>.html)
aomori,青森,2012,11,7.0,205.0,47.1,https://www.data.jma.go.jp/stats/etrn/view/monthly_s1.php?prec_no=31&block_no=47575&year=2012&month=&day=&view=,2026-09-05,fetch date (JMA pages carry no publish date; raw/research/weather/html/<station>_<year>.html)
aomori,青森,2012,12,-0.5,100.5,41.3,https://www.data.jma.go.jp/stats/etrn/view/monthly_s1.php?prec_no=31&block_no=47575&year=2012&month=&day=&view=,2026-09-05,fetch date (JMA pages carry no publish date; raw/research/weather/html/<station>_<year>.html)
aomori,青森,2013,1,-2.4,127.0,49.3,https://www.data.jma.go.jp/stats/etrn/view/monthly_s1.php?prec_no=31&block_no=47575&year=2013&month=&day=&view=,2026-09-05,fetch date (JMA pages carry no publish date; raw/research/weather/html/<station>_<year>.html)
aomori,青森,2013,2,-1.7,147.5,55.4,https://www.data.jma.go.jp/stats/etrn/view/monthly_s1.php?prec_no=31&block_no=47575&year=2013&month=&day=&view=,2026-09-05,fetch date (JMA pages carry no publish date; raw/research/weather/html/<station>_<year>.html)
aomori,青森,2013,3,2.0,73.0,99.6,https://www.data.jma.go.jp/stats/etrn/view/monthly_s1.php?prec_no=31&block_no=47575&year=2013&month=&day=&view=,2026-09-05,fetch date (JMA pages carry no publish date; raw/research/weather/html/<station>_<year>.html)
aomori,青森,2013,4,7.5,119.0,170.2,https://www.data.jma.go.jp/stats/etrn/view/monthly_s1.php?prec_no=31&block_no=47575&year=2013&month=&day=&view=,2026-09-05,fetch date (JMA pages carry no publish date; raw/research/weather/html/<station>_<year>.html)
aomori,青森,2013,5,12.5,36.5,155.6,https://www.data.jma.go.jp/stats/etrn/view/monthly_s1.php?prec_no=31&block_no=47575&year=2013&month=&day=&view=,2026-09-05,fetch date (JMA pages carry no publish date; raw/research/weather/html/<station>_<year>.html)
aomori,青森,2013,6,18.1,9.0,232.2,https://www.data.jma.go.jp/stats/etrn/view/monthly_s1.php?prec_no=31&block_no=47575&year=2013&month=&day=&view=,2026-09-05,fetch date (JMA pages carry no publish date; raw/research/weather/html/<station>_<year>.html)
aomori,青森,2013,7,21.8,144.0,136.5,https://www.data.jma.go.jp/stats/etrn/view/monthly_s1.php?prec_no=31&block_no=47575&year=2013&month=&day=&view=,2026-09-05,fetch date (JMA pages carry no publish date; raw/research/weather/html/<station>_<year>.html)
aomori,青森,2013,8,24.7,308.0,185.2,https://www.data.jma.go.jp/stats/etrn/view/monthly_s1.php?prec_no=31&block_no=47575&year=2013&month=&day=&view=,2026-09-05,fetch date (JMA pages carry no publish date; raw/research/weather/html/<station>_<year>.html)
aomori,青森,2013,9,20.4,238.5,172.1,https://www.data.jma.go.jp/stats/etrn/view/monthly_s1.php?prec_no=31&block_no=47575&year=2013&month=&day=&view=,2026-09-05,fetch date (JMA pages carry no publish date; raw/research/weather/html/<station>_<year>.html)
aomori,青森,2013,10,14.6,204.5,101.1,https://www.data.jma.go.jp/stats/etrn/view/monthly_s1.php?prec_no=31&block_no=47575&year=2013&month=&day=&view=,2026-09-05,fetch date (JMA pages carry no publish date; raw/research/weather/html/<station>_<year>.html)
aomori,青森,2013,11,6.7,136.0,87.2,https://www.data.jma.go.jp/stats/etrn/view/monthly_s1.php?prec_no=31&block_no=47575&year=2013&month=&day=&view=,2026-09-05,fetch date (JMA pages carry no publish date; raw/research/weather/html/<station>_<year>.html)
aomori,青森,2013,12,2.0,121.0,71.1,https://www.data.jma.go.jp/stats/etrn/view/monthly_s1.php?prec_no=31&block_no=47575&year=2013&month=&day=&view=,2026-09-05,fetch date (JMA pages carry no publish date; raw/research/weather/html/<station>_<year>.html)
aomori,青森,2014,1,-1.6,168.0,40.5,https://www.data.jma.go.jp/stats/etrn/view/monthly_s1.php?prec_no=31&block_no=47575&year=2014&month=&day=&view=,2026-09-05,fetch date (JMA pages carry no publish date; raw/research/weather/html/<station>_<year>.html)
aomori,青森,2014,2,-1.3,88.5,76.9,https://www.data.jma.go.jp/stats/etrn/view/monthly_s1.php?prec_no=31&block_no=47575&year=2014&month=&day=&view=,2026-09-05,fetch date (JMA pages carry no publish date; raw/research/weather/html/<station>_<year>.html)
aomori,青森,2014,3,2.5,145.5,139.2,https://www.data.jma.go.jp/stats/etrn/view/monthly_s1.php?prec_no=31&block_no=47575&year=2014&month=&day=&view=,2026-09-05,fetch date (JMA pages carry no publish date; raw/research/weather/html/<station>_<year>.html)
aomori,青森,2014,4,8.8,14.0,259.5,https://www.data.jma.go.jp/stats/etrn/view/monthly_s1.php?prec_no=31&block_no=47575&year=2014&month=&day=&view=,2026-09-05,fetch date (JMA pages carry no publish date; raw/research/weather/html/<station>_<year>.html)
aomori,青森,2014,5,14.6,46.0,206.8,https://www.data.jma.go.jp/stats/etrn/view/monthly_s1.php?prec_no=31&block_no=47575&year=2014&month=&day=&view=,2026-09-05,fetch date (JMA pages carry no publish date; raw/research/weather/html/<station>_<year>.html)
aomori,青森,2014,6,18.1,122.0,168.6,https://www.data.jma.go.jp/stats/etrn/view/monthly_s1.php?prec_no=31&block_no=47575&year=2014&month=&day=&view=,2026-09-05,fetch date (JMA pages carry no publish date; raw/research/weather/html/<station>_<year>.html)
aomori,青森,2014,7,23.2,107.0,204.4,https://www.data.jma.go.jp/stats/etrn/view/monthly_s1.php?prec_no=31&block_no=47575&year=2014&month=&day=&view=,2026-09-05,fetch date (JMA pages carry no publish date; raw/research/weather/html/<station>_<year>.html)
aomori,青森,2014,8,23.6,274.0,132.1,https://www.data.jma.go.jp/stats/etrn/view/monthly_s1.php?prec_no=31&block_no=47575&year=2014&month=&day=&view=,2026-09-05,fetch date (JMA pages carry no publish date; raw/research/weather/html/<station>_<year>.html)
aomori,青森,2014,9,19.2,70.0,208.7,https://www.data.jma.go.jp/stats/etrn/view/monthly_s1.php?prec_no=31&block_no=47575&year=2014&month=&day=&view=,2026-09-05,fetch date (JMA pages carry no publish date; raw/research/weather/html/<station>_<year>.html)
aomori,青森,2014,10,12.8,146.5,170.6,https://www.data.jma.go.jp/stats/etrn/view/monthly_s1.php?prec_no=31&block_no=47575&year=2014&month=&day=&view=,2026-09-05,fetch date (JMA pages carry no publish date; raw/research/weather/html/<station>_<year>.html)
aomori,青森,2014,11,8.1,63.5,102.2,https://www.data.jma.go.jp/stats/etrn/view/monthly_s1.php?prec_no=31&block_no=47575&year=2014&month=&day=&view=,2026-09-05,fetch date (JMA pages carry no publish date; raw/research/weather/html/<station>_<year>.html)
aomori,青森,2014,12,0.0,238.5,25.5,https://www.data.jma.go.jp/stats/etrn/view/monthly_s1.php?prec_no=31&block_no=47575&year=2014&month=&day=&view=,2026-09-05,fetch date (JMA pages carry no publish date; raw/research/weather/html/<station>_<year>.html)
aomori,青森,2015,1,-0.2,133.5,43.0,https://www.data.jma.go.jp/stats/etrn/view/monthly_s1.php?prec_no=31&block_no=47575&year=2015&month=&day=&view=,2026-09-05,fetch date (JMA pages carry no publish date; raw/research/weather/html/<station>_<year>.html)
aomori,青森,2015,2,1.2,45.0,96.4,https://www.data.jma.go.jp/stats/etrn/view/monthly_s1.php?prec_no=31&block_no=47575&year=2015&month=&day=&view=,2026-09-05,fetch date (JMA pages carry no publish date; raw/research/weather/html/<station>_<year>.html)
aomori,青森,2015,3,4.6,56.5,141.0,https://www.data.jma.go.jp/stats/etrn/view/monthly_s1.php?prec_no=31&block_no=47575&year=2015&month=&day=&view=,2026-09-05,fetch date (JMA pages carry no publish date; raw/research/weather/html/<station>_<year>.html)
aomori,青森,2015,4,9.9,81.0,189.8,https://www.data.jma.go.jp/stats/etrn/view/monthly_s1.php?prec_no=31&block_no=47575&year=2015&month=&day=&view=,2026-09-05,fetch date (JMA pages carry no publish date; raw/research/weather/html/<station>_<year>.html)
aomori,青森,2015,5,15.1,69.5,255.0,https://www.data.jma.go.jp/stats/etrn/view/monthly_s1.php?prec_no=31&block_no=47575&year=2015&month=&day=&view=,2026-09-05,fetch date (JMA pages carry no publish date; raw/research/weather/html/<station>_<year>.html)
aomori,青森,2015,6,18.1,57.5,208.0,https://www.data.jma.go.jp/stats/etrn/view/monthly_s1.php?prec_no=31&block_no=47575&year=2015&month=&day=&view=,2026-09-05,fetch date (JMA pages carry no publish date; raw/research/weather/html/<station>_<year>.html)
aomori,青森,2015,7,22.8,65.0,179.3,https://www.data.jma.go.jp/stats/etrn/view/monthly_s1.php?prec_no=31&block_no=47575&year=2015&month=&day=&view=,2026-09-05,fetch date (JMA pages carry no publish date; raw/research/weather/html/<station>_<year>.html)
aomori,青森,2015,8,23.6,72.0,184.6,https://www.data.jma.go.jp/stats/etrn/view/monthly_s1.php?prec_no=31&block_no=47575&year=2015&month=&day=&view=,2026-09-05,fetch date (JMA pages carry no publish date; raw/research/weather/html/<station>_<year>.html)
aomori,青森,2015,9,19.4,65.0,153.4,https://www.data.jma.go.jp/stats/etrn/view/monthly_s1.php?prec_no=31&block_no=47575&year=2015&month=&day=&view=,2026-09-05,fetch date (JMA pages carry no publish date; raw/research/weather/html/<station>_<year>.html)
aomori,青森,2015,10,12.2,76.5,147.6,https://www.data.jma.go.jp/stats/etrn/view/monthly_s1.php?prec_no=31&block_no=47575&year=2015&month=&day=&view=,2026-09-05,fetch date (JMA pages carry no publish date; raw/research/weather/html/<station>_<year>.html)
aomori,青森,2015,11,8.4,147.5,88.5,https://www.data.jma.go.jp/stats/etrn/view/monthly_s1.php?prec_no=31&block_no=47575&year=2015&month=&day=&view=,2026-09-05,fetch date (JMA pages carry no publish date; raw/research/weather/html/<station>_<year>.html)
aomori,青森,2015,12,3.1,134.5,51.1,https://www.data.jma.go.jp/stats/etrn/view/monthly_s1.php?prec_no=31&block_no=47575&year=2015&month=&day=&view=,2026-09-05,fetch date (JMA pages carry no publish date; raw/research/weather/html/<station>_<year>.html)
aomori,青森,2016,1,-0.8,148.5,46.8,https://www.data.jma.go.jp/stats/etrn/view/monthly_s1.php?prec_no=31&block_no=47575&year=2016&month=&day=&view=,2026-09-05,fetch date (JMA pages carry no publish date; raw/research/weather/html/<station>_<year>.html)
aomori,青森,2016,2,-0.1,77.0,73.2,https://www.data.jma.go.jp/stats/etrn/view/monthly_s1.php?prec_no=31&block_no=47575&year=2016&month=&day=&view=,2026-09-05,fetch date (JMA pages carry no publish date; raw/research/weather/html/<station>_<year>.html)
aomori,青森,2016,3,4.0,54.0,152.3,https://www.data.jma.go.jp/stats/etrn/view/monthly_s1.php?prec_no=31&block_no=47575&year=2016&month=&day=&view=,2026-09-05,fetch date (JMA pages carry no publish date; raw/research/weather/html/<station>_<year>.html)
aomori,青森,2016,4,9.2,93.0,162.3,https://www.data.jma.go.jp/stats/etrn/view/monthly_s1.php?prec_no=31&block_no=47575&year=2016&month=&day=&view=,2026-09-05,fetch date (JMA pages carry no publish date; raw/research/weather/html/<station>_<year>.html)
aomori,青森,2016,5,15.4,53.5,253.3,https://www.data.jma.go.jp/stats/etrn/view/monthly_s1.php?prec_no=31&block_no=47575&year=2016&month=&day=&view=,2026-09-05,fetch date (JMA pages carry no publish date; raw/research/weather/html/<station>_<year>.html)
aomori,青森,2016,6,17.4,72.5,143.7,https://www.data.jma.go.jp/stats/etrn/view/monthly_s1.php?prec_no=31&block_no=47575&year=2016&month=&day=&view=,2026-09-05,fetch date (JMA pages carry no publish date; raw/research/weather/html/<station>_<year>.html)
aomori,青森,2016,7,21.5,132.5,174.7,https://www.data.jma.go.jp/stats/etrn/view/monthly_s1.php?prec_no=31&block_no=47575&year=2016&month=&day=&view=,2026-09-05,fetch date (JMA pages carry no publish date; raw/research/weather/html/<station>_<year>.html)
aomori,青森,2016,8,24.5,251.5,218.6,https://www.data.jma.go.jp/stats/etrn/view/monthly_s1.php?prec_no=31&block_no=47575&year=2016&month=&day=&view=,2026-09-05,fetch date (JMA pages carry no publish date; raw/research/weather/html/<station>_<year>.html)
aomori,青森,2016,9,20.7,101.0,149.9,https://www.data.jma.go.jp/stats/etrn/view/monthly_s1.php?prec_no=31&block_no=47575&year=2016&month=&day=&view=,2026-09-05,fetch date (JMA pages carry no publish date; raw/research/weather/html/<station>_<year>.html)
aomori,青森,2016,10,12.7,147.0,126.9,https://www.data.jma.go.jp/stats/etrn/view/monthly_s1.php?prec_no=31&block_no=47575&year=2016&month=&day=&view=,2026-09-05,fetch date (JMA pages carry no publish date; raw/research/weather/html/<station>_<year>.html)
aomori,青森,2016,11,5.0,90.0,54.5,https://www.data.jma.go.jp/stats/etrn/view/monthly_s1.php?prec_no=31&block_no=47575&year=2016&month=&day=&view=,2026-09-05,fetch date (JMA pages carry no publish date; raw/research/weather/html/<station>_<year>.html)
aomori,青森,2016,12,2.0,169.0,66.2,https://www.data.jma.go.jp/stats/etrn/view/monthly_s1.php?prec_no=31&block_no=47575&year=2016&month=&day=&view=,2026-09-05,fetch date (JMA pages carry no publish date; raw/research/weather/html/<station>_<year>.html)
aomori,青森,2017,1,-0.4,84.0,60.8,https://www.data.jma.go.jp/stats/etrn/view/monthly_s1.php?prec_no=31&block_no=47575&year=2017&month=&day=&view=,2026-09-05,fetch date (JMA pages carry no publish date; raw/research/weather/html/<station>_<year>.html)
aomori,青森,2017,2,0.2,109.0,60.0,https://www.data.jma.go.jp/stats/etrn/view/monthly_s1.php?prec_no=31&block_no=47575&year=2017&month=&day=&view=,2026-09-05,fetch date (JMA pages carry no publish date; raw/research/weather/html/<station>_<year>.html)
aomori,青森,2017,3,2.6,74.0,118.7,https://www.data.jma.go.jp/stats/etrn/view/monthly_s1.php?prec_no=31&block_no=47575&year=2017&month=&day=&view=,2026-09-05,fetch date (JMA pages carry no publish date; raw/research/weather/html/<station>_<year>.html)
aomori,青森,2017,4,9.7,48.0,197.5,https://www.data.jma.go.jp/stats/etrn/view/monthly_s1.php?prec_no=31&block_no=47575&year=2017&month=&day=&view=,2026-09-05,fetch date (JMA pages carry no publish date; raw/research/weather/html/<station>_<year>.html)
aomori,青森,2017,5,15.1,36.5,232.9,https://www.data.jma.go.jp/stats/etrn/view/monthly_s1.php?prec_no=31&block_no=47575&year=2017&month=&day=&view=,2026-09-05,fetch date (JMA pages carry no publish date; raw/research/weather/html/<station>_<year>.html)
aomori,青森,2017,6,16.9,97.5,193.8,https://www.data.jma.go.jp/stats/etrn/view/monthly_s1.php?prec_no=31&block_no=47575&year=2017&month=&day=&view=,2026-09-05,fetch date (JMA pages carry no publish date; raw/research/weather/html/<station>_<year>.html)
aomori,青森,2017,7,24.0,173.5,210.4,https://www.data.jma.go.jp/stats/etrn/view/monthly_s1.php?prec_no=31&block_no=47575&year=2017&month=&day=&view=,2026-09-05,fetch date (JMA pages carry no publish date; raw/research/weather/html/<station>_<year>.html)
aomori,青森,2017,8,22.0,120.5,156.3,https://www.data.jma.go.jp/stats/etrn/view/monthly_s1.php?prec_no=31&block_no=47575&year=2017&month=&day=&view=,2026-09-05,fetch date (JMA pages carry no publish date; raw/research/weather/html/<station>_<year>.html)
aomori,青森,2017,9,19.1,108.0,187.4,https://www.data.jma.go.jp/stats/etrn/view/monthly_s1.php?prec_no=31&block_no=47575&year=2017&month=&day=&view=,2026-09-05,fetch date (JMA pages carry no publish date; raw/research/weather/html/<station>_<year>.html)
aomori,青森,2017,10,12.7,167.0,120.1,https://www.data.jma.go.jp/stats/etrn/view/monthly_s1.php?prec_no=31&block_no=47575&year=2017&month=&day=&view=,2026-09-05,fetch date (JMA pages carry no publish date; raw/research/weather/html/<station>_<year>.html)
aomori,青森,2017,11,6.6,200.5,73.5,https://www.data.jma.go.jp/stats/etrn/view/monthly_s1.php?prec_no=31&block_no=47575&year=2017&month=&day=&view=,2026-09-05,fetch date (JMA pages carry no publish date; raw/research/weather/html/<station>_<year>.html)
aomori,青森,2017,12,0.2,169.5,48.2,https://www.data.jma.go.jp/stats/etrn/view/monthly_s1.php?prec_no=31&block_no=47575&year=2017&month=&day=&view=,2026-09-05,fetch date (JMA pages carry no publish date; raw/research/weather/html/<station>_<year>.html)
aomori,青森,2018,1,-0.9,104.0,66.6,https://www.data.jma.go.jp/stats/etrn/view/monthly_s1.php?prec_no=31&block_no=47575&year=2018&month=&day=&view=,2026-09-05,fetch date (JMA pages carry no publish date; raw/research/weather/html/<station>_<year>.html)
aomori,青森,2018,2,-1.9,97.5,85.3,https://www.data.jma.go.jp/stats/etrn/view/monthly_s1.php?prec_no=31&block_no=47575&year=2018&month=&day=&view=,2026-09-05,fetch date (JMA pages carry no publish date; raw/research/weather/html/<station>_<year>.html)
aomori,青森,2018,3,4.6,74.5,150.9,https://www.data.jma.go.jp/stats/etrn/view/monthly_s1.php?prec_no=31&block_no=47575&year=2018&month=&day=&view=,2026-09-05,fetch date (JMA pages carry no publish date; raw/research/weather/html/<station>_<year>.html)
aomori,青森,2018,4,9.6,82.5,171.1,https://www.data.jma.go.jp/stats/etrn/view/monthly_s1.php?prec_no=31&block_no=47575&year=2018&month=&day=&view=,2026-09-05,fetch date (JMA pages carry no publish date; raw/research/weather/html/<station>_<year>.html)
aomori,青森,2018,5,14.2,169.5,200.9,https://www.data.jma.go.jp/stats/etrn/view/monthly_s1.php?prec_no=31&block_no=47575&year=2018&month=&day=&view=,2026-09-05,fetch date (JMA pages carry no publish date; raw/research/weather/html/<station>_<year>.html)
aomori,青森,2018,6,17.8,102.0,172.1,https://www.data.jma.go.jp/stats/etrn/view/monthly_s1.php?prec_no=31&block_no=47575&year=2018&month=&day=&view=,2026-09-05,fetch date (JMA pages carry no publish date; raw/research/weather/html/<station>_<year>.html)
aomori,青森,2018,7,22.6,191.0,150.0,https://www.data.jma.go.jp/stats/etrn/view/monthly_s1.php?prec_no=31&block_no=47575&year=2018&month=&day=&view=,2026-09-05,fetch date (JMA pages carry no publish date; raw/research/weather/html/<station>_<year>.html)
aomori,青森,2018,8,22.8,180.5,157.6,https://www.data.jma.go.jp/stats/etrn/view/monthly_s1.php?prec_no=31&block_no=47575&year=2018&month=&day=&view=,2026-09-05,fetch date (JMA pages carry no publish date; raw/research/weather/html/<station>_<year>.html)
aomori,青森,2018,9,20.0,103.0,167.2,https://www.data.jma.go.jp/stats/etrn/view/monthly_s1.php?prec_no=31&block_no=47575&year=2018&month=&day=&view=,2026-09-05,fetch date (JMA pages carry no publish date; raw/research/weather/html/<station>_<year>.html)
aomori,青森,2018,10,14.2,185.5,154.5,https://www.data.jma.go.jp/stats/etrn/view/monthly_s1.php?prec_no=31&block_no=47575&year=2018&month=&day=&view=,2026-09-05,fetch date (JMA pages carry no publish date; raw/research/weather/html/<station>_<year>.html)
aomori,青森,2018,11,8.3,90.5,112.2,https://www.data.jma.go.jp/stats/etrn/view/monthly_s1.php?prec_no=31&block_no=47575&year=2018&month=&day=&view=,2026-09-05,fetch date (JMA pages carry no publish date; raw/research/weather/html/<station>_<year>.html)
aomori,青森,2018,12,1.2,172.5,53.6,https://www.data.jma.go.jp/stats/etrn/view/monthly_s1.php?prec_no=31&block_no=47575&year=2018&month=&day=&view=,2026-09-05,fetch date (JMA pages carry no publish date; raw/research/weather/html/<station>_<year>.html)
aomori,青森,2019,1,-0.6,95.5,36.6,https://www.data.jma.go.jp/stats/etrn/view/monthly_s1.php?prec_no=31&block_no=47575&year=2019&month=&day=&view=,2026-09-05,fetch date (JMA pages carry no publish date; raw/research/weather/html/<station>_<year>.html)
aomori,青森,2019,2,0.0,95.0,83.3,https://www.data.jma.go.jp/stats/etrn/view/monthly_s1.php?prec_no=31&block_no=47575&year=2019&month=&day=&view=,2026-09-05,fetch date (JMA pages carry no publish date; raw/research/weather/html/<station>_<year>.html)
aomori,青森,2019,3,3.8,87.0,140.5,https://www.data.jma.go.jp/stats/etrn/view/monthly_s1.php?prec_no=31&block_no=47575&year=2019&month=&day=&view=,2026-09-05,fetch date (JMA pages carry no publish date; raw/research/weather/html/<station>_<year>.html)
aomori,青森,2019,4,8.5,60.5,202.9,https://www.data.jma.go.jp/stats/etrn/view/monthly_s1.php?prec_no=31&block_no=47575&year=2019&month=&day=&view=,2026-09-05,fetch date (JMA pages carry no publish date; raw/research/weather/html/<station>_<year>.html)
aomori,青森,2019,5,15.8,28.0,282.7,https://www.data.jma.go.jp/stats/etrn/view/monthly_s1.php?prec_no=31&block_no=47575&year=2019&month=&day=&view=,2026-09-05,fetch date (JMA pages carry no publish date; raw/research/weather/html/<station>_<year>.html)
aomori,青森,2019,6,18.1,51.5,211.3,https://www.data.jma.go.jp/stats/etrn/view/monthly_s1.php?prec_no=31&block_no=47575&year=2019&month=&day=&view=,2026-09-05,fetch date (JMA pages carry no publish date; raw/research/weather/html/<station>_<year>.html)
aomori,青森,2019,7,22.1,37.5,203.4,https://www.data.jma.go.jp/stats/etrn/view/monthly_s1.php?prec_no=31&block_no=47575&year=2019&month=&day=&view=,2026-09-05,fetch date (JMA pages carry no publish date; raw/research/weather/html/<station>_<year>.html)
aomori,青森,2019,8,24.8,195.5,223.7,https://www.data.jma.go.jp/stats/etrn/view/monthly_s1.php?prec_no=31&block_no=47575&year=2019&month=&day=&view=,2026-09-05,fetch date (JMA pages carry no publish date; raw/research/weather/html/<station>_<year>.html)
aomori,青森,2019,9,21.2,44.5,197.2,https://www.data.jma.go.jp/stats/etrn/view/monthly_s1.php?prec_no=31&block_no=47575&year=2019&month=&day=&view=,2026-09-05,fetch date (JMA pages carry no publish date; raw/research/weather/html/<station>_<year>.html)
aomori,青森,2019,10,15.1,172.0,148.9,https://www.data.jma.go.jp/stats/etrn/view/monthly_s1.php?prec_no=31&block_no=47575&year=2019&month=&day=&view=,2026-09-05,fetch date (JMA pages carry no publish date; raw/research/weather/html/<station>_<year>.html)
aomori,青森,2019,11,6.3,73.0,87.9,https://www.data.jma.go.jp/stats/etrn/view/monthly_s1.php?prec_no=31&block_no=47575&year=2019&month=&day=&view=,2026-09-05,fetch date (JMA pages carry no publish date; raw/research/weather/html/<station>_<year>.html)
aomori,青森,2019,12,2.0,153.0,59.0,https://www.data.jma.go.jp/stats/etrn/view/monthly_s1.php?prec_no=31&block_no=47575&year=2019&month=&day=&view=,2026-09-05,fetch date (JMA pages carry no publish date; raw/research/weather/html/<station>_<year>.html)
aomori,青森,2020,1,0.9,83.0,59.3,https://www.data.jma.go.jp/stats/etrn/view/monthly_s1.php?prec_no=31&block_no=47575&year=2020&month=&day=&view=,2026-09-05,fetch date (JMA pages carry no publish date; raw/research/weather/html/<station>_<year>.html)
aomori,青森,2020,2,1.2,66.5,80.2,https://www.data.jma.go.jp/stats/etrn/view/monthly_s1.php?prec_no=31&block_no=47575&year=2020&month=&day=&view=,2026-09-05,fetch date (JMA pages carry no publish date; raw/research/weather/html/<station>_<year>.html)
aomori,青森,2020,3,5.1,81.0,158.5,https://www.data.jma.go.jp/stats/etrn/view/monthly_s1.php?prec_no=31&block_no=47575&year=2020&month=&day=&view=,2026-09-05,fetch date (JMA pages carry no publish date; raw/research/weather/html/<station>_<year>.html)
aomori,青森,2020,4,7.8,104.0,139.0,https://www.data.jma.go.jp/stats/etrn/view/monthly_s1.php?prec_no=31&block_no=47575&year=2020&month=&day=&view=,2026-09-05,fetch date (JMA pages carry no publish date; raw/research/weather/html/<station>_<year>.html)
aomori,青森,2020,5,14.4,75.0,182.7,https://www.data.jma.go.jp/stats/etrn/view/monthly_s1.php?prec_no=31&block_no=47575&year=2020&month=&day=&view=,2026-09-05,fetch date (JMA pages carry no publish date; raw/research/weather/html/<station>_<year>.html)
aomori,青森,2020,6,19.3,101.5,210.0,https://www.data.jma.go.jp/stats/etrn/view/monthly_s1.php?prec_no=31&block_no=47575&year=2020&month=&day=&view=,2026-09-05,fetch date (JMA pages carry no publish date; raw/research/weather/html/<station>_<year>.html)
aomori,青森,2020,7,21.2,200.0,167.3,https://www.data.jma.go.jp/stats/etrn/view/monthly_s1.php?prec_no=31&block_no=47575&year=2020&month=&day=&view=,2026-09-05,fetch date (JMA pages carry no publish date; raw/research/weather/html/<station>_<year>.html)
aomori,青森,2020,8,25.2,127.0,178.4,https://www.data.jma.go.jp/stats/etrn/view/monthly_s1.php?prec_no=31&block_no=47575&year=2020&month=&day=&view=,2026-09-05,fetch date (JMA pages carry no publish date; raw/research/weather/html/<station>_<year>.html)
aomori,青森,2020,9,21.3,199.0,172.8,https://www.data.jma.go.jp/stats/etrn/view/monthly_s1.php?prec_no=31&block_no=47575&year=2020&month=&day=&view=,2026-09-05,fetch date (JMA pages carry no publish date; raw/research/weather/html/<station>_<year>.html)
aomori,青森,2020,10,13.7,92.0,127.6,https://www.data.jma.go.jp/stats/etrn/view/monthly_s1.php?prec_no=31&block_no=47575&year=2020&month=&day=&view=,2026-09-05,fetch date (JMA pages carry no publish date; raw/research/weather/html/<station>_<year>.html)
aomori,青森,2020,11,8.0,122.0,78.5,https://www.data.jma.go.jp/stats/etrn/view/monthly_s1.php?prec_no=31&block_no=47575&year=2020&month=&day=&view=,2026-09-05,fetch date (JMA pages carry no publish date; raw/research/weather/html/<station>_<year>.html)
aomori,青森,2020,12,0.6,166.0,44.6,https://www.data.jma.go.jp/stats/etrn/view/monthly_s1.php?prec_no=31&block_no=47575&year=2020&month=&day=&view=,2026-09-05,fetch date (JMA pages carry no publish date; raw/research/weather/html/<station>_<year>.html)
aomori,青森,2021,1,-1.9,146.5,54.6,https://www.data.jma.go.jp/stats/etrn/view/monthly_s1.php?prec_no=31&block_no=47575&year=2021&month=&day=&view=,2026-09-05,fetch date (JMA pages carry no publish date; raw/research/weather/html/<station>_<year>.html)
aomori,青森,2021,2,-0.7,97.0,65.2,https://www.data.jma.go.jp/stats/etrn/view/monthly_s1.php?prec_no=31&block_no=47575&year=2021&month=&day=&view=,2026-09-05,fetch date (JMA pages carry no publish date; raw/research/weather/html/<station>_<year>.html)
aomori,青森,2021,3,5.4,98.0,140.7,https://www.data.jma.go.jp/stats/etrn/view/monthly_s1.php?prec_no=31&block_no=47575&year=2021&month=&day=&view=,2026-09-05,fetch date (JMA pages carry no publish date; raw/research/weather/html/<station>_<year>.html)
aomori,青森,2021,4,9.0,80.0,215.3,https://www.data.jma.go.jp/stats/etrn/view/monthly_s1.php?prec_no=31&block_no=47575&year=2021&month=&day=&view=,2026-09-05,fetch date (JMA pages carry no publish date; raw/research/weather/html/<station>_<year>.html)
aomori,青森,2021,5,14.4,125.5,174.5,https://www.data.jma.go.jp/stats/etrn/view/monthly_s1.php?prec_no=31&block_no=47575&year=2021&month=&day=&view=,2026-09-05,fetch date (JMA pages carry no publish date; raw/research/weather/html/<station>_<year>.html)
aomori,青森,2021,6,19.4,28.5,252.3,https://www.data.jma.go.jp/stats/etrn/view/monthly_s1.php?prec_no=31&block_no=47575&year=2021&month=&day=&view=,2026-09-05,fetch date (JMA pages carry no publish date; raw/research/weather/html/<station>_<year>.html)
aomori,青森,2021,7,23.9,66.0,244.5,https://www.data.jma.go.jp/stats/etrn/view/monthly_s1.php?prec_no=31&block_no=47575&year=2021&month=&day=&view=,2026-09-05,fetch date (JMA pages carry no publish date; raw/research/weather/html/<station>_<year>.html)
aomori,青森,2021,8,23.5,154.0,148.7,https://www.data.jma.go.jp/stats/etrn/view/monthly_s1.php?prec_no=31&block_no=47575&year=2021&month=&day=&view=,2026-09-05,fetch date (JMA pages carry no publish date; raw/research/weather/html/<station>_<year>.html)
aomori,青森,2021,9,19.8,55.5,214.8,https://www.data.jma.go.jp/stats/etrn/view/monthly_s1.php?prec_no=31&block_no=47575&year=2021&month=&day=&view=,2026-09-05,fetch date (JMA pages carry no publish date; raw/research/weather/html/<station>_<year>.html)
aomori,青森,2021,10,13.9,139.5,131.2,https://www.data.jma.go.jp/stats/etrn/view/monthly_s1.php?prec_no=31&block_no=47575&year=2021&month=&day=&view=,2026-09-05,fetch date (JMA pages carry no publish date; raw/research/weather/html/<station>_<year>.html)
aomori,青森,2021,11,9.0,161.5,94.8,https://www.data.jma.go.jp/stats/etrn/view/monthly_s1.php?prec_no=31&block_no=47575&year=2021&month=&day=&view=,2026-09-05,fetch date (JMA pages carry no publish date; raw/research/weather/html/<station>_<year>.html)
aomori,青森,2021,12,1.7,230.5,49.1,https://www.data.jma.go.jp/stats/etrn/view/monthly_s1.php?prec_no=31&block_no=47575&year=2021&month=&day=&view=,2026-09-05,fetch date (JMA pages carry no publish date; raw/research/weather/html/<station>_<year>.html)
aomori,青森,2022,1,-1.2,150.5,58.3,https://www.data.jma.go.jp/stats/etrn/view/monthly_s1.php?prec_no=31&block_no=47575&year=2022&month=&day=&view=,2026-09-05,fetch date (JMA pages carry no publish date; raw/research/weather/html/<station>_<year>.html)
aomori,青森,2022,2,-0.8,99.5,73.9,https://www.data.jma.go.jp/stats/etrn/view/monthly_s1.php?prec_no=31&block_no=47575&year=2022&month=&day=&view=,2026-09-05,fetch date (JMA pages carry no publish date; raw/research/weather/html/<station>_<year>.html)
aomori,青森,2022,3,3.7,70.0,146.9,https://www.data.jma.go.jp/stats/etrn/view/monthly_s1.php?prec_no=31&block_no=47575&year=2022&month=&day=&view=,2026-09-05,fetch date (JMA pages carry no publish date; raw/research/weather/html/<station>_<year>.html)
aomori,青森,2022,4,10.1,31.0,233.4,https://www.data.jma.go.jp/stats/etrn/view/monthly_s1.php?prec_no=31&block_no=47575&year=2022&month=&day=&view=,2026-09-05,fetch date (JMA pages carry no publish date; raw/research/weather/html/<station>_<year>.html)
aomori,青森,2022,5,14.7,69.0,253.3,https://www.data.jma.go.jp/stats/etrn/view/monthly_s1.php?prec_no=31&block_no=47575&year=2022&month=&day=&view=,2026-09-05,fetch date (JMA pages carry no publish date; raw/research/weather/html/<station>_<year>.html)
aomori,青森,2022,6,18.4,133.5,180.5,https://www.data.jma.go.jp/stats/etrn/view/monthly_s1.php?prec_no=31&block_no=47575&year=2022&month=&day=&view=,2026-09-05,fetch date (JMA pages carry no publish date; raw/research/weather/html/<station>_<year>.html)
aomori,青森,2022,7,23.2,53.0,169.7,https://www.data.jma.go.jp/stats/etrn/view/monthly_s1.php?prec_no=31&block_no=47575&year=2022&month=&day=&view=,2026-09-05,fetch date (JMA pages carry no publish date; raw/research/weather/html/<station>_<year>.html)
aomori,青森,2022,8,23.6,587.0,137.7,https://www.data.jma.go.jp/stats/etrn/view/monthly_s1.php?prec_no=31&block_no=47575&year=2022&month=&day=&view=,2026-09-05,fetch date (JMA pages carry no publish date; raw/research/weather/html/<station>_<year>.html)
aomori,青森,2022,9,21.0,78.0,212.5,https://www.data.jma.go.jp/stats/etrn/view/monthly_s1.php?prec_no=31&block_no=47575&year=2022&month=&day=&view=,2026-09-05,fetch date (JMA pages carry no publish date; raw/research/weather/html/<station>_<year>.html)
aomori,青森,2022,10,13.7,76.5,153.0,https://www.data.jma.go.jp/stats/etrn/view/monthly_s1.php?prec_no=31&block_no=47575&year=2022&month=&day=&view=,2026-09-05,fetch date (JMA pages carry no publish date; raw/research/weather/html/<station>_<year>.html)
aomori,青森,2022,11,8.7,151.0,114.6,https://www.data.jma.go.jp/stats/etrn/view/monthly_s1.php?prec_no=31&block_no=47575&year=2022&month=&day=&view=,2026-09-05,fetch date (JMA pages carry no publish date; raw/research/weather/html/<station>_<year>.html)
aomori,青森,2022,12,0.8,222.5,38.3,https://www.data.jma.go.jp/stats/etrn/view/monthly_s1.php?prec_no=31&block_no=47575&year=2022&month=&day=&view=,2026-09-05,fetch date (JMA pages carry no publish date; raw/research/weather/html/<station>_<year>.html)
aomori,青森,2023,1,-1.1,122.0,45.3,https://www.data.jma.go.jp/stats/etrn/view/monthly_s1.php?prec_no=31&block_no=47575&year=2023&month=&day=&view=,2026-09-05,fetch date (JMA pages carry no publish date; raw/research/weather/html/<station>_<year>.html)
aomori,青森,2023,2,0.0,88.5,73.3,https://www.data.jma.go.jp/stats/etrn/view/monthly_s1.php?prec_no=31&block_no=47575&year=2023&month=&day=&view=,2026-09-05,fetch date (JMA pages carry no publish date; raw/research/weather/html/<station>_<year>.html)
aomori,青森,2023,3,5.9,55.5,209.0,https://www.data.jma.go.jp/stats/etrn/view/monthly_s1.php?prec_no=31&block_no=47575&year=2023&month=&day=&view=,2026-09-05,fetch date (JMA pages carry no publish date; raw/research/weather/html/<station>_<year>.html)
aomori,青森,2023,4,10.7,82.0,192.3,https://www.data.jma.go.jp/stats/etrn/view/monthly_s1.php?prec_no=31&block_no=47575&year=2023&month=&day=&view=,2026-09-05,fetch date (JMA pages carry no publish date; raw/research/weather/html/<station>_<year>.html)
aomori,青森,2023,5,14.8,94.0,243.3,https://www.data.jma.go.jp/stats/etrn/view/monthly_s1.php?prec_no=31&block_no=47575&year=2023&month=&day=&view=,2026-09-05,fetch date (JMA pages carry no publish date; raw/research/weather/html/<station>_<year>.html)
aomori,青森,2023,6,19.9,51.0,171.3,https://www.data.jma.go.jp/stats/etrn/view/monthly_s1.php?prec_no=31&block_no=47575&year=2023&month=&day=&view=,2026-09-05,fetch date (JMA pages carry no publish date; raw/research/weather/html/<station>_<year>.html)
aomori,青森,2023,7,24.7,134.0,177.2,https://www.data.jma.go.jp/stats/etrn/view/monthly_s1.php?prec_no=31&block_no=47575&year=2023&month=&day=&view=,2026-09-05,fetch date (JMA pages carry no publish date; raw/research/weather/html/<station>_<year>.html)
aomori,青森,2023,8,28.0,26.0,256.5,https://www.data.jma.go.jp/stats/etrn/view/monthly_s1.php?prec_no=31&block_no=47575&year=2023&month=&day=&view=,2026-09-05,fetch date (JMA pages carry no publish date; raw/research/weather/html/<station>_<year>.html)
aomori,青森,2023,9,23.1,120.5,159.4,https://www.data.jma.go.jp/stats/etrn/view/monthly_s1.php?prec_no=31&block_no=47575&year=2023&month=&day=&view=,2026-09-05,fetch date (JMA pages carry no publish date; raw/research/weather/html/<station>_<year>.html)
aomori,青森,2023,10,14.5,183.0,163.9,https://www.data.jma.go.jp/stats/etrn/view/monthly_s1.php?prec_no=31&block_no=47575&year=2023&month=&day=&view=,2026-09-05,fetch date (JMA pages carry no publish date; raw/research/weather/html/<station>_<year>.html)
aomori,青森,2023,11,8.5,222.0,87.3,https://www.data.jma.go.jp/stats/etrn/view/monthly_s1.php?prec_no=31&block_no=47575&year=2023&month=&day=&view=,2026-09-05,fetch date (JMA pages carry no publish date; raw/research/weather/html/<station>_<year>.html)
aomori,青森,2023,12,1.9,137.5,42.6,https://www.data.jma.go.jp/stats/etrn/view/monthly_s1.php?prec_no=31&block_no=47575&year=2023&month=&day=&view=,2026-09-05,fetch date (JMA pages carry no publish date; raw/research/weather/html/<station>_<year>.html)
aomori,青森,2024,1,1.4,170.0,52.6,https://www.data.jma.go.jp/stats/etrn/view/monthly_s1.php?prec_no=31&block_no=47575&year=2024&month=&day=&view=,2026-09-05,fetch date (JMA pages carry no publish date; raw/research/weather/html/<station>_<year>.html)
aomori,青森,2024,2,1.3,83.0,80.8,https://www.data.jma.go.jp/stats/etrn/view/monthly_s1.php?prec_no=31&block_no=47575&year=2024&month=&day=&view=,2026-09-05,fetch date (JMA pages carry no publish date; raw/research/weather/html/<station>_<year>.html)
aomori,青森,2024,3,3.1,74.0,118.3,https://www.data.jma.go.jp/stats/etrn/view/monthly_s1.php?prec_no=31&block_no=47575&year=2024&month=&day=&view=,2026-09-05,fetch date (JMA pages carry no publish date; raw/research/weather/html/<station>_<year>.html)
aomori,青森,2024,4,11.2,51.0,227.1,https://www.data.jma.go.jp/stats/etrn/view/monthly_s1.php?prec_no=31&block_no=47575&year=2024&month=&day=&view=,2026-09-05,fetch date (JMA pages carry no publish date; raw/research/weather/html/<station>_<year>.html)
aomori,青森,2024,5,15.4,45.0,201.4,https://www.data.jma.go.jp/stats/etrn/view/monthly_s1.php?prec_no=31&block_no=47575&year=2024&month=&day=&view=,2026-09-05,fetch date (JMA pages carry no publish date; raw/research/weather/html/<station>_<year>.html)
aomori,青森,2024,6,19.8,86.5,219.6,https://www.data.jma.go.jp/stats/etrn/view/monthly_s1.php?prec_no=31&block_no=47575&year=2024&month=&day=&view=,2026-09-05,fetch date (JMA pages carry no publish date; raw/research/weather/html/<station>_<year>.html)
aomori,青森,2024,7,24.3,236.0,133.7,https://www.data.jma.go.jp/stats/etrn/view/monthly_s1.php?prec_no=31&block_no=47575&year=2024&month=&day=&view=,2026-09-05,fetch date (JMA pages carry no publish date; raw/research/weather/html/<station>_<year>.html)
aomori,青森,2024,8,25.8,109.5,166.1,https://www.data.jma.go.jp/stats/etrn/view/monthly_s1.php?prec_no=31&block_no=47575&year=2024&month=&day=&view=,2026-09-05,fetch date (JMA pages carry no publish date; raw/research/weather/html/<station>_<year>.html)
aomori,青森,2024,9,21.7,28.5,216.8,https://www.data.jma.go.jp/stats/etrn/view/monthly_s1.php?prec_no=31&block_no=47575&year=2024&month=&day=&view=,2026-09-05,fetch date (JMA pages carry no publish date; raw/research/weather/html/<station>_<year>.html)
aomori,青森,2024,10,15.4,102.0,164.2,https://www.data.jma.go.jp/stats/etrn/view/monthly_s1.php?prec_no=31&block_no=47575&year=2024&month=&day=&view=,2026-09-05,fetch date (JMA pages carry no publish date; raw/research/weather/html/<station>_<year>.html)
aomori,青森,2024,11,7.5,133.5,89.8,https://www.data.jma.go.jp/stats/etrn/view/monthly_s1.php?prec_no=31&block_no=47575&year=2024&month=&day=&view=,2026-09-05,fetch date (JMA pages carry no publish date; raw/research/weather/html/<station>_<year>.html)
aomori,青森,2024,12,0.6,318.0,30.6,https://www.data.jma.go.jp/stats/etrn/view/monthly_s1.php?prec_no=31&block_no=47575&year=2024&month=&day=&view=,2026-09-05,fetch date (JMA pages carry no publish date; raw/research/weather/html/<station>_<year>.html)
aomori,青森,2025,1,0.6,167.0,77.5,https://www.data.jma.go.jp/stats/etrn/view/monthly_s1.php?prec_no=31&block_no=47575&year=2025&month=&day=&view=,2026-09-05,fetch date (JMA pages carry no publish date; raw/research/weather/html/<station>_<year>.html)
aomori,青森,2025,2,0.0,126.0,86.1,https://www.data.jma.go.jp/stats/etrn/view/monthly_s1.php?prec_no=31&block_no=47575&year=2025&month=&day=&view=,2026-09-05,fetch date (JMA pages carry no publish date; raw/research/weather/html/<station>_<year>.html)
aomori,青森,2025,3,3.9,86.5,141.6,https://www.data.jma.go.jp/stats/etrn/view/monthly_s1.php?prec_no=31&block_no=47575&year=2025&month=&day=&view=,2026-09-05,fetch date (JMA pages carry no publish date; raw/research/weather/html/<station>_<year>.html)
aomori,青森,2025,4,9.5,116.0,126.8,https://www.data.jma.go.jp/stats/etrn/view/monthly_s1.php?prec_no=31&block_no=47575&year=2025&month=&day=&view=,2026-09-05,fetch date (JMA pages carry no publish date; raw/research/weather/html/<station>_<year>.html)
aomori,青森,2025,5,14.4,55.5,197.5,https://www.data.jma.go.jp/stats/etrn/view/monthly_s1.php?prec_no=31&block_no=47575&year=2025&month=&day=&view=,2026-09-05,fetch date (JMA pages carry no publish date; raw/research/weather/html/<station>_<year>.html)
aomori,青森,2025,6,20.7,122.5,211.7,https://www.data.jma.go.jp/stats/etrn/view/monthly_s1.php?prec_no=31&block_no=47575&year=2025&month=&day=&view=,2026-09-05,fetch date (JMA pages carry no publish date; raw/research/weather/html/<station>_<year>.html)
aomori,青森,2025,7,26.6,43.0,234.1,https://www.data.jma.go.jp/stats/etrn/view/monthly_s1.php?prec_no=31&block_no=47575&year=2025&month=&day=&view=,2026-09-05,fetch date (JMA pages carry no publish date; raw/research/weather/html/<station>_<year>.html)
aomori,青森,2025,8,25.9,269.0,200.1,https://www.data.jma.go.jp/stats/etrn/view/monthly_s1.php?prec_no=31&block_no=47575&year=2025&month=&day=&view=,2026-09-05,fetch date (JMA pages carry no publish date; raw/research/weather/html/<station>_<year>.html)
aomori,青森,2025,9,22.2,115.5,195.9,https://www.data.jma.go.jp/stats/etrn/view/monthly_s1.php?prec_no=31&block_no=47575&year=2025&month=&day=&view=,2026-09-05,fetch date (JMA pages carry no publish date; raw/research/weather/html/<station>_<year>.html)
aomori,青森,2025,10,13.7,94.5,128.5,https://www.data.jma.go.jp/stats/etrn/view/monthly_s1.php?prec_no=31&block_no=47575&year=2025&month=&day=&view=,2026-09-05,fetch date (JMA pages carry no publish date; raw/research/weather/html/<station>_<year>.html)
aomori,青森,2025,11,7.7,204.0,82.5,https://www.data.jma.go.jp/stats/etrn/view/monthly_s1.php?prec_no=31&block_no=47575&year=2025&month=&day=&view=,2026-09-05,fetch date (JMA pages carry no publish date; raw/research/weather/html/<station>_<year>.html)
aomori,青森,2025,12,2.7,166.5,43.2,https://www.data.jma.go.jp/stats/etrn/view/monthly_s1.php?prec_no=31&block_no=47575&year=2025&month=&day=&view=,2026-09-05,fetch date (JMA pages carry no publish date; raw/research/weather/html/<station>_<year>.html)
aomori,青森,2026,1,-1.8,313.5,28.7,https://www.data.jma.go.jp/stats/etrn/view/monthly_s1.php?prec_no=31&block_no=47575&year=2026&month=&day=&view=,2026-09-05,fetch date (JMA pages carry no publish date; raw/research/weather/html/<station>_<year>.html)
aomori,青森,2026,2,1.4,104.0,91.2,https://www.data.jma.go.jp/stats/etrn/view/monthly_s1.php?prec_no=31&block_no=47575&year=2026&month=&day=&view=,2026-09-05,fetch date (JMA pages carry no publish date; raw/research/weather/html/<station>_<year>.html)
aomori,青森,2026,3,4.5,39.0,150.9,https://www.data.jma.go.jp/stats/etrn/view/monthly_s1.php?prec_no=31&block_no=47575&year=2026&month=&day=&view=,2026-09-05,fetch date (JMA pages carry no publish date; raw/research/weather/html/<station>_<year>.html)
aomori,青森,2026,4,10.4,84.0,223.6,https://www.data.jma.go.jp/stats/etrn/view/monthly_s1.php?prec_no=31&block_no=47575&year=2026&month=&day=&view=,2026-09-05,fetch date (JMA pages carry no publish date; raw/research/weather/html/<station>_<year>.html)
aomori,青森,2026,5,15.9,57.0,247.7,https://www.data.jma.go.jp/stats/etrn/view/monthly_s1.php?prec_no=31&block_no=47575&year=2026&month=&day=&view=,2026-09-05,fetch date (JMA pages carry no publish date; raw/research/weather/html/<station>_<year>.html)
aomori,青森,2026,6,18.2,100.5,224.9,https://www.data.jma.go.jp/stats/etrn/view/monthly_s1.php?prec_no=31&block_no=47575&year=2026&month=&day=&view=,2026-09-05,fetch date (JMA pages carry no publish date; raw/research/weather/html/<station>_<year>.html)
aomori,青森,2026,7,23.7,149.0,119.5,https://www.data.jma.go.jp/stats/etrn/view/monthly_s1.php?prec_no=31&block_no=47575&year=2026&month=&day=&view=,2026-09-05,fetch date (JMA pages carry no publish date; raw/research/weather/html/<station>_<year>.html)
aomori,青森,2026,8,24.6,65.0,208.9,https://www.data.jma.go.jp/stats/etrn/view/monthly_s1.php?prec_no=31&block_no=47575&year=2026&month=&day=&view=,2026-09-05,fetch date (JMA pages carry no publish date; raw/research/weather/html/<station>_<year>.html)
aomori,青森,2026,9,,,,https://www.data.jma.go.jp/stats/etrn/view/monthly_s1.php?prec_no=31&block_no=47575&year=2026&month=&day=&view=,2026-09-05,fetch date (JMA pages carry no publish date; raw/research/weather/html/<station>_<year>.html)
aomori,青森,2026,10,,,,https://www.data.jma.go.jp/stats/etrn/view/monthly_s1.php?prec_no=31&block_no=47575&year=2026&month=&day=&view=,2026-09-05,fetch date (JMA pages carry no publish date; raw/research/weather/html/<station>_<year>.html)
aomori,青森,2026,11,,,,https://www.data.jma.go.jp/stats/etrn/view/monthly_s1.php?prec_no=31&block_no=47575&year=2026&month=&day=&view=,2026-09-05,fetch date (JMA pages carry no publish date; raw/research/weather/html/<station>_<year>.html)
aomori,青森,2026,12,,,,https://www.data.jma.go.jp/stats/etrn/view/monthly_s1.php?prec_no=31&block_no=47575&year=2026&month=&day=&view=,2026-09-05,fetch date (JMA pages carry no publish date; raw/research/weather/html/<station>_<year>.html)
yamagata,山形,2009,1,0.7,89.5,96.4,https://www.data.jma.go.jp/stats/etrn/view/monthly_s1.php?prec_no=35&block_no=47588&year=2009&month=&day=&view=,2026-09-05,fetch date (JMA pages carry no publish date; raw/research/weather/html/<station>_<year>.html)
yamagata,山形,2009,2,1.0,65.5,109.2,https://www.data.jma.go.jp/stats/etrn/view/monthly_s1.php?prec_no=35&block_no=47588&year=2009&month=&day=&view=,2026-09-05,fetch date (JMA pages carry no publish date; raw/research/weather/html/<station>_<year>.html)
yamagata,山形,2009,3,4.0,44.5,141.3,https://www.data.jma.go.jp/stats/etrn/view/monthly_s1.php?prec_no=35&block_no=47588&year=2009&month=&day=&view=,2026-09-05,fetch date (JMA pages carry no publish date; raw/research/weather/html/<station>_<year>.html)
yamagata,山形,2009,4,10.6,88.5,204.5,https://www.data.jma.go.jp/stats/etrn/view/monthly_s1.php?prec_no=35&block_no=47588&year=2009&month=&day=&view=,2026-09-05,fetch date (JMA pages carry no publish date; raw/research/weather/html/<station>_<year>.html)
yamagata,山形,2009,5,17.0,19.5,175.6,https://www.data.jma.go.jp/stats/etrn/view/monthly_s1.php?prec_no=35&block_no=47588&year=2009&month=&day=&view=,2026-09-05,fetch date (JMA pages carry no publish date; raw/research/weather/html/<station>_<year>.html)
yamagata,山形,2009,6,20.4,85.5,152.4,https://www.data.jma.go.jp/stats/etrn/view/monthly_s1.php?prec_no=35&block_no=47588&year=2009&month=&day=&view=,2026-09-05,fetch date (JMA pages carry no publish date; raw/research/weather/html/<station>_<year>.html)
yamagata,山形,2009,7,23.3,206.0,96.1,https://www.data.jma.go.jp/stats/etrn/view/monthly_s1.php?prec_no=35&block_no=47588&year=2009&month=&day=&view=,2026-09-05,fetch date (JMA pages carry no publish date; raw/research/weather/html/<station>_<year>.html)
yamagata,山形,2009,8,23.6,97.5,122.7,https://www.data.jma.go.jp/stats/etrn/view/monthly_s1.php?prec_no=35&block_no=47588&year=2009&month=&day=&view=,2026-09-05,fetch date (JMA pages carry no publish date; raw/research/weather/html/<station>_<year>.html)
yamagata,山形,2009,9,19.0,29.0,143.8,https://www.data.jma.go.jp/stats/etrn/view/monthly_s1.php?prec_no=35&block_no=47588&year=2009&month=&day=&view=,2026-09-05,fetch date (JMA pages carry no publish date; raw/research/weather/html/<station>_<year>.html)
yamagata,山形,2009,10,13.8,101.0,146.9,https://www.data.jma.go.jp/stats/etrn/view/monthly_s1.php?prec_no=35&block_no=47588&year=2009&month=&day=&view=,2026-09-05,fetch date (JMA pages carry no publish date; raw/research/weather/html/<station>_<year>.html)
yamagata,山形,2009,11,8.6,98.0,98.4,https://www.data.jma.go.jp/stats/etrn/view/monthly_s1.php?prec_no=35&block_no=47588&year=2009&month=&day=&view=,2026-09-05,fetch date (JMA pages carry no publish date; raw/research/weather/html/<station>_<year>.html)
yamagata,山形,2009,12,2.9,77.5,72.8,https://www.data.jma.go.jp/stats/etrn/view/monthly_s1.php?prec_no=35&block_no=47588&year=2009&month=&day=&view=,2026-09-05,fetch date (JMA pages carry no publish date; raw/research/weather/html/<station>_<year>.html)
yamagata,山形,2010,1,0.8,55.5,68.5,https://www.data.jma.go.jp/stats/etrn/view/monthly_s1.php?prec_no=35&block_no=47588&year=2010&month=&day=&view=,2026-09-05,fetch date (JMA pages carry no publish date; raw/research/weather/html/<station>_<year>.html)
yamagata,山形,2010,2,0.3,46.5,100.0,https://www.data.jma.go.jp/stats/etrn/view/monthly_s1.php?prec_no=35&block_no=47588&year=2010&month=&day=&view=,2026-09-05,fetch date (JMA pages carry no publish date; raw/research/weather/html/<station>_<year>.html)
yamagata,山形,2010,3,3.4,69.5,91.9,https://www.data.jma.go.jp/stats/etrn/view/monthly_s1.php?prec_no=35&block_no=47588&year=2010&month=&day=&view=,2026-09-05,fetch date (JMA pages carry no publish date; raw/research/weather/html/<station>_<year>.html)
yamagata,山形,2010,4,7.8,77.0,122.6,https://www.data.jma.go.jp/stats/etrn/view/monthly_s1.php?prec_no=35&block_no=47588&year=2010&month=&day=&view=,2026-09-05,fetch date (JMA pages carry no publish date; raw/research/weather/html/<station>_<year>.html)
yamagata,山形,2010,5,15.4,79.5,166.1,https://www.data.jma.go.jp/stats/etrn/view/monthly_s1.php?prec_no=35&block_no=47588&year=2010&month=&day=&view=,2026-09-05,fetch date (JMA pages carry no publish date; raw/research/weather/html/<station>_<year>.html)
yamagata,山形,2010,6,21.7,220.5,182.9,https://www.data.jma.go.jp/stats/etrn/view/monthly_s1.php?prec_no=35&block_no=47588&year=2010&month=&day=&view=,2026-09-05,fetch date (JMA pages carry no publish date; raw/research/weather/html/<station>_<year>.html)
yamagata,山形,2010,7,25.5,185.0,168.2,https://www.data.jma.go.jp/stats/etrn/view/monthly_s1.php?prec_no=35&block_no=47588&year=2010&month=&day=&view=,2026-09-05,fetch date (JMA pages carry no publish date; raw/research/weather/html/<station>_<year>.html)
yamagata,山形,2010,8,27.7,134.5,220.4,https://www.data.jma.go.jp/stats/etrn/view/monthly_s1.php?prec_no=35&block_no=47588&year=2010&month=&day=&view=,2026-09-05,fetch date (JMA pages carry no publish date; raw/research/weather/html/<station>_<year>.html)
yamagata,山形,2010,9,21.3,231.5,106.9,https://www.data.jma.go.jp/stats/etrn/view/monthly_s1.php?prec_no=35&block_no=47588&year=2010&month=&day=&view=,2026-09-05,fetch date (JMA pages carry no publish date; raw/research/weather/html/<station>_<year>.html)
yamagata,山形,2010,10,14.8,61.0,121.2,https://www.data.jma.go.jp/stats/etrn/view/monthly_s1.php?prec_no=35&block_no=47588&year=2010&month=&day=&view=,2026-09-05,fetch date (JMA pages carry no publish date; raw/research/weather/html/<station>_<year>.html)
yamagata,山形,2010,11,7.7,69.5,97.6,https://www.data.jma.go.jp/stats/etrn/view/monthly_s1.php?prec_no=35&block_no=47588&year=2010&month=&day=&view=,2026-09-05,fetch date (JMA pages carry no publish date; raw/research/weather/html/<station>_<year>.html)
yamagata,山形,2010,12,3.5,188.5,93.0,https://www.data.jma.go.jp/stats/etrn/view/monthly_s1.php?prec_no=35&block_no=47588&year=2010&month=&day=&view=,2026-09-05,fetch date (JMA pages carry no publish date; raw/research/weather/html/<station>_<year>.html)
yamagata,山形,2011,1,-1.6,85.0,86.4,https://www.data.jma.go.jp/stats/etrn/view/monthly_s1.php?prec_no=35&block_no=47588&year=2011&month=&day=&view=,2026-09-05,fetch date (JMA pages carry no publish date; raw/research/weather/html/<station>_<year>.html)
yamagata,山形,2011,2,0.3,52.0,123.2,https://www.data.jma.go.jp/stats/etrn/view/monthly_s1.php?prec_no=35&block_no=47588&year=2011&month=&day=&view=,2026-09-05,fetch date (JMA pages carry no publish date; raw/research/weather/html/<station>_<year>.html)
yamagata,山形,2011,3,1.7,72.0,126.7,https://www.data.jma.go.jp/stats/etrn/view/monthly_s1.php?prec_no=35&block_no=47588&year=2011&month=&day=&view=,2026-09-05,fetch date (JMA pages carry no publish date; raw/research/weather/html/<station>_<year>.html)
yamagata,山形,2011,4,8.9,39.5,178.2,https://www.data.jma.go.jp/stats/etrn/view/monthly_s1.php?prec_no=35&block_no=47588&year=2011&month=&day=&view=,2026-09-05,fetch date (JMA pages carry no publish date; raw/research/weather/html/<station>_<year>.html)
yamagata,山形,2011,5,15.6,102.5,190.2,https://www.data.jma.go.jp/stats/etrn/view/monthly_s1.php?prec_no=35&block_no=47588&year=2011&month=&day=&view=,2026-09-05,fetch date (JMA pages carry no publish date; raw/research/weather/html/<station>_<year>.html)
yamagata,山形,2011,6,20.8,169.0,173.2,https://www.data.jma.go.jp/stats/etrn/view/monthly_s1.php?prec_no=35&block_no=47588&year=2011&month=&day=&view=,2026-09-05,fetch date (JMA pages carry no publish date; raw/research/weather/html/<station>_<year>.html)
yamagata,山形,2011,7,25.0,144.0,174.6,https://www.data.jma.go.jp/stats/etrn/view/monthly_s1.php?prec_no=35&block_no=47588&year=2011&month=&day=&view=,2026-09-05,fetch date (JMA pages carry no publish date; raw/research/weather/html/<station>_<year>.html)
yamagata,山形,2011,8,25.6,30.0,147.9,https://www.data.jma.go.jp/stats/etrn/view/monthly_s1.php?prec_no=35&block_no=47588&year=2011&month=&day=&view=,2026-09-05,fetch date (JMA pages carry no publish date; raw/research/weather/html/<station>_<year>.html)
yamagata,山形,2011,9,21.8,252.5,148.6,https://www.data.jma.go.jp/stats/etrn/view/monthly_s1.php?prec_no=35&block_no=47588&year=2011&month=&day=&view=,2026-09-05,fetch date (JMA pages carry no publish date; raw/research/weather/html/<station>_<year>.html)
yamagata,山形,2011,10,14.1,70.5,141.1,https://www.data.jma.go.jp/stats/etrn/view/monthly_s1.php?prec_no=35&block_no=47588&year=2011&month=&day=&view=,2026-09-05,fetch date (JMA pages carry no publish date; raw/research/weather/html/<station>_<year>.html)
yamagata,山形,2011,11,8.2,55.0,96.8,https://www.data.jma.go.jp/stats/etrn/view/monthly_s1.php?prec_no=35&block_no=47588&year=2011&month=&day=&view=,2026-09-05,fetch date (JMA pages carry no publish date; raw/research/weather/html/<station>_<year>.html)
yamagata,山形,2011,12,1.4,72.5,77.4,https://www.data.jma.go.jp/stats/etrn/view/monthly_s1.php?prec_no=35&block_no=47588&year=2011&month=&day=&view=,2026-09-05,fetch date (JMA pages carry no publish date; raw/research/weather/html/<station>_<year>.html)
yamagata,山形,2012,1,-1.8,68.5,64.8,https://www.data.jma.go.jp/stats/etrn/view/monthly_s1.php?prec_no=35&block_no=47588&year=2012&month=&day=&view=,2026-09-05,fetch date (JMA pages carry no publish date; raw/research/weather/html/<station>_<year>.html)
yamagata,山形,2012,2,-2.0,79.0,92.6,https://www.data.jma.go.jp/stats/etrn/view/monthly_s1.php?prec_no=35&block_no=47588&year=2012&month=&day=&view=,2026-09-05,fetch date (JMA pages carry no publish date; raw/research/weather/html/<station>_<year>.html)
yamagata,山形,2012,3,2.8,100.0,128.7,https://www.data.jma.go.jp/stats/etrn/view/monthly_s1.php?prec_no=35&block_no=47588&year=2012&month=&day=&view=,2026-09-05,fetch date (JMA pages carry no publish date; raw/research/weather/html/<station>_<year>.html)
yamagata,山形,2012,4,9.3,54.0,157.6,https://www.data.jma.go.jp/stats/etrn/view/monthly_s1.php?prec_no=35&block_no=47588&year=2012&month=&day=&view=,2026-09-05,fetch date (JMA pages carry no publish date; raw/research/weather/html/<station>_<year>.html)
yamagata,山形,2012,5,15.6,124.5,182.3,https://www.data.jma.go.jp/stats/etrn/view/monthly_s1.php?prec_no=35&block_no=47588&year=2012&month=&day=&view=,2026-09-05,fetch date (JMA pages carry no publish date; raw/research/weather/html/<station>_<year>.html)
yamagata,山形,2012,6,19.3,55.0,201.9,https://www.data.jma.go.jp/stats/etrn/view/monthly_s1.php?prec_no=35&block_no=47588&year=2012&month=&day=&view=,2026-09-05,fetch date (JMA pages carry no publish date; raw/research/weather/html/<station>_<year>.html)
yamagata,山形,2012,7,24.4,84.0,146.8,https://www.data.jma.go.jp/stats/etrn/view/monthly_s1.php?prec_no=35&block_no=47588&year=2012&month=&day=&view=,2026-09-05,fetch date (JMA pages carry no publish date; raw/research/weather/html/<station>_<year>.html)
yamagata,山形,2012,8,27.0,91.0,242.7,https://www.data.jma.go.jp/stats/etrn/view/monthly_s1.php?prec_no=35&block_no=47588&year=2012&month=&day=&view=,2026-09-05,fetch date (JMA pages carry no publish date; raw/research/weather/html/<station>_<year>.html)
yamagata,山形,2012,9,23.3,124.0,174.6,https://www.data.jma.go.jp/stats/etrn/view/monthly_s1.php?prec_no=35&block_no=47588&year=2012&month=&day=&view=,2026-09-05,fetch date (JMA pages carry no publish date; raw/research/weather/html/<station>_<year>.html)
yamagata,山形,2012,10,14.7,58.5,132.6,https://www.data.jma.go.jp/stats/etrn/view/monthly_s1.php?prec_no=35&block_no=47588&year=2012&month=&day=&view=,2026-09-05,fetch date (JMA pages carry no publish date; raw/research/weather/html/<station>_<year>.html)
yamagata,山形,2012,11,7.6,68.5,70.5,https://www.data.jma.go.jp/stats/etrn/view/monthly_s1.php?prec_no=35&block_no=47588&year=2012&month=&day=&view=,2026-09-05,fetch date (JMA pages carry no publish date; raw/research/weather/html/<station>_<year>.html)
yamagata,山形,2012,12,1.1,84.5,68.7,https://www.data.jma.go.jp/stats/etrn/view/monthly_s1.php?prec_no=35&block_no=47588&year=2012&month=&day=&view=,2026-09-05,fetch date (JMA pages carry no publish date; raw/research/weather/html/<station>_<year>.html)
yamagata,山形,2013,1,-1.2,76.5,103.7,https://www.data.jma.go.jp/stats/etrn/view/monthly_s1.php?prec_no=35&block_no=47588&year=2013&month=&day=&view=,2026-09-05,fetch date (JMA pages carry no publish date; raw/research/weather/html/<station>_<year>.html)
yamagata,山形,2013,2,-1.2,72.0,95.1,https://www.data.jma.go.jp/stats/etrn/view/monthly_s1.php?prec_no=35&block_no=47588&year=2013&month=&day=&view=,2026-09-05,fetch date (JMA pages carry no publish date; raw/research/weather/html/<station>_<year>.html)
yamagata,山形,2013,3,3.7,27.0,164.0,https://www.data.jma.go.jp/stats/etrn/view/monthly_s1.php?prec_no=35&block_no=47588&year=2013&month=&day=&view=,2026-09-05,fetch date (JMA pages carry no publish date; raw/research/weather/html/<station>_<year>.html)
yamagata,山形,2013,4,9.0,43.0,171.4,https://www.data.jma.go.jp/stats/etrn/view/monthly_s1.php?prec_no=35&block_no=47588&year=2013&month=&day=&view=,2026-09-05,fetch date (JMA pages carry no publish date; raw/research/weather/html/<station>_<year>.html)
yamagata,山形,2013,5,15.9,53.0,228.8,https://www.data.jma.go.jp/stats/etrn/view/monthly_s1.php?prec_no=35&block_no=47588&year=2013&month=&day=&view=,2026-09-05,fetch date (JMA pages carry no publish date; raw/research/weather/html/<station>_<year>.html)
yamagata,山形,2013,6,21.4,70.0,221.2,https://www.data.jma.go.jp/stats/etrn/view/monthly_s1.php?prec_no=35&block_no=47588&year=2013&month=&day=&view=,2026-09-05,fetch date (JMA pages carry no publish date; raw/research/weather/html/<station>_<year>.html)
yamagata,山形,2013,7,23.7,386.0,82.3,https://www.data.jma.go.jp/stats/etrn/view/monthly_s1.php?prec_no=35&block_no=47588&year=2013&month=&day=&view=,2026-09-05,fetch date (JMA pages carry no publish date; raw/research/weather/html/<station>_<year>.html)
yamagata,山形,2013,8,25.6,125.0,187.6,https://www.data.jma.go.jp/stats/etrn/view/monthly_s1.php?prec_no=35&block_no=47588&year=2013&month=&day=&view=,2026-09-05,fetch date (JMA pages carry no publish date; raw/research/weather/html/<station>_<year>.html)
yamagata,山形,2013,9,21.0,95.5,170.8,https://www.data.jma.go.jp/stats/etrn/view/monthly_s1.php?prec_no=35&block_no=47588&year=2013&month=&day=&view=,2026-09-05,fetch date (JMA pages carry no publish date; raw/research/weather/html/<station>_<year>.html)
yamagata,山形,2013,10,15.5,179.5,110.2,https://www.data.jma.go.jp/stats/etrn/view/monthly_s1.php?prec_no=35&block_no=47588&year=2013&month=&day=&view=,2026-09-05,fetch date (JMA pages carry no publish date; raw/research/weather/html/<station>_<year>.html)
yamagata,山形,2013,11,7.1,85.0,100.4,https://www.data.jma.go.jp/stats/etrn/view/monthly_s1.php?prec_no=35&block_no=47588&year=2013&month=&day=&view=,2026-09-05,fetch date (JMA pages carry no publish date; raw/research/weather/html/<station>_<year>.html)
yamagata,山形,2013,12,2.4,134.5,60.5,https://www.data.jma.go.jp/stats/etrn/view/monthly_s1.php?prec_no=35&block_no=47588&year=2013&month=&day=&view=,2026-09-05,fetch date (JMA pages carry no publish date; raw/research/weather/html/<station>_<year>.html)
yamagata,山形,2014,1,-0.1,67.5,98.8,https://www.data.jma.go.jp/stats/etrn/view/monthly_s1.php?prec_no=35&block_no=47588&year=2014&month=&day=&view=,2026-09-05,fetch date (JMA pages carry no publish date; raw/research/weather/html/<station>_<year>.html)
yamagata,山形,2014,2,-0.5,100.5,99.1,https://www.data.jma.go.jp/stats/etrn/view/monthly_s1.php?prec_no=35&block_no=47588&year=2014&month=&day=&view=,2026-09-05,fetch date (JMA pages carry no publish date; raw/research/weather/html/<station>_<year>.html)
yamagata,山形,2014,3,3.7,154.5,114.5,https://www.data.jma.go.jp/stats/etrn/view/monthly_s1.php?prec_no=35&block_no=47588&year=2014&month=&day=&view=,2026-09-05,fetch date (JMA pages carry no publish date; raw/research/weather/html/<station>_<year>.html)
yamagata,山形,2014,4,10.3,34.0,243.3,https://www.data.jma.go.jp/stats/etrn/view/monthly_s1.php?prec_no=35&block_no=47588&year=2014&month=&day=&view=,2026-09-05,fetch date (JMA pages carry no publish date; raw/research/weather/html/<station>_<year>.html)
yamagata,山形,2014,5,16.8,74.5,209.6,https://www.data.jma.go.jp/stats/etrn/view/monthly_s1.php?prec_no=35&block_no=47588&year=2014&month=&day=&view=,2026-09-05,fetch date (JMA pages carry no publish date; raw/research/weather/html/<station>_<year>.html)
yamagata,山形,2014,6,21.4,83.5,170.5,https://www.data.jma.go.jp/stats/etrn/view/monthly_s1.php?prec_no=35&block_no=47588&year=2014&month=&day=&view=,2026-09-05,fetch date (JMA pages carry no publish date; raw/research/weather/html/<station>_<year>.html)
yamagata,山形,2014,7,24.1,168.0,165.0,https://www.data.jma.go.jp/stats/etrn/view/monthly_s1.php?prec_no=35&block_no=47588&year=2014&month=&day=&view=,2026-09-05,fetch date (JMA pages carry no publish date; raw/research/weather/html/<station>_<year>.html)
yamagata,山形,2014,8,25.0,157.5,133.2,https://www.data.jma.go.jp/stats/etrn/view/monthly_s1.php?prec_no=35&block_no=47588&year=2014&month=&day=&view=,2026-09-05,fetch date (JMA pages carry no publish date; raw/research/weather/html/<station>_<year>.html)
yamagata,山形,2014,9,19.4,27.0,187.5,https://www.data.jma.go.jp/stats/etrn/view/monthly_s1.php?prec_no=35&block_no=47588&year=2014&month=&day=&view=,2026-09-05,fetch date (JMA pages carry no publish date; raw/research/weather/html/<station>_<year>.html)
yamagata,山形,2014,10,13.3,157.5,166.4,https://www.data.jma.go.jp/stats/etrn/view/monthly_s1.php?prec_no=35&block_no=47588&year=2014&month=&day=&view=,2026-09-05,fetch date (JMA pages carry no publish date; raw/research/weather/html/<station>_<year>.html)
yamagata,山形,2014,11,7.7,85.0,101.0,https://www.data.jma.go.jp/stats/etrn/view/monthly_s1.php?prec_no=35&block_no=47588&year=2014&month=&day=&view=,2026-09-05,fetch date (JMA pages carry no publish date; raw/research/weather/html/<station>_<year>.html)
yamagata,山形,2014,12,0.3,227.0,48.0,https://www.data.jma.go.jp/stats/etrn/view/monthly_s1.php?prec_no=35&block_no=47588&year=2014&month=&day=&view=,2026-09-05,fetch date (JMA pages carry no publish date; raw/research/weather/html/<station>_<year>.html)
yamagata,山形,2015,1,-0.2,67.0,68.3,https://www.data.jma.go.jp/stats/etrn/view/monthly_s1.php?prec_no=35&block_no=47588&year=2015&month=&day=&view=,2026-09-05,fetch date (JMA pages carry no publish date; raw/research/weather/html/<station>_<year>.html)
yamagata,山形,2015,2,0.9,53.5,83.0,https://www.data.jma.go.jp/stats/etrn/view/monthly_s1.php?prec_no=35&block_no=47588&year=2015&month=&day=&view=,2026-09-05,fetch date (JMA pages carry no publish date; raw/research/weather/html/<station>_<year>.html)
yamagata,山形,2015,3,5.0,112.0,149.4,https://www.data.jma.go.jp/stats/etrn/view/monthly_s1.php?prec_no=35&block_no=47588&year=2015&month=&day=&view=,2026-09-05,fetch date (JMA pages carry no publish date; raw/research/weather/html/<station>_<year>.html)
yamagata,山形,2015,4,11.6,89.5,196.8,https://www.data.jma.go.jp/stats/etrn/view/monthly_s1.php?prec_no=35&block_no=47588&year=2015&month=&day=&view=,2026-09-05,fetch date (JMA pages carry no publish date; raw/research/weather/html/<station>_<year>.html)
yamagata,山形,2015,5,18.6,40.0,272.3,https://www.data.jma.go.jp/stats/etrn/view/monthly_s1.php?prec_no=35&block_no=47588&year=2015&month=&day=&view=,2026-09-05,fetch date (JMA pages carry no publish date; raw/research/weather/html/<station>_<year>.html)
yamagata,山形,2015,6,20.6,76.0,176.0,https://www.data.jma.go.jp/stats/etrn/view/monthly_s1.php?prec_no=35&block_no=47588&year=2015&month=&day=&view=,2026-09-05,fetch date (JMA pages carry no publish date; raw/research/weather/html/<station>_<year>.html)
yamagata,山形,2015,7,25.3,78.0,192.1,https://www.data.jma.go.jp/stats/etrn/view/monthly_s1.php?prec_no=35&block_no=47588&year=2015&month=&day=&view=,2026-09-05,fetch date (JMA pages carry no publish date; raw/research/weather/html/<station>_<year>.html)
yamagata,山形,2015,8,24.3,101.5,141.9,https://www.data.jma.go.jp/stats/etrn/view/monthly_s1.php?prec_no=35&block_no=47588&year=2015&month=&day=&view=,2026-09-05,fetch date (JMA pages carry no publish date; raw/research/weather/html/<station>_<year>.html)
yamagata,山形,2015,9,19.8,201.5,127.7,https://www.data.jma.go.jp/stats/etrn/view/monthly_s1.php?prec_no=35&block_no=47588&year=2015&month=&day=&view=,2026-09-05,fetch date (JMA pages carry no publish date; raw/research/weather/html/<station>_<year>.html)
yamagata,山形,2015,10,13.7,30.5,176.2,https://www.data.jma.go.jp/stats/etrn/view/monthly_s1.php?prec_no=35&block_no=47588&year=2015&month=&day=&view=,2026-09-05,fetch date (JMA pages carry no publish date; raw/research/weather/html/<station>_<year>.html)
yamagata,山形,2015,11,9.1,87.0,81.3,https://www.data.jma.go.jp/stats/etrn/view/monthly_s1.php?prec_no=35&block_no=47588&year=2015&month=&day=&view=,2026-09-05,fetch date (JMA pages carry no publish date; raw/research/weather/html/<station>_<year>.html)
yamagata,山形,2015,12,3.7,90.5,79.2,https://www.data.jma.go.jp/stats/etrn/view/monthly_s1.php?prec_no=35&block_no=47588&year=2015&month=&day=&view=,2026-09-05,fetch date (JMA pages carry no publish date; raw/research/weather/html/<station>_<year>.html)
yamagata,山形,2016,1,0.9,113.5,54.7,https://www.data.jma.go.jp/stats/etrn/view/monthly_s1.php?prec_no=35&block_no=47588&year=2016&month=&day=&view=,2026-09-05,fetch date (JMA pages carry no publish date; raw/research/weather/html/<station>_<year>.html)
yamagata,山形,2016,2,1.4,35.5,109.8,https://www.data.jma.go.jp/stats/etrn/view/monthly_s1.php?prec_no=35&block_no=47588&year=2016&month=&day=&view=,2026-09-05,fetch date (JMA pages carry no publish date; raw/research/weather/html/<station>_<year>.html)
yamagata,山形,2016,3,5.5,26.0,163.3,https://www.data.jma.go.jp/stats/etrn/view/monthly_s1.php?prec_no=35&block_no=47588&year=2016&month=&day=&view=,2026-09-05,fetch date (JMA pages carry no publish date; raw/research/weather/html/<station>_<year>.html)
yamagata,山形,2016,4,11.5,100.0,189.2,https://www.data.jma.go.jp/stats/etrn/view/monthly_s1.php?prec_no=35&block_no=47588&year=2016&month=&day=&view=,2026-09-05,fetch date (JMA pages carry no publish date; raw/research/weather/html/<station>_<year>.html)
yamagata,山形,2016,5,17.9,69.0,210.5,https://www.data.jma.go.jp/stats/etrn/view/monthly_s1.php?prec_no=35&block_no=47588&year=2016&month=&day=&view=,2026-09-05,fetch date (JMA pages carry no publish date; raw/research/weather/html/<station>_<year>.html)
yamagata,山形,2016,6,20.7,98.0,171.5,https://www.data.jma.go.jp/stats/etrn/view/monthly_s1.php?prec_no=35&block_no=47588&year=2016&month=&day=&view=,2026-09-05,fetch date (JMA pages carry no publish date; raw/research/weather/html/<station>_<year>.html)
yamagata,山形,2016,7,23.5,167.0,151.7,https://www.data.jma.go.jp/stats/etrn/view/monthly_s1.php?prec_no=35&block_no=47588&year=2016&month=&day=&view=,2026-09-05,fetch date (JMA pages carry no publish date; raw/research/weather/html/<station>_<year>.html)
yamagata,山形,2016,8,25.7,321.5,205.7,https://www.data.jma.go.jp/stats/etrn/view/monthly_s1.php?prec_no=35&block_no=47588&year=2016&month=&day=&view=,2026-09-05,fetch date (JMA pages carry no publish date; raw/research/weather/html/<station>_<year>.html)
yamagata,山形,2016,9,21.7,145.5,100.9,https://www.data.jma.go.jp/stats/etrn/view/monthly_s1.php?prec_no=35&block_no=47588&year=2016&month=&day=&view=,2026-09-05,fetch date (JMA pages carry no publish date; raw/research/weather/html/<station>_<year>.html)
yamagata,山形,2016,10,13.9,44.5,154.0,https://www.data.jma.go.jp/stats/etrn/view/monthly_s1.php?prec_no=35&block_no=47588&year=2016&month=&day=&view=,2026-09-05,fetch date (JMA pages carry no publish date; raw/research/weather/html/<station>_<year>.html)
yamagata,山形,2016,11,6.6,50.0,103.1,https://www.data.jma.go.jp/stats/etrn/view/monthly_s1.php?prec_no=35&block_no=47588&year=2016&month=&day=&view=,2026-09-05,fetch date (JMA pages carry no publish date; raw/research/weather/html/<station>_<year>.html)
yamagata,山形,2016,12,3.2,73.0,68.9,https://www.data.jma.go.jp/stats/etrn/view/monthly_s1.php?prec_no=35&block_no=47588&year=2016&month=&day=&view=,2026-09-05,fetch date (JMA pages carry no publish date; raw/research/weather/html/<station>_<year>.html)
yamagata,山形,2017,1,0.3,106.5,75.4,https://www.data.jma.go.jp/stats/etrn/view/monthly_s1.php?prec_no=35&block_no=47588&year=2017&month=&day=&view=,2026-09-05,fetch date (JMA pages carry no publish date; raw/research/weather/html/<station>_<year>.html)
yamagata,山形,2017,2,1.1,94.5,83.9,https://www.data.jma.go.jp/stats/etrn/view/monthly_s1.php?prec_no=35&block_no=47588&year=2017&month=&day=&view=,2026-09-05,fetch date (JMA pages carry no publish date; raw/research/weather/html/<station>_<year>.html)
yamagata,山形,2017,3,3.6,45.5,136.3,https://www.data.jma.go.jp/stats/etrn/view/monthly_s1.php?prec_no=35&block_no=47588&year=2017&month=&day=&view=,2026-09-05,fetch date (JMA pages carry no publish date; raw/research/weather/html/<station>_<year>.html)
yamagata,山形,2017,4,10.5,44.5,172.8,https://www.data.jma.go.jp/stats/etrn/view/monthly_s1.php?prec_no=35&block_no=47588&year=2017&month=&day=&view=,2026-09-05,fetch date (JMA pages carry no publish date; raw/research/weather/html/<station>_<year>.html)
yamagata,山形,2017,5,17.4,54.5,215.4,https://www.data.jma.go.jp/stats/etrn/view/monthly_s1.php?prec_no=35&block_no=47588&year=2017&month=&day=&view=,2026-09-05,fetch date (JMA pages carry no publish date; raw/research/weather/html/<station>_<year>.html)
yamagata,山形,2017,6,19.1,49.0,167.1,https://www.data.jma.go.jp/stats/etrn/view/monthly_s1.php?prec_no=35&block_no=47588&year=2017&month=&day=&view=,2026-09-05,fetch date (JMA pages carry no publish date; raw/research/weather/html/<station>_<year>.html)
yamagata,山形,2017,7,25.5,358.0,172.0,https://www.data.jma.go.jp/stats/etrn/view/monthly_s1.php?prec_no=35&block_no=47588&year=2017&month=&day=&view=,2026-09-05,fetch date (JMA pages carry no publish date; raw/research/weather/html/<station>_<year>.html)
yamagata,山形,2017,8,24.2,174.5,121.4,https://www.data.jma.go.jp/stats/etrn/view/monthly_s1.php?prec_no=35&block_no=47588&year=2017&month=&day=&view=,2026-09-05,fetch date (JMA pages carry no publish date; raw/research/weather/html/<station>_<year>.html)
yamagata,山形,2017,9,19.8,95.5,170.7,https://www.data.jma.go.jp/stats/etrn/view/monthly_s1.php?prec_no=35&block_no=47588&year=2017&month=&day=&view=,2026-09-05,fetch date (JMA pages carry no publish date; raw/research/weather/html/<station>_<year>.html)
yamagata,山形,2017,10,13.6,188.0,79.8,https://www.data.jma.go.jp/stats/etrn/view/monthly_s1.php?prec_no=35&block_no=47588&year=2017&month=&day=&view=,2026-09-05,fetch date (JMA pages carry no publish date; raw/research/weather/html/<station>_<year>.html)
yamagata,山形,2017,11,6.7,42.5,91.3,https://www.data.jma.go.jp/stats/etrn/view/monthly_s1.php?prec_no=35&block_no=47588&year=2017&month=&day=&view=,2026-09-05,fetch date (JMA pages carry no publish date; raw/research/weather/html/<station>_<year>.html)
yamagata,山形,2017,12,1.3,88.5,70.3,https://www.data.jma.go.jp/stats/etrn/view/monthly_s1.php?prec_no=35&block_no=47588&year=2017&month=&day=&view=,2026-09-05,fetch date (JMA pages carry no publish date; raw/research/weather/html/<station>_<year>.html)
yamagata,山形,2018,1,-1.1,116.5,80.4,https://www.data.jma.go.jp/stats/etrn/view/monthly_s1.php?prec_no=35&block_no=47588&year=2018&month=&day=&view=,2026-09-05,fetch date (JMA pages carry no publish date; raw/research/weather/html/<station>_<year>.html)
yamagata,山形,2018,2,-1.0,50.5,134.6,https://www.data.jma.go.jp/stats/etrn/view/monthly_s1.php?prec_no=35&block_no=47588&year=2018&month=&day=&view=,2026-09-05,fetch date (JMA pages carry no publish date; raw/research/weather/html/<station>_<year>.html)
yamagata,山形,2018,3,5.8,89.0,190.1,https://www.data.jma.go.jp/stats/etrn/view/monthly_s1.php?prec_no=35&block_no=47588&year=2018&month=&day=&view=,2026-09-05,fetch date (JMA pages carry no publish date; raw/research/weather/html/<station>_<year>.html)
yamagata,山形,2018,4,11.6,49.0,173.5,https://www.data.jma.go.jp/stats/etrn/view/monthly_s1.php?prec_no=35&block_no=47588&year=2018&month=&day=&view=,2026-09-05,fetch date (JMA pages carry no publish date; raw/research/weather/html/<station>_<year>.html)
yamagata,山形,2018,5,16.8,103.5,173.3,https://www.data.jma.go.jp/stats/etrn/view/monthly_s1.php?prec_no=35&block_no=47588&year=2018&month=&day=&view=,2026-09-05,fetch date (JMA pages carry no publish date; raw/research/weather/html/<station>_<year>.html)
yamagata,山形,2018,6,20.9,42.5,173.3,https://www.data.jma.go.jp/stats/etrn/view/monthly_s1.php?prec_no=35&block_no=47588&year=2018&month=&day=&view=,2026-09-05,fetch date (JMA pages carry no publish date; raw/research/weather/html/<station>_<year>.html)
yamagata,山形,2018,7,26.8,52.0,216.0,https://www.data.jma.go.jp/stats/etrn/view/monthly_s1.php?prec_no=35&block_no=47588&year=2018&month=&day=&view=,2026-09-05,fetch date (JMA pages carry no publish date; raw/research/weather/html/<station>_<year>.html)
yamagata,山形,2018,8,25.0,281.0,169.2,https://www.data.jma.go.jp/stats/etrn/view/monthly_s1.php?prec_no=35&block_no=47588&year=2018&month=&day=&view=,2026-09-05,fetch date (JMA pages carry no publish date; raw/research/weather/html/<station>_<year>.html)
yamagata,山形,2018,9,20.1,173.5,103.5,https://www.data.jma.go.jp/stats/etrn/view/monthly_s1.php?prec_no=35&block_no=47588&year=2018&month=&day=&view=,2026-09-05,fetch date (JMA pages carry no publish date; raw/research/weather/html/<station>_<year>.html)
yamagata,山形,2018,10,14.9,36.5,144.7,https://www.data.jma.go.jp/stats/etrn/view/monthly_s1.php?prec_no=35&block_no=47588&year=2018&month=&day=&view=,2026-09-05,fetch date (JMA pages carry no publish date; raw/research/weather/html/<station>_<year>.html)
yamagata,山形,2018,11,8.8,19.5,121.5,https://www.data.jma.go.jp/stats/etrn/view/monthly_s1.php?prec_no=35&block_no=47588&year=2018&month=&day=&view=,2026-09-05,fetch date (JMA pages carry no publish date; raw/research/weather/html/<station>_<year>.html)
yamagata,山形,2018,12,2.3,110.5,84.9,https://www.data.jma.go.jp/stats/etrn/view/monthly_s1.php?prec_no=35&block_no=47588&year=2018&month=&day=&view=,2026-09-05,fetch date (JMA pages carry no publish date; raw/research/weather/html/<station>_<year>.html)
yamagata,山形,2019,1,0.1,62.5,71.3,https://www.data.jma.go.jp/stats/etrn/view/monthly_s1.php?prec_no=35&block_no=47588&year=2019&month=&day=&view=,2026-09-05,fetch date (JMA pages carry no publish date; raw/research/weather/html/<station>_<year>.html)
yamagata,山形,2019,2,1.6,40.0,113.1,https://www.data.jma.go.jp/stats/etrn/view/monthly_s1.php?prec_no=35&block_no=47588&year=2019&month=&day=&view=,2026-09-05,fetch date (JMA pages carry no publish date; raw/research/weather/html/<station>_<year>.html)
yamagata,山形,2019,3,5.5,93.5,147.4,https://www.data.jma.go.jp/stats/etrn/view/monthly_s1.php?prec_no=35&block_no=47588&year=2019&month=&day=&view=,2026-09-05,fetch date (JMA pages carry no publish date; raw/research/weather/html/<station>_<year>.html)
yamagata,山形,2019,4,9.5,63.0,180.3,https://www.data.jma.go.jp/stats/etrn/view/monthly_s1.php?prec_no=35&block_no=47588&year=2019&month=&day=&view=,2026-09-05,fetch date (JMA pages carry no publish date; raw/research/weather/html/<station>_<year>.html)
yamagata,山形,2019,5,17.6,95.5,295.3,https://www.data.jma.go.jp/stats/etrn/view/monthly_s1.php?prec_no=35&block_no=47588&year=2019&month=&day=&view=,2026-09-05,fetch date (JMA pages carry no publish date; raw/research/weather/html/<station>_<year>.html)
yamagata,山形,2019,6,19.9,141.5,158.6,https://www.data.jma.go.jp/stats/etrn/view/monthly_s1.php?prec_no=35&block_no=47588&year=2019&month=&day=&view=,2026-09-05,fetch date (JMA pages carry no publish date; raw/research/weather/html/<station>_<year>.html)
yamagata,山形,2019,7,23.5,160.5,132.2,https://www.data.jma.go.jp/stats/etrn/view/monthly_s1.php?prec_no=35&block_no=47588&year=2019&month=&day=&view=,2026-09-05,fetch date (JMA pages carry no publish date; raw/research/weather/html/<station>_<year>.html)
yamagata,山形,2019,8,26.8,149.0,195.9,https://www.data.jma.go.jp/stats/etrn/view/monthly_s1.php?prec_no=35&block_no=47588&year=2019&month=&day=&view=,2026-09-05,fetch date (JMA pages carry no publish date; raw/research/weather/html/<station>_<year>.html)
yamagata,山形,2019,9,21.5,83.0,161.6,https://www.data.jma.go.jp/stats/etrn/view/monthly_s1.php?prec_no=35&block_no=47588&year=2019&month=&day=&view=,2026-09-05,fetch date (JMA pages carry no publish date; raw/research/weather/html/<station>_<year>.html)
yamagata,山形,2019,10,15.4,307.0,118.4,https://www.data.jma.go.jp/stats/etrn/view/monthly_s1.php?prec_no=35&block_no=47588&year=2019&month=&day=&view=,2026-09-05,fetch date (JMA pages carry no publish date; raw/research/weather/html/<station>_<year>.html)
yamagata,山形,2019,11,8.3,23.5,122.2,https://www.data.jma.go.jp/stats/etrn/view/monthly_s1.php?prec_no=35&block_no=47588&year=2019&month=&day=&view=,2026-09-05,fetch date (JMA pages carry no publish date; raw/research/weather/html/<station>_<year>.html)
yamagata,山形,2019,12,3.3,42.5,93.5,https://www.data.jma.go.jp/stats/etrn/view/monthly_s1.php?prec_no=35&block_no=47588&year=2019&month=&day=&view=,2026-09-05,fetch date (JMA pages carry no publish date; raw/research/weather/html/<station>_<year>.html)
yamagata,山形,2020,1,2.3,81.5,75.7,https://www.data.jma.go.jp/stats/etrn/view/monthly_s1.php?prec_no=35&block_no=47588&year=2020&month=&day=&view=,2026-09-05,fetch date (JMA pages carry no publish date; raw/research/weather/html/<station>_<year>.html)
yamagata,山形,2020,2,2.5,65.0,101.8,https://www.data.jma.go.jp/stats/etrn/view/monthly_s1.php?prec_no=35&block_no=47588&year=2020&month=&day=&view=,2026-09-05,fetch date (JMA pages carry no publish date; raw/research/weather/html/<station>_<year>.html)
yamagata,山形,2020,3,6.1,58.0,149.6,https://www.data.jma.go.jp/stats/etrn/view/monthly_s1.php?prec_no=35&block_no=47588&year=2020&month=&day=&view=,2026-09-05,fetch date (JMA pages carry no publish date; raw/research/weather/html/<station>_<year>.html)
yamagata,山形,2020,4,9.0,143.0,164.9,https://www.data.jma.go.jp/stats/etrn/view/monthly_s1.php?prec_no=35&block_no=47588&year=2020&month=&day=&view=,2026-09-05,fetch date (JMA pages carry no publish date; raw/research/weather/html/<station>_<year>.html)
yamagata,山形,2020,5,17.2,35.0,185.3,https://www.data.jma.go.jp/stats/etrn/view/monthly_s1.php?prec_no=35&block_no=47588&year=2020&month=&day=&view=,2026-09-05,fetch date (JMA pages carry no publish date; raw/research/weather/html/<station>_<year>.html)
yamagata,山形,2020,6,22.1,48.0,197.1,https://www.data.jma.go.jp/stats/etrn/view/monthly_s1.php?prec_no=35&block_no=47588&year=2020&month=&day=&view=,2026-09-05,fetch date (JMA pages carry no publish date; raw/research/weather/html/<station>_<year>.html)
yamagata,山形,2020,7,22.8,483.5,71.9,https://www.data.jma.go.jp/stats/etrn/view/monthly_s1.php?prec_no=35&block_no=47588&year=2020&month=&day=&view=,2026-09-05,fetch date (JMA pages carry no publish date; raw/research/weather/html/<station>_<year>.html)
yamagata,山形,2020,8,27.0,60.0,212.7,https://www.data.jma.go.jp/stats/etrn/view/monthly_s1.php?prec_no=35&block_no=47588&year=2020&month=&day=&view=,2026-09-05,fetch date (JMA pages carry no publish date; raw/research/weather/html/<station>_<year>.html)
yamagata,山形,2020,9,22.4,123.0,121.5,https://www.data.jma.go.jp/stats/etrn/view/monthly_s1.php?prec_no=35&block_no=47588&year=2020&month=&day=&view=,2026-09-05,fetch date (JMA pages carry no publish date; raw/research/weather/html/<station>_<year>.html)
yamagata,山形,2020,10,14.0,37.5,103.8,https://www.data.jma.go.jp/stats/etrn/view/monthly_s1.php?prec_no=35&block_no=47588&year=2020&month=&day=&view=,2026-09-05,fetch date (JMA pages carry no publish date; raw/research/weather/html/<station>_<year>.html)
yamagata,山形,2020,11,8.6,31.0,109.8,https://www.data.jma.go.jp/stats/etrn/view/monthly_s1.php?prec_no=35&block_no=47588&year=2020&month=&day=&view=,2026-09-05,fetch date (JMA pages carry no publish date; raw/research/weather/html/<station>_<year>.html)
yamagata,山形,2020,12,1.9,119.0,53.0,https://www.data.jma.go.jp/stats/etrn/view/monthly_s1.php?prec_no=35&block_no=47588&year=2020&month=&day=&view=,2026-09-05,fetch date (JMA pages carry no publish date; raw/research/weather/html/<station>_<year>.html)
yamagata,山形,2021,1,-1.0,70.0,77.2,https://www.data.jma.go.jp/stats/etrn/view/monthly_s1.php?prec_no=35&block_no=47588&year=2021&month=&day=&view=,2026-09-05,fetch date (JMA pages carry no publish date; raw/research/weather/html/<station>_<year>.html)
yamagata,山形,2021,2,1.2,77.0,92.1,https://www.data.jma.go.jp/stats/etrn/view/monthly_s1.php?prec_no=35&block_no=47588&year=2021&month=&day=&view=,2026-09-05,fetch date (JMA pages carry no publish date; raw/research/weather/html/<station>_<year>.html)
yamagata,山形,2021,3,6.5,47.5,174.9,https://www.data.jma.go.jp/stats/etrn/view/monthly_s1.php?prec_no=35&block_no=47588&year=2021&month=&day=&view=,2026-09-05,fetch date (JMA pages carry no publish date; raw/research/weather/html/<station>_<year>.html)
yamagata,山形,2021,4,10.6,69.0,215.8,https://www.data.jma.go.jp/stats/etrn/view/monthly_s1.php?prec_no=35&block_no=47588&year=2021&month=&day=&view=,2026-09-05,fetch date (JMA pages carry no publish date; raw/research/weather/html/<station>_<year>.html)
yamagata,山形,2021,5,16.5,56.5,161.6,https://www.data.jma.go.jp/stats/etrn/view/monthly_s1.php?prec_no=35&block_no=47588&year=2021&month=&day=&view=,2026-09-05,fetch date (JMA pages carry no publish date; raw/research/weather/html/<station>_<year>.html)
yamagata,山形,2021,6,21.6,53.0,199.7,https://www.data.jma.go.jp/stats/etrn/view/monthly_s1.php?prec_no=35&block_no=47588&year=2021&month=&day=&view=,2026-09-05,fetch date (JMA pages carry no publish date; raw/research/weather/html/<station>_<year>.html)
yamagata,山形,2021,7,25.3,115.0,180.8,https://www.data.jma.go.jp/stats/etrn/view/monthly_s1.php?prec_no=35&block_no=47588&year=2021&month=&day=&view=,2026-09-05,fetch date (JMA pages carry no publish date; raw/research/weather/html/<station>_<year>.html)
yamagata,山形,2021,8,25.4,106.0,157.6,https://www.data.jma.go.jp/stats/etrn/view/monthly_s1.php?prec_no=35&block_no=47588&year=2021&month=&day=&view=,2026-09-05,fetch date (JMA pages carry no publish date; raw/research/weather/html/<station>_<year>.html)
yamagata,山形,2021,9,20.0,89.5,161.8,https://www.data.jma.go.jp/stats/etrn/view/monthly_s1.php?prec_no=35&block_no=47588&year=2021&month=&day=&view=,2026-09-05,fetch date (JMA pages carry no publish date; raw/research/weather/html/<station>_<year>.html)
yamagata,山形,2021,10,14.6,101.0,132.0,https://www.data.jma.go.jp/stats/etrn/view/monthly_s1.php?prec_no=35&block_no=47588&year=2021&month=&day=&view=,2026-09-05,fetch date (JMA pages carry no publish date; raw/research/weather/html/<station>_<year>.html)
yamagata,山形,2021,11,8.9,110.5,117.7,https://www.data.jma.go.jp/stats/etrn/view/monthly_s1.php?prec_no=35&block_no=47588&year=2021&month=&day=&view=,2026-09-05,fetch date (JMA pages carry no publish date; raw/research/weather/html/<station>_<year>.html)
yamagata,山形,2021,12,2.4,142.5,63.3,https://www.data.jma.go.jp/stats/etrn/view/monthly_s1.php?prec_no=35&block_no=47588&year=2021&month=&day=&view=,2026-09-05,fetch date (JMA pages carry no publish date; raw/research/weather/html/<station>_<year>.html)
yamagata,山形,2022,1,-0.8,87.5,91.8,https://www.data.jma.go.jp/stats/etrn/view/monthly_s1.php?prec_no=35&block_no=47588&year=2022&month=&day=&view=,2026-09-05,fetch date (JMA pages carry no publish date; raw/research/weather/html/<station>_<year>.html)
yamagata,山形,2022,2,-0.1,86.5,90.5,https://www.data.jma.go.jp/stats/etrn/view/monthly_s1.php?prec_no=35&block_no=47588&year=2022&month=&day=&view=,2026-09-05,fetch date (JMA pages carry no publish date; raw/research/weather/html/<station>_<year>.html)
yamagata,山形,2022,3,4.4,80.0,147.4,https://www.data.jma.go.jp/stats/etrn/view/monthly_s1.php?prec_no=35&block_no=47588&year=2022&month=&day=&view=,2026-09-05,fetch date (JMA pages carry no publish date; raw/research/weather/html/<station>_<year>.html)
yamagata,山形,2022,4,11.6,83.0,221.3,https://www.data.jma.go.jp/stats/etrn/view/monthly_s1.php?prec_no=35&block_no=47588&year=2022&month=&day=&view=,2026-09-05,fetch date (JMA pages carry no publish date; raw/research/weather/html/<station>_<year>.html)
yamagata,山形,2022,5,16.9,59.5,225.4,https://www.data.jma.go.jp/stats/etrn/view/monthly_s1.php?prec_no=35&block_no=47588&year=2022&month=&day=&view=,2026-09-05,fetch date (JMA pages carry no publish date; raw/research/weather/html/<station>_<year>.html)
yamagata,山形,2022,6,21.0,88.0,162.7,https://www.data.jma.go.jp/stats/etrn/view/monthly_s1.php?prec_no=35&block_no=47588&year=2022&month=&day=&view=,2026-09-05,fetch date (JMA pages carry no publish date; raw/research/weather/html/<station>_<year>.html)
yamagata,山形,2022,7,25.8,157.5,178.7,https://www.data.jma.go.jp/stats/etrn/view/monthly_s1.php?prec_no=35&block_no=47588&year=2022&month=&day=&view=,2026-09-05,fetch date (JMA pages carry no publish date; raw/research/weather/html/<station>_<year>.html)
yamagata,山形,2022,8,25.4,161.5,125.7,https://www.data.jma.go.jp/stats/etrn/view/monthly_s1.php?prec_no=35&block_no=47588&year=2022&month=&day=&view=,2026-09-05,fetch date (JMA pages carry no publish date; raw/research/weather/html/<station>_<year>.html)
yamagata,山形,2022,9,22.1,97.5,173.8,https://www.data.jma.go.jp/stats/etrn/view/monthly_s1.php?prec_no=35&block_no=47588&year=2022&month=&day=&view=,2026-09-05,fetch date (JMA pages carry no publish date; raw/research/weather/html/<station>_<year>.html)
yamagata,山形,2022,10,13.9,57.5,140.8,https://www.data.jma.go.jp/stats/etrn/view/monthly_s1.php?prec_no=35&block_no=47588&year=2022&month=&day=&view=,2026-09-05,fetch date (JMA pages carry no publish date; raw/research/weather/html/<station>_<year>.html)
yamagata,山形,2022,11,9.4,76.5,134.4,https://www.data.jma.go.jp/stats/etrn/view/monthly_s1.php?prec_no=35&block_no=47588&year=2022&month=&day=&view=,2026-09-05,fetch date (JMA pages carry no publish date; raw/research/weather/html/<station>_<year>.html)
yamagata,山形,2022,12,2.1,142.5,51.4,https://www.data.jma.go.jp/stats/etrn/view/monthly_s1.php?prec_no=35&block_no=47588&year=2022&month=&day=&view=,2026-09-05,fetch date (JMA pages carry no publish date; raw/research/weather/html/<station>_<year>.html)
yamagata,山形,2023,1,0.0,52.0,71.7,https://www.data.jma.go.jp/stats/etrn/view/monthly_s1.php?prec_no=35&block_no=47588&year=2023&month=&day=&view=,2026-09-05,fetch date (JMA pages carry no publish date; raw/research/weather/html/<station>_<year>.html)
yamagata,山形,2023,2,0.7,73.0,101.4,https://www.data.jma.go.jp/stats/etrn/view/monthly_s1.php?prec_no=35&block_no=47588&year=2023&month=&day=&view=,2026-09-05,fetch date (JMA pages carry no publish date; raw/research/weather/html/<station>_<year>.html)
yamagata,山形,2023,3,7.4,46.5,200.7,https://www.data.jma.go.jp/stats/etrn/view/monthly_s1.php?prec_no=35&block_no=47588&year=2023&month=&day=&view=,2026-09-05,fetch date (JMA pages carry no publish date; raw/research/weather/html/<station>_<year>.html)
yamagata,山形,2023,4,12.1,54.0,207.1,https://www.data.jma.go.jp/stats/etrn/view/monthly_s1.php?prec_no=35&block_no=47588&year=2023&month=&day=&view=,2026-09-05,fetch date (JMA pages carry no publish date; raw/research/weather/html/<station>_<year>.html)
yamagata,山形,2023,5,16.4,133.5,212.9,https://www.data.jma.go.jp/stats/etrn/view/monthly_s1.php?prec_no=35&block_no=47588&year=2023&month=&day=&view=,2026-09-05,fetch date (JMA pages carry no publish date; raw/research/weather/html/<station>_<year>.html)
yamagata,山形,2023,6,21.6,169.0,169.4,https://www.data.jma.go.jp/stats/etrn/view/monthly_s1.php?prec_no=35&block_no=47588&year=2023&month=&day=&view=,2026-09-05,fetch date (JMA pages carry no publish date; raw/research/weather/html/<station>_<year>.html)
yamagata,山形,2023,7,26.0,157.0,194.2,https://www.data.jma.go.jp/stats/etrn/view/monthly_s1.php?prec_no=35&block_no=47588&year=2023&month=&day=&view=,2026-09-05,fetch date (JMA pages carry no publish date; raw/research/weather/html/<station>_<year>.html)
yamagata,山形,2023,8,28.7,60.5,240.6,https://www.data.jma.go.jp/stats/etrn/view/monthly_s1.php?prec_no=35&block_no=47588&year=2023&month=&day=&view=,2026-09-05,fetch date (JMA pages carry no publish date; raw/research/weather/html/<station>_<year>.html)
yamagata,山形,2023,9,24.4,184.5,140.4,https://www.data.jma.go.jp/stats/etrn/view/monthly_s1.php?prec_no=35&block_no=47588&year=2023&month=&day=&view=,2026-09-05,fetch date (JMA pages carry no publish date; raw/research/weather/html/<station>_<year>.html)
yamagata,山形,2023,10,14.7,53.5,165.5,https://www.data.jma.go.jp/stats/etrn/view/monthly_s1.php?prec_no=35&block_no=47588&year=2023&month=&day=&view=,2026-09-05,fetch date (JMA pages carry no publish date; raw/research/weather/html/<station>_<year>.html)
yamagata,山形,2023,11,9.2,113.5,106.3,https://www.data.jma.go.jp/stats/etrn/view/monthly_s1.php?prec_no=35&block_no=47588&year=2023&month=&day=&view=,2026-09-05,fetch date (JMA pages carry no publish date; raw/research/weather/html/<station>_<year>.html)
yamagata,山形,2023,12,3.7,79.5,83.4,https://www.data.jma.go.jp/stats/etrn/view/monthly_s1.php?prec_no=35&block_no=47588&year=2023&month=&day=&view=,2026-09-05,fetch date (JMA pages carry no publish date; raw/research/weather/html/<station>_<year>.html)
yamagata,山形,2024,1,2.3,103.5,105.6,https://www.data.jma.go.jp/stats/etrn/view/monthly_s1.php?prec_no=35&block_no=47588&year=2024&month=&day=&view=,2026-09-05,fetch date (JMA pages carry no publish date; raw/research/weather/html/<station>_<year>.html)
yamagata,山形,2024,2,3.0,63.0,99.0,https://www.data.jma.go.jp/stats/etrn/view/monthly_s1.php?prec_no=35&block_no=47588&year=2024&month=&day=&view=,2026-09-05,fetch date (JMA pages carry no publish date; raw/research/weather/html/<station>_<year>.html)
yamagata,山形,2024,3,4.0,110.0,121.1,https://www.data.jma.go.jp/stats/etrn/view/monthly_s1.php?prec_no=35&block_no=47588&year=2024&month=&day=&view=,2026-09-05,fetch date (JMA pages carry no publish date; raw/research/weather/html/<station>_<year>.html)
yamagata,山形,2024,4,14.2,63.5,220.5,https://www.data.jma.go.jp/stats/etrn/view/monthly_s1.php?prec_no=35&block_no=47588&year=2024&month=&day=&view=,2026-09-05,fetch date (JMA pages carry no publish date; raw/research/weather/html/<station>_<year>.html)
yamagata,山形,2024,5,17.2,82.0,209.9,https://www.data.jma.go.jp/stats/etrn/view/monthly_s1.php?prec_no=35&block_no=47588&year=2024&month=&day=&view=,2026-09-05,fetch date (JMA pages carry no publish date; raw/research/weather/html/<station>_<year>.html)
yamagata,山形,2024,6,22.1,36.5,192.5,https://www.data.jma.go.jp/stats/etrn/view/monthly_s1.php?prec_no=35&block_no=47588&year=2024&month=&day=&view=,2026-09-05,fetch date (JMA pages carry no publish date; raw/research/weather/html/<station>_<year>.html)
yamagata,山形,2024,7,26.0,279.0,97.2,https://www.data.jma.go.jp/stats/etrn/view/monthly_s1.php?prec_no=35&block_no=47588&year=2024&month=&day=&view=,2026-09-05,fetch date (JMA pages carry no publish date; raw/research/weather/html/<station>_<year>.html)
yamagata,山形,2024,8,27.5,84.0,159.7,https://www.data.jma.go.jp/stats/etrn/view/monthly_s1.php?prec_no=35&block_no=47588&year=2024&month=&day=&view=,2026-09-05,fetch date (JMA pages carry no publish date; raw/research/weather/html/<station>_<year>.html)
yamagata,山形,2024,9,23.0,233.0,108.7,https://www.data.jma.go.jp/stats/etrn/view/monthly_s1.php?prec_no=35&block_no=47588&year=2024&month=&day=&view=,2026-09-05,fetch date (JMA pages carry no publish date; raw/research/weather/html/<station>_<year>.html)
yamagata,山形,2024,10,16.6,77.0,128.4,https://www.data.jma.go.jp/stats/etrn/view/monthly_s1.php?prec_no=35&block_no=47588&year=2024&month=&day=&view=,2026-09-05,fetch date (JMA pages carry no publish date; raw/research/weather/html/<station>_<year>.html)
yamagata,山形,2024,11,8.8,80.5,116.0,https://www.data.jma.go.jp/stats/etrn/view/monthly_s1.php?prec_no=35&block_no=47588&year=2024&month=&day=&view=,2026-09-05,fetch date (JMA pages carry no publish date; raw/research/weather/html/<station>_<year>.html)
yamagata,山形,2024,12,2.2,102.5,67.0,https://www.data.jma.go.jp/stats/etrn/view/monthly_s1.php?prec_no=35&block_no=47588&year=2024&month=&day=&view=,2026-09-05,fetch date (JMA pages carry no publish date; raw/research/weather/html/<station>_<year>.html)
yamagata,山形,2025,1,0.4,93.5,73.9,https://www.data.jma.go.jp/stats/etrn/view/monthly_s1.php?prec_no=35&block_no=47588&year=2025&month=&day=&view=,2026-09-05,fetch date (JMA pages carry no publish date; raw/research/weather/html/<station>_<year>.html)
yamagata,山形,2025,2,0.3,71.0,100.5,https://www.data.jma.go.jp/stats/etrn/view/monthly_s1.php?prec_no=35&block_no=47588&year=2025&month=&day=&view=,2026-09-05,fetch date (JMA pages carry no publish date; raw/research/weather/html/<station>_<year>.html)
yamagata,山形,2025,3,5.7,32.5,151.8,https://www.data.jma.go.jp/stats/etrn/view/monthly_s1.php?prec_no=35&block_no=47588&year=2025&month=&day=&view=,2026-09-05,fetch date (JMA pages carry no publish date; raw/research/weather/html/<station>_<year>.html)
yamagata,山形,2025,4,11.4,52.0,127.2,https://www.data.jma.go.jp/stats/etrn/view/monthly_s1.php?prec_no=35&block_no=47588&year=2025&month=&day=&view=,2026-09-05,fetch date (JMA pages carry no publish date; raw/research/weather/html/<station>_<year>.html)
yamagata,山形,2025,5,16.5,128.5,162.9,https://www.data.jma.go.jp/stats/etrn/view/monthly_s1.php?prec_no=35&block_no=47588&year=2025&month=&day=&view=,2026-09-05,fetch date (JMA pages carry no publish date; raw/research/weather/html/<station>_<year>.html)
yamagata,山形,2025,6,23.1,64.0,202.1,https://www.data.jma.go.jp/stats/etrn/view/monthly_s1.php?prec_no=35&block_no=47588&year=2025&month=&day=&view=,2026-09-05,fetch date (JMA pages carry no publish date; raw/research/weather/html/<station>_<year>.html)
yamagata,山形,2025,7,28.2,8.0,244.2,https://www.data.jma.go.jp/stats/etrn/view/monthly_s1.php?prec_no=35&block_no=47588&year=2025&month=&day=&view=,2026-09-05,fetch date (JMA pages carry no publish date; raw/research/weather/html/<station>_<year>.html)
yamagata,山形,2025,8,27.1,182.0,192.3,https://www.data.jma.go.jp/stats/etrn/view/monthly_s1.php?prec_no=35&block_no=47588&year=2025&month=&day=&view=,2026-09-05,fetch date (JMA pages carry no publish date; raw/research/weather/html/<station>_<year>.html)
yamagata,山形,2025,9,22.8,245.5,155.8,https://www.data.jma.go.jp/stats/etrn/view/monthly_s1.php?prec_no=35&block_no=47588&year=2025&month=&day=&view=,2026-09-05,fetch date (JMA pages carry no publish date; raw/research/weather/html/<station>_<year>.html)
yamagata,山形,2025,10,14.8,151.5,110.0,https://www.data.jma.go.jp/stats/etrn/view/monthly_s1.php?prec_no=35&block_no=47588&year=2025&month=&day=&view=,2026-09-05,fetch date (JMA pages carry no publish date; raw/research/weather/html/<station>_<year>.html)
yamagata,山形,2025,11,8.1,37.5,135.2,https://www.data.jma.go.jp/stats/etrn/view/monthly_s1.php?prec_no=35&block_no=47588&year=2025&month=&day=&view=,2026-09-05,fetch date (JMA pages carry no publish date; raw/research/weather/html/<station>_<year>.html)
yamagata,山形,2025,12,3.4,88.5,97.0,https://www.data.jma.go.jp/stats/etrn/view/monthly_s1.php?prec_no=35&block_no=47588&year=2025&month=&day=&view=,2026-09-05,fetch date (JMA pages carry no publish date; raw/research/weather/html/<station>_<year>.html)
yamagata,山形,2026,1,-0.4,83.0,70.8,https://www.data.jma.go.jp/stats/etrn/view/monthly_s1.php?prec_no=35&block_no=47588&year=2026&month=&day=&view=,2026-09-05,fetch date (JMA pages carry no publish date; raw/research/weather/html/<station>_<year>.html)
yamagata,山形,2026,2,3.3,18.5,112.7,https://www.data.jma.go.jp/stats/etrn/view/monthly_s1.php?prec_no=35&block_no=47588&year=2026&month=&day=&view=,2026-09-05,fetch date (JMA pages carry no publish date; raw/research/weather/html/<station>_<year>.html)
yamagata,山形,2026,3,5.7,31.0,171.9,https://www.data.jma.go.jp/stats/etrn/view/monthly_s1.php?prec_no=35&block_no=47588&year=2026&month=&day=&view=,2026-09-05,fetch date (JMA pages carry no publish date; raw/research/weather/html/<station>_<year>.html)
yamagata,山形,2026,4,12.8,54.0,192.0,https://www.data.jma.go.jp/stats/etrn/view/monthly_s1.php?prec_no=35&block_no=47588&year=2026&month=&day=&view=,2026-09-05,fetch date (JMA pages carry no publish date; raw/research/weather/html/<station>_<year>.html)
yamagata,山形,2026,5,18.0,101.0,257.5,https://www.data.jma.go.jp/stats/etrn/view/monthly_s1.php?prec_no=35&block_no=47588&year=2026&month=&day=&view=,2026-09-05,fetch date (JMA pages carry no publish date; raw/research/weather/html/<station>_<year>.html)
yamagata,山形,2026,6,20.7,118.5,183.6,https://www.data.jma.go.jp/stats/etrn/view/monthly_s1.php?prec_no=35&block_no=47588&year=2026&month=&day=&view=,2026-09-05,fetch date (JMA pages carry no publish date; raw/research/weather/html/<station>_<year>.html)
yamagata,山形,2026,7,25.4,217.5,125.6,https://www.data.jma.go.jp/stats/etrn/view/monthly_s1.php?prec_no=35&block_no=47588&year=2026&month=&day=&view=,2026-09-05,fetch date (JMA pages carry no publish date; raw/research/weather/html/<station>_<year>.html)
yamagata,山形,2026,8,25.0,78.0,146.0,https://www.data.jma.go.jp/stats/etrn/view/monthly_s1.php?prec_no=35&block_no=47588&year=2026&month=&day=&view=,2026-09-05,fetch date (JMA pages carry no publish date; raw/research/weather/html/<station>_<year>.html)
yamagata,山形,2026,9,,,,https://www.data.jma.go.jp/stats/etrn/view/monthly_s1.php?prec_no=35&block_no=47588&year=2026&month=&day=&view=,2026-09-05,fetch date (JMA pages carry no publish date; raw/research/weather/html/<station>_<year>.html)
yamagata,山形,2026,10,,,,https://www.data.jma.go.jp/stats/etrn/view/monthly_s1.php?prec_no=35&block_no=47588&year=2026&month=&day=&view=,2026-09-05,fetch date (JMA pages carry no publish date; raw/research/weather/html/<station>_<year>.html)
yamagata,山形,2026,11,,,,https://www.data.jma.go.jp/stats/etrn/view/monthly_s1.php?prec_no=35&block_no=47588&year=2026&month=&day=&view=,2026-09-05,fetch date (JMA pages carry no publish date; raw/research/weather/html/<station>_<year>.html)
yamagata,山形,2026,12,,,,https://www.data.jma.go.jp/stats/etrn/view/monthly_s1.php?prec_no=35&block_no=47588&year=2026&month=&day=&view=,2026-09-05,fetch date (JMA pages carry no publish date; raw/research/weather/html/<station>_<year>.html)
niigata,新潟,2009,1,3.7,216.5,82.9,https://www.data.jma.go.jp/stats/etrn/view/monthly_s1.php?prec_no=54&block_no=47604&year=2009&month=&day=&view=,2026-09-05,fetch date (JMA pages carry no publish date; raw/research/weather/html/<station>_<year>.html)
niigata,新潟,2009,2,4.2,124.5,70.0,https://www.data.jma.go.jp/stats/etrn/view/monthly_s1.php?prec_no=54&block_no=47604&year=2009&month=&day=&view=,2026-09-05,fetch date (JMA pages carry no publish date; raw/research/weather/html/<station>_<year>.html)
niigata,新潟,2009,3,6.3,140.0,143.2,https://www.data.jma.go.jp/stats/etrn/view/monthly_s1.php?prec_no=54&block_no=47604&year=2009&month=&day=&view=,2026-09-05,fetch date (JMA pages carry no publish date; raw/research/weather/html/<station>_<year>.html)
niigata,新潟,2009,4,11.8,78.0,183.9,https://www.data.jma.go.jp/stats/etrn/view/monthly_s1.php?prec_no=54&block_no=47604&year=2009&month=&day=&view=,2026-09-05,fetch date (JMA pages carry no publish date; raw/research/weather/html/<station>_<year>.html)
niigata,新潟,2009,5,17.6,50.5,183.0,https://www.data.jma.go.jp/stats/etrn/view/monthly_s1.php?prec_no=54&block_no=47604&year=2009&month=&day=&view=,2026-09-05,fetch date (JMA pages carry no publish date; raw/research/weather/html/<station>_<year>.html)
niigata,新潟,2009,6,21.4,68.0,183.3,https://www.data.jma.go.jp/stats/etrn/view/monthly_s1.php?prec_no=54&block_no=47604&year=2009&month=&day=&view=,2026-09-05,fetch date (JMA pages carry no publish date; raw/research/weather/html/<station>_<year>.html)
niigata,新潟,2009,7,23.7,255.0,100.8,https://www.data.jma.go.jp/stats/etrn/view/monthly_s1.php?prec_no=54&block_no=47604&year=2009&month=&day=&view=,2026-09-05,fetch date (JMA pages carry no publish date; raw/research/weather/html/<station>_<year>.html)
niigata,新潟,2009,8,24.9,142.0,155.1,https://www.data.jma.go.jp/stats/etrn/view/monthly_s1.php?prec_no=54&block_no=47604&year=2009&month=&day=&view=,2026-09-05,fetch date (JMA pages carry no publish date; raw/research/weather/html/<station>_<year>.html)
niigata,新潟,2009,9,21.6,66.0,158.0,https://www.data.jma.go.jp/stats/etrn/view/monthly_s1.php?prec_no=54&block_no=47604&year=2009&month=&day=&view=,2026-09-05,fetch date (JMA pages carry no publish date; raw/research/weather/html/<station>_<year>.html)
niigata,新潟,2009,10,16.7,172.5,162.1,https://www.data.jma.go.jp/stats/etrn/view/monthly_s1.php?prec_no=54&block_no=47604&year=2009&month=&day=&view=,2026-09-05,fetch date (JMA pages carry no publish date; raw/research/weather/html/<station>_<year>.html)
niigata,新潟,2009,11,11.5,169.0,106.1,https://www.data.jma.go.jp/stats/etrn/view/monthly_s1.php?prec_no=54&block_no=47604&year=2009&month=&day=&view=,2026-09-05,fetch date (JMA pages carry no publish date; raw/research/weather/html/<station>_<year>.html)
niigata,新潟,2009,12,5.7,310.5,57.8,https://www.data.jma.go.jp/stats/etrn/view/monthly_s1.php?prec_no=54&block_no=47604&year=2009&month=&day=&view=,2026-09-05,fetch date (JMA pages carry no publish date; raw/research/weather/html/<station>_<year>.html)
niigata,新潟,2010,1,3.4,184.0,52.6,https://www.data.jma.go.jp/stats/etrn/view/monthly_s1.php?prec_no=54&block_no=47604&year=2010&month=&day=&view=,2026-09-05,fetch date (JMA pages carry no publish date; raw/research/weather/html/<station>_<year>.html)
niigata,新潟,2010,2,2.9,204.0,80.2,https://www.data.jma.go.jp/stats/etrn/view/monthly_s1.php?prec_no=54&block_no=47604&year=2010&month=&day=&view=,2026-09-05,fetch date (JMA pages carry no publish date; raw/research/weather/html/<station>_<year>.html)
niigata,新潟,2010,3,5.6,150.5,84.5,https://www.data.jma.go.jp/stats/etrn/view/monthly_s1.php?prec_no=54&block_no=47604&year=2010&month=&day=&view=,2026-09-05,fetch date (JMA pages carry no publish date; raw/research/weather/html/<station>_<year>.html)
niigata,新潟,2010,4,9.7,110.5,122.2,https://www.data.jma.go.jp/stats/etrn/view/monthly_s1.php?prec_no=54&block_no=47604&year=2010&month=&day=&view=,2026-09-05,fetch date (JMA pages carry no publish date; raw/research/weather/html/<station>_<year>.html)
niigata,新潟,2010,5,15.7,136.5,177.2,https://www.data.jma.go.jp/stats/etrn/view/monthly_s1.php?prec_no=54&block_no=47604&year=2010&month=&day=&view=,2026-09-05,fetch date (JMA pages carry no publish date; raw/research/weather/html/<station>_<year>.html)
niigata,新潟,2010,6,21.6,148.5,187.3,https://www.data.jma.go.jp/stats/etrn/view/monthly_s1.php?prec_no=54&block_no=47604&year=2010&month=&day=&view=,2026-09-05,fetch date (JMA pages carry no publish date; raw/research/weather/html/<station>_<year>.html)
niigata,新潟,2010,7,26.3,109.5,202.6,https://www.data.jma.go.jp/stats/etrn/view/monthly_s1.php?prec_no=54&block_no=47604&year=2010&month=&day=&view=,2026-09-05,fetch date (JMA pages carry no publish date; raw/research/weather/html/<station>_<year>.html)
niigata,新潟,2010,8,29.0,54.5,257.7,https://www.data.jma.go.jp/stats/etrn/view/monthly_s1.php?prec_no=54&block_no=47604&year=2010&month=&day=&view=,2026-09-05,fetch date (JMA pages carry no publish date; raw/research/weather/html/<station>_<year>.html)
niigata,新潟,2010,9,23.7,334.5,142.5,https://www.data.jma.go.jp/stats/etrn/view/monthly_s1.php?prec_no=54&block_no=47604&year=2010&month=&day=&view=,2026-09-05,fetch date (JMA pages carry no publish date; raw/research/weather/html/<station>_<year>.html)
niigata,新潟,2010,10,17.6,134.0,116.1,https://www.data.jma.go.jp/stats/etrn/view/monthly_s1.php?prec_no=54&block_no=47604&year=2010&month=&day=&view=,2026-09-05,fetch date (JMA pages carry no publish date; raw/research/weather/html/<station>_<year>.html)
niigata,新潟,2010,11,10.8,196.0,95.0,https://www.data.jma.go.jp/stats/etrn/view/monthly_s1.php?prec_no=54&block_no=47604&year=2010&month=&day=&view=,2026-09-05,fetch date (JMA pages carry no publish date; raw/research/weather/html/<station>_<year>.html)
niigata,新潟,2010,12,6.7,309.5,65.5,https://www.data.jma.go.jp/stats/etrn/view/monthly_s1.php?prec_no=54&block_no=47604&year=2010&month=&day=&view=,2026-09-05,fetch date (JMA pages carry no publish date; raw/research/weather/html/<station>_<year>.html)
niigata,新潟,2011,1,1.3,168.0,49.4,https://www.data.jma.go.jp/stats/etrn/view/monthly_s1.php?prec_no=54&block_no=47604&year=2011&month=&day=&view=,2026-09-05,fetch date (JMA pages carry no publish date; raw/research/weather/html/<station>_<year>.html)
niigata,新潟,2011,2,3.7,100.0,112.9,https://www.data.jma.go.jp/stats/etrn/view/monthly_s1.php?prec_no=54&block_no=47604&year=2011&month=&day=&view=,2026-09-05,fetch date (JMA pages carry no publish date; raw/research/weather/html/<station>_<year>.html)
niigata,新潟,2011,3,4.2,103.0,137.3,https://www.data.jma.go.jp/stats/etrn/view/monthly_s1.php?prec_no=54&block_no=47604&year=2011&month=&day=&view=,2026-09-05,fetch date (JMA pages carry no publish date; raw/research/weather/html/<station>_<year>.html)
niigata,新潟,2011,4,10.2,118.5,183.5,https://www.data.jma.go.jp/stats/etrn/view/monthly_s1.php?prec_no=54&block_no=47604&year=2011&month=&day=&view=,2026-09-05,fetch date (JMA pages carry no publish date; raw/research/weather/html/<station>_<year>.html)
niigata,新潟,2011,5,16.3,96.5,188.1,https://www.data.jma.go.jp/stats/etrn/view/monthly_s1.php?prec_no=54&block_no=47604&year=2011&month=&day=&view=,2026-09-05,fetch date (JMA pages carry no publish date; raw/research/weather/html/<station>_<year>.html)
niigata,新潟,2011,6,21.2,191.0,163.8,https://www.data.jma.go.jp/stats/etrn/view/monthly_s1.php?prec_no=54&block_no=47604&year=2011&month=&day=&view=,2026-09-05,fetch date (JMA pages carry no publish date; raw/research/weather/html/<station>_<year>.html)
niigata,新潟,2011,7,26.5,332.0,220.0,https://www.data.jma.go.jp/stats/etrn/view/monthly_s1.php?prec_no=54&block_no=47604&year=2011&month=&day=&view=,2026-09-05,fetch date (JMA pages carry no publish date; raw/research/weather/html/<station>_<year>.html)
niigata,新潟,2011,8,27.0,51.0,196.5,https://www.data.jma.go.jp/stats/etrn/view/monthly_s1.php?prec_no=54&block_no=47604&year=2011&month=&day=&view=,2026-09-05,fetch date (JMA pages carry no publish date; raw/research/weather/html/<station>_<year>.html)
niigata,新潟,2011,9,23.7,250.0,176.3,https://www.data.jma.go.jp/stats/etrn/view/monthly_s1.php?prec_no=54&block_no=47604&year=2011&month=&day=&view=,2026-09-05,fetch date (JMA pages carry no publish date; raw/research/weather/html/<station>_<year>.html)
niigata,新潟,2011,10,16.7,117.0,152.2,https://www.data.jma.go.jp/stats/etrn/view/monthly_s1.php?prec_no=54&block_no=47604&year=2011&month=&day=&view=,2026-09-05,fetch date (JMA pages carry no publish date; raw/research/weather/html/<station>_<year>.html)
niigata,新潟,2011,11,11.8,137.0,95.5,https://www.data.jma.go.jp/stats/etrn/view/monthly_s1.php?prec_no=54&block_no=47604&year=2011&month=&day=&view=,2026-09-05,fetch date (JMA pages carry no publish date; raw/research/weather/html/<station>_<year>.html)
niigata,新潟,2011,12,4.4,194.0,52.9,https://www.data.jma.go.jp/stats/etrn/view/monthly_s1.php?prec_no=54&block_no=47604&year=2011&month=&day=&view=,2026-09-05,fetch date (JMA pages carry no publish date; raw/research/weather/html/<station>_<year>.html)
niigata,新潟,2012,1,1.6,112.0,52.9,https://www.data.jma.go.jp/stats/etrn/view/monthly_s1.php?prec_no=54&block_no=47604&year=2012&month=&day=&view=,2026-09-05,fetch date (JMA pages carry no publish date; raw/research/weather/html/<station>_<year>.html)
niigata,新潟,2012,2,1.0,179.0,64.3,https://www.data.jma.go.jp/stats/etrn/view/monthly_s1.php?prec_no=54&block_no=47604&year=2012&month=&day=&view=,2026-09-05,fetch date (JMA pages carry no publish date; raw/research/weather/html/<station>_<year>.html)
niigata,新潟,2012,3,5.3,182.0,98.3,https://www.data.jma.go.jp/stats/etrn/view/monthly_s1.php?prec_no=54&block_no=47604&year=2012&month=&day=&view=,2026-09-05,fetch date (JMA pages carry no publish date; raw/research/weather/html/<station>_<year>.html)
niigata,新潟,2012,4,11.2,94.0,160.7,https://www.data.jma.go.jp/stats/etrn/view/monthly_s1.php?prec_no=54&block_no=47604&year=2012&month=&day=&view=,2026-09-05,fetch date (JMA pages carry no publish date; raw/research/weather/html/<station>_<year>.html)
niigata,新潟,2012,5,16.3,130.0,193.0,https://www.data.jma.go.jp/stats/etrn/view/monthly_s1.php?prec_no=54&block_no=47604&year=2012&month=&day=&view=,2026-09-05,fetch date (JMA pages carry no publish date; raw/research/weather/html/<station>_<year>.html)
niigata,新潟,2012,6,20.6,37.5,220.1,https://www.data.jma.go.jp/stats/etrn/view/monthly_s1.php?prec_no=54&block_no=47604&year=2012&month=&day=&view=,2026-09-05,fetch date (JMA pages carry no publish date; raw/research/weather/html/<station>_<year>.html)
niigata,新潟,2012,7,25.4,163.5,173.9,https://www.data.jma.go.jp/stats/etrn/view/monthly_s1.php?prec_no=54&block_no=47604&year=2012&month=&day=&view=,2026-09-05,fetch date (JMA pages carry no publish date; raw/research/weather/html/<station>_<year>.html)
niigata,新潟,2012,8,27.9,28.0,283.9,https://www.data.jma.go.jp/stats/etrn/view/monthly_s1.php?prec_no=54&block_no=47604&year=2012&month=&day=&view=,2026-09-05,fetch date (JMA pages carry no publish date; raw/research/weather/html/<station>_<year>.html)
niigata,新潟,2012,9,25.2,224.0,221.9,https://www.data.jma.go.jp/stats/etrn/view/monthly_s1.php?prec_no=54&block_no=47604&year=2012&month=&day=&view=,2026-09-05,fetch date (JMA pages carry no publish date; raw/research/weather/html/<station>_<year>.html)
niigata,新潟,2012,10,17.3,193.0,151.5,https://www.data.jma.go.jp/stats/etrn/view/monthly_s1.php?prec_no=54&block_no=47604&year=2012&month=&day=&view=,2026-09-05,fetch date (JMA pages carry no publish date; raw/research/weather/html/<station>_<year>.html)
niigata,新潟,2012,11,9.9,283.5,64.9,https://www.data.jma.go.jp/stats/etrn/view/monthly_s1.php?prec_no=54&block_no=47604&year=2012&month=&day=&view=,2026-09-05,fetch date (JMA pages carry no publish date; raw/research/weather/html/<station>_<year>.html)
niigata,新潟,2012,12,3.9,183.5,57.2,https://www.data.jma.go.jp/stats/etrn/view/monthly_s1.php?prec_no=54&block_no=47604&year=2012&month=&day=&view=,2026-09-05,fetch date (JMA pages carry no publish date; raw/research/weather/html/<station>_<year>.html)
niigata,新潟,2013,1,1.8,148.5,64.2,https://www.data.jma.go.jp/stats/etrn/view/monthly_s1.php?prec_no=54&block_no=47604&year=2013&month=&day=&view=,2026-09-05,fetch date (JMA pages carry no publish date; raw/research/weather/html/<station>_<year>.html)
niigata,新潟,2013,2,1.5,93.5,76.6,https://www.data.jma.go.jp/stats/etrn/view/monthly_s1.php?prec_no=54&block_no=47604&year=2013&month=&day=&view=,2026-09-05,fetch date (JMA pages carry no publish date; raw/research/weather/html/<station>_<year>.html)
niigata,新潟,2013,3,6.0,93.5,149.1,https://www.data.jma.go.jp/stats/etrn/view/monthly_s1.php?prec_no=54&block_no=47604&year=2013&month=&day=&view=,2026-09-05,fetch date (JMA pages carry no publish date; raw/research/weather/html/<station>_<year>.html)
niigata,新潟,2013,4,10.1,142.0,157.4,https://www.data.jma.go.jp/stats/etrn/view/monthly_s1.php?prec_no=54&block_no=47604&year=2013&month=&day=&view=,2026-09-05,fetch date (JMA pages carry no publish date; raw/research/weather/html/<station>_<year>.html)
niigata,新潟,2013,5,16.3,50.0,233.9,https://www.data.jma.go.jp/stats/etrn/view/monthly_s1.php?prec_no=54&block_no=47604&year=2013&month=&day=&view=,2026-09-05,fetch date (JMA pages carry no publish date; raw/research/weather/html/<station>_<year>.html)
niigata,新潟,2013,6,22.1,93.5,236.0,https://www.data.jma.go.jp/stats/etrn/view/monthly_s1.php?prec_no=54&block_no=47604&year=2013&month=&day=&view=,2026-09-05,fetch date (JMA pages carry no publish date; raw/research/weather/html/<station>_<year>.html)
niigata,新潟,2013,7,25.1,413.0,101.1,https://www.data.jma.go.jp/stats/etrn/view/monthly_s1.php?prec_no=54&block_no=47604&year=2013&month=&day=&view=,2026-09-05,fetch date (JMA pages carry no publish date; raw/research/weather/html/<station>_<year>.html)
niigata,新潟,2013,8,26.9,264.5,203.2,https://www.data.jma.go.jp/stats/etrn/view/monthly_s1.php?prec_no=54&block_no=47604&year=2013&month=&day=&view=,2026-09-05,fetch date (JMA pages carry no publish date; raw/research/weather/html/<station>_<year>.html)
niigata,新潟,2013,9,22.9,165.0,177.2,https://www.data.jma.go.jp/stats/etrn/view/monthly_s1.php?prec_no=54&block_no=47604&year=2013&month=&day=&view=,2026-09-05,fetch date (JMA pages carry no publish date; raw/research/weather/html/<station>_<year>.html)
niigata,新潟,2013,10,18.3,176.0,124.5,https://www.data.jma.go.jp/stats/etrn/view/monthly_s1.php?prec_no=54&block_no=47604&year=2013&month=&day=&view=,2026-09-05,fetch date (JMA pages carry no publish date; raw/research/weather/html/<station>_<year>.html)
niigata,新潟,2013,11,9.8,416.0,82.6,https://www.data.jma.go.jp/stats/etrn/view/monthly_s1.php?prec_no=54&block_no=47604&year=2013&month=&day=&view=,2026-09-05,fetch date (JMA pages carry no publish date; raw/research/weather/html/<station>_<year>.html)
niigata,新潟,2013,12,5.2,271.5,55.8,https://www.data.jma.go.jp/stats/etrn/view/monthly_s1.php?prec_no=54&block_no=47604&year=2013&month=&day=&view=,2026-09-05,fetch date (JMA pages carry no publish date; raw/research/weather/html/<station>_<year>.html)
niigata,新潟,2014,1,2.5,129.5,71.9,https://www.data.jma.go.jp/stats/etrn/view/monthly_s1.php?prec_no=54&block_no=47604&year=2014&month=&day=&view=,2026-09-05,fetch date (JMA pages carry no publish date; raw/research/weather/html/<station>_<year>.html)
niigata,新潟,2014,2,2.5,73.5,60.8,https://www.data.jma.go.jp/stats/etrn/view/monthly_s1.php?prec_no=54&block_no=47604&year=2014&month=&day=&view=,2026-09-05,fetch date (JMA pages carry no publish date; raw/research/weather/html/<station>_<year>.html)
niigata,新潟,2014,3,6.1,151.5,127.3,https://www.data.jma.go.jp/stats/etrn/view/monthly_s1.php?prec_no=54&block_no=47604&year=2014&month=&day=&view=,2026-09-05,fetch date (JMA pages carry no publish date; raw/research/weather/html/<station>_<year>.html)
niigata,新潟,2014,4,11.1,48.0,244.1,https://www.data.jma.go.jp/stats/etrn/view/monthly_s1.php?prec_no=54&block_no=47604&year=2014&month=&day=&view=,2026-09-05,fetch date (JMA pages carry no publish date; raw/research/weather/html/<station>_<year>.html)
niigata,新潟,2014,5,17.1,90.0,223.7,https://www.data.jma.go.jp/stats/etrn/view/monthly_s1.php?prec_no=54&block_no=47604&year=2014&month=&day=&view=,2026-09-05,fetch date (JMA pages carry no publish date; raw/research/weather/html/<station>_<year>.html)
niigata,新潟,2014,6,22.0,63.0,202.0,https://www.data.jma.go.jp/stats/etrn/view/monthly_s1.php?prec_no=54&block_no=47604&year=2014&month=&day=&view=,2026-09-05,fetch date (JMA pages carry no publish date; raw/research/weather/html/<station>_<year>.html)
niigata,新潟,2014,7,24.9,314.5,195.0,https://www.data.jma.go.jp/stats/etrn/view/monthly_s1.php?prec_no=54&block_no=47604&year=2014&month=&day=&view=,2026-09-05,fetch date (JMA pages carry no publish date; raw/research/weather/html/<station>_<year>.html)
niigata,新潟,2014,8,26.1,163.5,145.2,https://www.data.jma.go.jp/stats/etrn/view/monthly_s1.php?prec_no=54&block_no=47604&year=2014&month=&day=&view=,2026-09-05,fetch date (JMA pages carry no publish date; raw/research/weather/html/<station>_<year>.html)
niigata,新潟,2014,9,21.6,103.0,212.6,https://www.data.jma.go.jp/stats/etrn/view/monthly_s1.php?prec_no=54&block_no=47604&year=2014&month=&day=&view=,2026-09-05,fetch date (JMA pages carry no publish date; raw/research/weather/html/<station>_<year>.html)
niigata,新潟,2014,10,16.0,229.0,160.4,https://www.data.jma.go.jp/stats/etrn/view/monthly_s1.php?prec_no=54&block_no=47604&year=2014&month=&day=&view=,2026-09-05,fetch date (JMA pages carry no publish date; raw/research/weather/html/<station>_<year>.html)
niigata,新潟,2014,11,11.1,174.5,93.5,https://www.data.jma.go.jp/stats/etrn/view/monthly_s1.php?prec_no=54&block_no=47604&year=2014&month=&day=&view=,2026-09-05,fetch date (JMA pages carry no publish date; raw/research/weather/html/<station>_<year>.html)
niigata,新潟,2014,12,3.4,444.0,27.7,https://www.data.jma.go.jp/stats/etrn/view/monthly_s1.php?prec_no=54&block_no=47604&year=2014&month=&day=&view=,2026-09-05,fetch date (JMA pages carry no publish date; raw/research/weather/html/<station>_<year>.html)
niigata,新潟,2015,1,3.1,114.5,53.6,https://www.data.jma.go.jp/stats/etrn/view/monthly_s1.php?prec_no=54&block_no=47604&year=2015&month=&day=&view=,2026-09-05,fetch date (JMA pages carry no publish date; raw/research/weather/html/<station>_<year>.html)
niigata,新潟,2015,2,3.9,92.5,58.5,https://www.data.jma.go.jp/stats/etrn/view/monthly_s1.php?prec_no=54&block_no=47604&year=2015&month=&day=&view=,2026-09-05,fetch date (JMA pages carry no publish date; raw/research/weather/html/<station>_<year>.html)
niigata,新潟,2015,3,7.0,117.0,147.3,https://www.data.jma.go.jp/stats/etrn/view/monthly_s1.php?prec_no=54&block_no=47604&year=2015&month=&day=&view=,2026-09-05,fetch date (JMA pages carry no publish date; raw/research/weather/html/<station>_<year>.html)
niigata,新潟,2015,4,12.1,145.0,172.0,https://www.data.jma.go.jp/stats/etrn/view/monthly_s1.php?prec_no=54&block_no=47604&year=2015&month=&day=&view=,2026-09-05,fetch date (JMA pages carry no publish date; raw/research/weather/html/<station>_<year>.html)
niigata,新潟,2015,5,18.6,63.0,,https://www.data.jma.go.jp/stats/etrn/view/monthly_s1.php?prec_no=54&block_no=47604&year=2015&month=&day=&view=,2026-09-05,fetch date (JMA pages carry no publish date; raw/research/weather/html/<station>_<year>.html)
niigata,新潟,2015,6,21.2,50.0,192.9,https://www.data.jma.go.jp/stats/etrn/view/monthly_s1.php?prec_no=54&block_no=47604&year=2015&month=&day=&view=,2026-09-05,fetch date (JMA pages carry no publish date; raw/research/weather/html/<station>_<year>.html)
niigata,新潟,2015,7,25.2,167.0,189.6,https://www.data.jma.go.jp/stats/etrn/view/monthly_s1.php?prec_no=54&block_no=47604&year=2015&month=&day=&view=,2026-09-05,fetch date (JMA pages carry no publish date; raw/research/weather/html/<station>_<year>.html)
niigata,新潟,2015,8,25.8,114.5,183.9,https://www.data.jma.go.jp/stats/etrn/view/monthly_s1.php?prec_no=54&block_no=47604&year=2015&month=&day=&view=,2026-09-05,fetch date (JMA pages carry no publish date; raw/research/weather/html/<station>_<year>.html)
niigata,新潟,2015,9,21.1,145.5,121.9,https://www.data.jma.go.jp/stats/etrn/view/monthly_s1.php?prec_no=54&block_no=47604&year=2015&month=&day=&view=,2026-09-05,fetch date (JMA pages carry no publish date; raw/research/weather/html/<station>_<year>.html)
niigata,新潟,2015,10,15.8,106.0,194.2,https://www.data.jma.go.jp/stats/etrn/view/monthly_s1.php?prec_no=54&block_no=47604&year=2015&month=&day=&view=,2026-09-05,fetch date (JMA pages carry no publish date; raw/research/weather/html/<station>_<year>.html)
niigata,新潟,2015,11,12.1,187.0,77.4,https://www.data.jma.go.jp/stats/etrn/view/monthly_s1.php?prec_no=54&block_no=47604&year=2015&month=&day=&view=,2026-09-05,fetch date (JMA pages carry no publish date; raw/research/weather/html/<station>_<year>.html)
niigata,新潟,2015,12,7.0,165.5,71.5,https://www.data.jma.go.jp/stats/etrn/view/monthly_s1.php?prec_no=54&block_no=47604&year=2015&month=&day=&view=,2026-09-05,fetch date (JMA pages carry no publish date; raw/research/weather/html/<station>_<year>.html)
niigata,新潟,2016,1,3.1,269.0,23.9,https://www.data.jma.go.jp/stats/etrn/view/monthly_s1.php?prec_no=54&block_no=47604&year=2016&month=&day=&view=,2026-09-05,fetch date (JMA pages carry no publish date; raw/research/weather/html/<station>_<year>.html)
niigata,新潟,2016,2,3.6,130.0,81.3,https://www.data.jma.go.jp/stats/etrn/view/monthly_s1.php?prec_no=54&block_no=47604&year=2016&month=&day=&view=,2026-09-05,fetch date (JMA pages carry no publish date; raw/research/weather/html/<station>_<year>.html)
niigata,新潟,2016,3,6.9,41.5,157.6,https://www.data.jma.go.jp/stats/etrn/view/monthly_s1.php?prec_no=54&block_no=47604&year=2016&month=&day=&view=,2026-09-05,fetch date (JMA pages carry no publish date; raw/research/weather/html/<station>_<year>.html)
niigata,新潟,2016,4,12.4,120.5,198.5,https://www.data.jma.go.jp/stats/etrn/view/monthly_s1.php?prec_no=54&block_no=47604&year=2016&month=&day=&view=,2026-09-05,fetch date (JMA pages carry no publish date; raw/research/weather/html/<station>_<year>.html)
niigata,新潟,2016,5,18.4,90.0,224.5,https://www.data.jma.go.jp/stats/etrn/view/monthly_s1.php?prec_no=54&block_no=47604&year=2016&month=&day=&view=,2026-09-05,fetch date (JMA pages carry no publish date; raw/research/weather/html/<station>_<year>.html)
niigata,新潟,2016,6,21.4,73.5,193.2,https://www.data.jma.go.jp/stats/etrn/view/monthly_s1.php?prec_no=54&block_no=47604&year=2016&month=&day=&view=,2026-09-05,fetch date (JMA pages carry no publish date; raw/research/weather/html/<station>_<year>.html)
niigata,新潟,2016,7,24.6,194.5,152.0,https://www.data.jma.go.jp/stats/etrn/view/monthly_s1.php?prec_no=54&block_no=47604&year=2016&month=&day=&view=,2026-09-05,fetch date (JMA pages carry no publish date; raw/research/weather/html/<station>_<year>.html)
niigata,新潟,2016,8,27.0,85.0,271.9,https://www.data.jma.go.jp/stats/etrn/view/monthly_s1.php?prec_no=54&block_no=47604&year=2016&month=&day=&view=,2026-09-05,fetch date (JMA pages carry no publish date; raw/research/weather/html/<station>_<year>.html)
niigata,新潟,2016,9,23.4,127.0,130.5,https://www.data.jma.go.jp/stats/etrn/view/monthly_s1.php?prec_no=54&block_no=47604&year=2016&month=&day=&view=,2026-09-05,fetch date (JMA pages carry no publish date; raw/research/weather/html/<station>_<year>.html)
niigata,新潟,2016,10,16.4,99.0,134.1,https://www.data.jma.go.jp/stats/etrn/view/monthly_s1.php?prec_no=54&block_no=47604&year=2016&month=&day=&view=,2026-09-05,fetch date (JMA pages carry no publish date; raw/research/weather/html/<station>_<year>.html)
niigata,新潟,2016,11,9.9,89.5,106.5,https://www.data.jma.go.jp/stats/etrn/view/monthly_s1.php?prec_no=54&block_no=47604&year=2016&month=&day=&view=,2026-09-05,fetch date (JMA pages carry no publish date; raw/research/weather/html/<station>_<year>.html)
niigata,新潟,2016,12,6.4,179.5,64.4,https://www.data.jma.go.jp/stats/etrn/view/monthly_s1.php?prec_no=54&block_no=47604&year=2016&month=&day=&view=,2026-09-05,fetch date (JMA pages carry no publish date; raw/research/weather/html/<station>_<year>.html)
niigata,新潟,2017,1,3.1,161.0,52.5,https://www.data.jma.go.jp/stats/etrn/view/monthly_s1.php?prec_no=54&block_no=47604&year=2017&month=&day=&view=,2026-09-05,fetch date (JMA pages carry no publish date; raw/research/weather/html/<station>_<year>.html)
niigata,新潟,2017,2,3.3,95.0,72.9,https://www.data.jma.go.jp/stats/etrn/view/monthly_s1.php?prec_no=54&block_no=47604&year=2017&month=&day=&view=,2026-09-05,fetch date (JMA pages carry no publish date; raw/research/weather/html/<station>_<year>.html)
niigata,新潟,2017,3,6.1,69.0,144.2,https://www.data.jma.go.jp/stats/etrn/view/monthly_s1.php?prec_no=54&block_no=47604&year=2017&month=&day=&view=,2026-09-05,fetch date (JMA pages carry no publish date; raw/research/weather/html/<station>_<year>.html)
niigata,新潟,2017,4,11.6,99.5,192.7,https://www.data.jma.go.jp/stats/etrn/view/monthly_s1.php?prec_no=54&block_no=47604&year=2017&month=&day=&view=,2026-09-05,fetch date (JMA pages carry no publish date; raw/research/weather/html/<station>_<year>.html)
niigata,新潟,2017,5,17.7,56.0,234.1,https://www.data.jma.go.jp/stats/etrn/view/monthly_s1.php?prec_no=54&block_no=47604&year=2017&month=&day=&view=,2026-09-05,fetch date (JMA pages carry no publish date; raw/research/weather/html/<station>_<year>.html)
niigata,新潟,2017,6,19.0,48.0,177.9,https://www.data.jma.go.jp/stats/etrn/view/monthly_s1.php?prec_no=54&block_no=47604&year=2017&month=&day=&view=,2026-09-05,fetch date (JMA pages carry no publish date; raw/research/weather/html/<station>_<year>.html)
niigata,新潟,2017,7,25.9,443.0,197.7,https://www.data.jma.go.jp/stats/etrn/view/monthly_s1.php?prec_no=54&block_no=47604&year=2017&month=&day=&view=,2026-09-05,fetch date (JMA pages carry no publish date; raw/research/weather/html/<station>_<year>.html)
niigata,新潟,2017,8,26.2,258.0,171.6,https://www.data.jma.go.jp/stats/etrn/view/monthly_s1.php?prec_no=54&block_no=47604&year=2017&month=&day=&view=,2026-09-05,fetch date (JMA pages carry no publish date; raw/research/weather/html/<station>_<year>.html)
niigata,新潟,2017,9,21.7,95.5,190.2,https://www.data.jma.go.jp/stats/etrn/view/monthly_s1.php?prec_no=54&block_no=47604&year=2017&month=&day=&view=,2026-09-05,fetch date (JMA pages carry no publish date; raw/research/weather/html/<station>_<year>.html)
niigata,新潟,2017,10,16.4,150.5,75.0,https://www.data.jma.go.jp/stats/etrn/view/monthly_s1.php?prec_no=54&block_no=47604&year=2017&month=&day=&view=,2026-09-05,fetch date (JMA pages carry no publish date; raw/research/weather/html/<station>_<year>.html)
niigata,新潟,2017,11,9.1,231.5,91.6,https://www.data.jma.go.jp/stats/etrn/view/monthly_s1.php?prec_no=54&block_no=47604&year=2017&month=&day=&view=,2026-09-05,fetch date (JMA pages carry no publish date; raw/research/weather/html/<station>_<year>.html)
niigata,新潟,2017,12,3.9,329.5,42.1,https://www.data.jma.go.jp/stats/etrn/view/monthly_s1.php?prec_no=54&block_no=47604&year=2017&month=&day=&view=,2026-09-05,fetch date (JMA pages carry no publish date; raw/research/weather/html/<station>_<year>.html)
niigata,新潟,2018,1,1.7,206.0,54.5,https://www.data.jma.go.jp/stats/etrn/view/monthly_s1.php?prec_no=54&block_no=47604&year=2018&month=&day=&view=,2026-09-05,fetch date (JMA pages carry no publish date; raw/research/weather/html/<station>_<year>.html)
niigata,新潟,2018,2,1.4,108.5,83.9,https://www.data.jma.go.jp/stats/etrn/view/monthly_s1.php?prec_no=54&block_no=47604&year=2018&month=&day=&view=,2026-09-05,fetch date (JMA pages carry no publish date; raw/research/weather/html/<station>_<year>.html)
niigata,新潟,2018,3,7.5,111.0,175.1,https://www.data.jma.go.jp/stats/etrn/view/monthly_s1.php?prec_no=54&block_no=47604&year=2018&month=&day=&view=,2026-09-05,fetch date (JMA pages carry no publish date; raw/research/weather/html/<station>_<year>.html)
niigata,新潟,2018,4,12.7,139.5,175.5,https://www.data.jma.go.jp/stats/etrn/view/monthly_s1.php?prec_no=54&block_no=47604&year=2018&month=&day=&view=,2026-09-05,fetch date (JMA pages carry no publish date; raw/research/weather/html/<station>_<year>.html)
niigata,新潟,2018,5,17.0,139.0,164.3,https://www.data.jma.go.jp/stats/etrn/view/monthly_s1.php?prec_no=54&block_no=47604&year=2018&month=&day=&view=,2026-09-05,fetch date (JMA pages carry no publish date; raw/research/weather/html/<station>_<year>.html)
niigata,新潟,2018,6,21.1,66.5,189.1,https://www.data.jma.go.jp/stats/etrn/view/monthly_s1.php?prec_no=54&block_no=47604&year=2018&month=&day=&view=,2026-09-05,fetch date (JMA pages carry no publish date; raw/research/weather/html/<station>_<year>.html)
niigata,新潟,2018,7,27.4,42.0,262.5,https://www.data.jma.go.jp/stats/etrn/view/monthly_s1.php?prec_no=54&block_no=47604&year=2018&month=&day=&view=,2026-09-05,fetch date (JMA pages carry no publish date; raw/research/weather/html/<station>_<year>.html)
niigata,新潟,2018,8,26.6,278.0,186.1,https://www.data.jma.go.jp/stats/etrn/view/monthly_s1.php?prec_no=54&block_no=47604&year=2018&month=&day=&view=,2026-09-05,fetch date (JMA pages carry no publish date; raw/research/weather/html/<station>_<year>.html)
niigata,新潟,2018,9,21.8,248.5,113.9,https://www.data.jma.go.jp/stats/etrn/view/monthly_s1.php?prec_no=54&block_no=47604&year=2018&month=&day=&view=,2026-09-05,fetch date (JMA pages carry no publish date; raw/research/weather/html/<station>_<year>.html)
niigata,新潟,2018,10,17.2,154.0,141.6,https://www.data.jma.go.jp/stats/etrn/view/monthly_s1.php?prec_no=54&block_no=47604&year=2018&month=&day=&view=,2026-09-05,fetch date (JMA pages carry no publish date; raw/research/weather/html/<station>_<year>.html)
niigata,新潟,2018,11,11.6,97.0,95.7,https://www.data.jma.go.jp/stats/etrn/view/monthly_s1.php?prec_no=54&block_no=47604&year=2018&month=&day=&view=,2026-09-05,fetch date (JMA pages carry no publish date; raw/research/weather/html/<station>_<year>.html)
niigata,新潟,2018,12,5.9,205.5,56.6,https://www.data.jma.go.jp/stats/etrn/view/monthly_s1.php?prec_no=54&block_no=47604&year=2018&month=&day=&view=,2026-09-05,fetch date (JMA pages carry no publish date; raw/research/weather/html/<station>_<year>.html)
niigata,新潟,2019,1,3.0,150.0,51.9,https://www.data.jma.go.jp/stats/etrn/view/monthly_s1.php?prec_no=54&block_no=47604&year=2019&month=&day=&view=,2026-09-05,fetch date (JMA pages carry no publish date; raw/research/weather/html/<station>_<year>.html)
niigata,新潟,2019,2,4.0,65.5,73.1,https://www.data.jma.go.jp/stats/etrn/view/monthly_s1.php?prec_no=54&block_no=47604&year=2019&month=&day=&view=,2026-09-05,fetch date (JMA pages carry no publish date; raw/research/weather/html/<station>_<year>.html)
niigata,新潟,2019,3,7.2,92.0,154.2,https://www.data.jma.go.jp/stats/etrn/view/monthly_s1.php?prec_no=54&block_no=47604&year=2019&month=&day=&view=,2026-09-05,fetch date (JMA pages carry no publish date; raw/research/weather/html/<station>_<year>.html)
niigata,新潟,2019,4,10.8,107.5,173.9,https://www.data.jma.go.jp/stats/etrn/view/monthly_s1.php?prec_no=54&block_no=47604&year=2019&month=&day=&view=,2026-09-05,fetch date (JMA pages carry no publish date; raw/research/weather/html/<station>_<year>.html)
niigata,新潟,2019,5,18.0,62.0,312.3,https://www.data.jma.go.jp/stats/etrn/view/monthly_s1.php?prec_no=54&block_no=47604&year=2019&month=&day=&view=,2026-09-05,fetch date (JMA pages carry no publish date; raw/research/weather/html/<station>_<year>.html)
niigata,新潟,2019,6,20.8,174.5,185.2,https://www.data.jma.go.jp/stats/etrn/view/monthly_s1.php?prec_no=54&block_no=47604&year=2019&month=&day=&view=,2026-09-05,fetch date (JMA pages carry no publish date; raw/research/weather/html/<station>_<year>.html)
niigata,新潟,2019,7,25.2,73.5,172.0,https://www.data.jma.go.jp/stats/etrn/view/monthly_s1.php?prec_no=54&block_no=47604&year=2019&month=&day=&view=,2026-09-05,fetch date (JMA pages carry no publish date; raw/research/weather/html/<station>_<year>.html)
niigata,新潟,2019,8,27.5,177.0,244.1,https://www.data.jma.go.jp/stats/etrn/view/monthly_s1.php?prec_no=54&block_no=47604&year=2019&month=&day=&view=,2026-09-05,fetch date (JMA pages carry no publish date; raw/research/weather/html/<station>_<year>.html)
niigata,新潟,2019,9,23.4,30.5,161.9,https://www.data.jma.go.jp/stats/etrn/view/monthly_s1.php?prec_no=54&block_no=47604&year=2019&month=&day=&view=,2026-09-05,fetch date (JMA pages carry no publish date; raw/research/weather/html/<station>_<year>.html)
niigata,新潟,2019,10,17.7,188.5,122.2,https://www.data.jma.go.jp/stats/etrn/view/monthly_s1.php?prec_no=54&block_no=47604&year=2019&month=&day=&view=,2026-09-05,fetch date (JMA pages carry no publish date; raw/research/weather/html/<station>_<year>.html)
niigata,新潟,2019,11,11.0,137.0,104.9,https://www.data.jma.go.jp/stats/etrn/view/monthly_s1.php?prec_no=54&block_no=47604&year=2019&month=&day=&view=,2026-09-05,fetch date (JMA pages carry no publish date; raw/research/weather/html/<station>_<year>.html)
niigata,新潟,2019,12,6.6,94.0,76.9,https://www.data.jma.go.jp/stats/etrn/view/monthly_s1.php?prec_no=54&block_no=47604&year=2019&month=&day=&view=,2026-09-05,fetch date (JMA pages carry no publish date; raw/research/weather/html/<station>_<year>.html)
niigata,新潟,2020,1,5.2,146.0,60.7,https://www.data.jma.go.jp/stats/etrn/view/monthly_s1.php?prec_no=54&block_no=47604&year=2020&month=&day=&view=,2026-09-05,fetch date (JMA pages carry no publish date; raw/research/weather/html/<station>_<year>.html)
niigata,新潟,2020,2,5.0,102.0,74.8,https://www.data.jma.go.jp/stats/etrn/view/monthly_s1.php?prec_no=54&block_no=47604&year=2020&month=&day=&view=,2026-09-05,fetch date (JMA pages carry no publish date; raw/research/weather/html/<station>_<year>.html)
niigata,新潟,2020,3,7.9,121.0,161.0,https://www.data.jma.go.jp/stats/etrn/view/monthly_s1.php?prec_no=54&block_no=47604&year=2020&month=&day=&view=,2026-09-05,fetch date (JMA pages carry no publish date; raw/research/weather/html/<station>_<year>.html)
niigata,新潟,2020,4,10.1,108.0,167.6,https://www.data.jma.go.jp/stats/etrn/view/monthly_s1.php?prec_no=54&block_no=47604&year=2020&month=&day=&view=,2026-09-05,fetch date (JMA pages carry no publish date; raw/research/weather/html/<station>_<year>.html)
niigata,新潟,2020,5,17.2,82.0,206.2,https://www.data.jma.go.jp/stats/etrn/view/monthly_s1.php?prec_no=54&block_no=47604&year=2020&month=&day=&view=,2026-09-05,fetch date (JMA pages carry no publish date; raw/research/weather/html/<station>_<year>.html)
niigata,新潟,2020,6,22.3,80.5,205.6,https://www.data.jma.go.jp/stats/etrn/view/monthly_s1.php?prec_no=54&block_no=47604&year=2020&month=&day=&view=,2026-09-05,fetch date (JMA pages carry no publish date; raw/research/weather/html/<station>_<year>.html)
niigata,新潟,2020,7,23.6,649.5,75.3,https://www.data.jma.go.jp/stats/etrn/view/monthly_s1.php?prec_no=54&block_no=47604&year=2020&month=&day=&view=,2026-09-05,fetch date (JMA pages carry no publish date; raw/research/weather/html/<station>_<year>.html)
niigata,新潟,2020,8,27.7,101.5,227.3,https://www.data.jma.go.jp/stats/etrn/view/monthly_s1.php?prec_no=54&block_no=47604&year=2020&month=&day=&view=,2026-09-05,fetch date (JMA pages carry no publish date; raw/research/weather/html/<station>_<year>.html)
niigata,新潟,2020,9,24.4,250.5,167.3,https://www.data.jma.go.jp/stats/etrn/view/monthly_s1.php?prec_no=54&block_no=47604&year=2020&month=&day=&view=,2026-09-05,fetch date (JMA pages carry no publish date; raw/research/weather/html/<station>_<year>.html)
niigata,新潟,2020,10,16.4,108.5,120.5,https://www.data.jma.go.jp/stats/etrn/view/monthly_s1.php?prec_no=54&block_no=47604&year=2020&month=&day=&view=,2026-09-05,fetch date (JMA pages carry no publish date; raw/research/weather/html/<station>_<year>.html)
niigata,新潟,2020,11,11.4,124.5,96.7,https://www.data.jma.go.jp/stats/etrn/view/monthly_s1.php?prec_no=54&block_no=47604&year=2020&month=&day=&view=,2026-09-05,fetch date (JMA pages carry no publish date; raw/research/weather/html/<station>_<year>.html)
niigata,新潟,2020,12,5.2,203.5,45.5,https://www.data.jma.go.jp/stats/etrn/view/monthly_s1.php?prec_no=54&block_no=47604&year=2020&month=&day=&view=,2026-09-05,fetch date (JMA pages carry no publish date; raw/research/weather/html/<station>_<year>.html)
niigata,新潟,2021,1,1.9,247.5,50.2,https://www.data.jma.go.jp/stats/etrn/view/monthly_s1.php?prec_no=54&block_no=47604&year=2021&month=&day=&view=,2026-09-05,fetch date (JMA pages carry no publish date; raw/research/weather/html/<station>_<year>.html)
niigata,新潟,2021,2,4.4,97.5,104.3,https://www.data.jma.go.jp/stats/etrn/view/monthly_s1.php?prec_no=54&block_no=47604&year=2021&month=&day=&view=,2026-09-05,fetch date (JMA pages carry no publish date; raw/research/weather/html/<station>_<year>.html)
niigata,新潟,2021,3,8.5,77.5,152.5,https://www.data.jma.go.jp/stats/etrn/view/monthly_s1.php?prec_no=54&block_no=47604&year=2021&month=&day=&view=,2026-09-05,fetch date (JMA pages carry no publish date; raw/research/weather/html/<station>_<year>.html)
niigata,新潟,2021,4,11.4,109.5,218.0,https://www.data.jma.go.jp/stats/etrn/view/monthly_s1.php?prec_no=54&block_no=47604&year=2021&month=&day=&view=,2026-09-05,fetch date (JMA pages carry no publish date; raw/research/weather/html/<station>_<year>.html)
niigata,新潟,2021,5,16.9,114.0,178.1,https://www.data.jma.go.jp/stats/etrn/view/monthly_s1.php?prec_no=54&block_no=47604&year=2021&month=&day=&view=,2026-09-05,fetch date (JMA pages carry no publish date; raw/research/weather/html/<station>_<year>.html)
niigata,新潟,2021,6,21.5,84.5,212.8,https://www.data.jma.go.jp/stats/etrn/view/monthly_s1.php?prec_no=54&block_no=47604&year=2021&month=&day=&view=,2026-09-05,fetch date (JMA pages carry no publish date; raw/research/weather/html/<station>_<year>.html)
niigata,新潟,2021,7,26.1,226.5,242.5,https://www.data.jma.go.jp/stats/etrn/view/monthly_s1.php?prec_no=54&block_no=47604&year=2021&month=&day=&view=,2026-09-05,fetch date (JMA pages carry no publish date; raw/research/weather/html/<station>_<year>.html)
niigata,新潟,2021,8,26.7,163.5,170.4,https://www.data.jma.go.jp/stats/etrn/view/monthly_s1.php?prec_no=54&block_no=47604&year=2021&month=&day=&view=,2026-09-05,fetch date (JMA pages carry no publish date; raw/research/weather/html/<station>_<year>.html)
niigata,新潟,2021,9,22.3,121.5,190.9,https://www.data.jma.go.jp/stats/etrn/view/monthly_s1.php?prec_no=54&block_no=47604&year=2021&month=&day=&view=,2026-09-05,fetch date (JMA pages carry no publish date; raw/research/weather/html/<station>_<year>.html)
niigata,新潟,2021,10,17.2,152.5,127.6,https://www.data.jma.go.jp/stats/etrn/view/monthly_s1.php?prec_no=54&block_no=47604&year=2021&month=&day=&view=,2026-09-05,fetch date (JMA pages carry no publish date; raw/research/weather/html/<station>_<year>.html)
niigata,新潟,2021,11,11.5,282.5,120.3,https://www.data.jma.go.jp/stats/etrn/view/monthly_s1.php?prec_no=54&block_no=47604&year=2021&month=&day=&view=,2026-09-05,fetch date (JMA pages carry no publish date; raw/research/weather/html/<station>_<year>.html)
niigata,新潟,2021,12,5.3,275.0,59.2,https://www.data.jma.go.jp/stats/etrn/view/monthly_s1.php?prec_no=54&block_no=47604&year=2021&month=&day=&view=,2026-09-05,fetch date (JMA pages carry no publish date; raw/research/weather/html/<station>_<year>.html)
niigata,新潟,2022,1,2.5,120.5,69.6,https://www.data.jma.go.jp/stats/etrn/view/monthly_s1.php?prec_no=54&block_no=47604&year=2022&month=&day=&view=,2026-09-05,fetch date (JMA pages carry no publish date; raw/research/weather/html/<station>_<year>.html)
niigata,新潟,2022,2,2.5,109.5,63.3,https://www.data.jma.go.jp/stats/etrn/view/monthly_s1.php?prec_no=54&block_no=47604&year=2022&month=&day=&view=,2026-09-05,fetch date (JMA pages carry no publish date; raw/research/weather/html/<station>_<year>.html)
niigata,新潟,2022,3,7.3,87.5,137.2,https://www.data.jma.go.jp/stats/etrn/view/monthly_s1.php?prec_no=54&block_no=47604&year=2022&month=&day=&view=,2026-09-05,fetch date (JMA pages carry no publish date; raw/research/weather/html/<station>_<year>.html)
niigata,新潟,2022,4,12.5,107.0,199.5,https://www.data.jma.go.jp/stats/etrn/view/monthly_s1.php?prec_no=54&block_no=47604&year=2022&month=&day=&view=,2026-09-05,fetch date (JMA pages carry no publish date; raw/research/weather/html/<station>_<year>.html)
niigata,新潟,2022,5,17.5,89.5,255.5,https://www.data.jma.go.jp/stats/etrn/view/monthly_s1.php?prec_no=54&block_no=47604&year=2022&month=&day=&view=,2026-09-05,fetch date (JMA pages carry no publish date; raw/research/weather/html/<station>_<year>.html)
niigata,新潟,2022,6,21.7,172.5,181.8,https://www.data.jma.go.jp/stats/etrn/view/monthly_s1.php?prec_no=54&block_no=47604&year=2022&month=&day=&view=,2026-09-05,fetch date (JMA pages carry no publish date; raw/research/weather/html/<station>_<year>.html)
niigata,新潟,2022,7,26.6,223.5,239.7,https://www.data.jma.go.jp/stats/etrn/view/monthly_s1.php?prec_no=54&block_no=47604&year=2022&month=&day=&view=,2026-09-05,fetch date (JMA pages carry no publish date; raw/research/weather/html/<station>_<year>.html)
niigata,新潟,2022,8,26.6,280.5,139.5,https://www.data.jma.go.jp/stats/etrn/view/monthly_s1.php?prec_no=54&block_no=47604&year=2022&month=&day=&view=,2026-09-05,fetch date (JMA pages carry no publish date; raw/research/weather/html/<station>_<year>.html)
niigata,新潟,2022,9,23.8,123.0,177.2,https://www.data.jma.go.jp/stats/etrn/view/monthly_s1.php?prec_no=54&block_no=47604&year=2022&month=&day=&view=,2026-09-05,fetch date (JMA pages carry no publish date; raw/research/weather/html/<station>_<year>.html)
niigata,新潟,2022,10,15.8,117.5,130.1,https://www.data.jma.go.jp/stats/etrn/view/monthly_s1.php?prec_no=54&block_no=47604&year=2022&month=&day=&view=,2026-09-05,fetch date (JMA pages carry no publish date; raw/research/weather/html/<station>_<year>.html)
niigata,新潟,2022,11,12.2,171.0,121.4,https://www.data.jma.go.jp/stats/etrn/view/monthly_s1.php?prec_no=54&block_no=47604&year=2022&month=&day=&view=,2026-09-05,fetch date (JMA pages carry no publish date; raw/research/weather/html/<station>_<year>.html)
niigata,新潟,2022,12,4.7,400.0,36.9,https://www.data.jma.go.jp/stats/etrn/view/monthly_s1.php?prec_no=54&block_no=47604&year=2022&month=&day=&view=,2026-09-05,fetch date (JMA pages carry no publish date; raw/research/weather/html/<station>_<year>.html)
niigata,新潟,2023,1,2.9,149.0,54.4,https://www.data.jma.go.jp/stats/etrn/view/monthly_s1.php?prec_no=54&block_no=47604&year=2023&month=&day=&view=,2026-09-05,fetch date (JMA pages carry no publish date; raw/research/weather/html/<station>_<year>.html)
niigata,新潟,2023,2,3.5,109.0,69.7,https://www.data.jma.go.jp/stats/etrn/view/monthly_s1.php?prec_no=54&block_no=47604&year=2023&month=&day=&view=,2026-09-05,fetch date (JMA pages carry no publish date; raw/research/weather/html/<station>_<year>.html)
niigata,新潟,2023,3,9.2,85.0,213.3,https://www.data.jma.go.jp/stats/etrn/view/monthly_s1.php?prec_no=54&block_no=47604&year=2023&month=&day=&view=,2026-09-05,fetch date (JMA pages carry no publish date; raw/research/weather/html/<station>_<year>.html)
niigata,新潟,2023,4,12.7,76.5,195.1,https://www.data.jma.go.jp/stats/etrn/view/monthly_s1.php?prec_no=54&block_no=47604&year=2023&month=&day=&view=,2026-09-05,fetch date (JMA pages carry no publish date; raw/research/weather/html/<station>_<year>.html)
niigata,新潟,2023,5,16.9,167.5,222.0,https://www.data.jma.go.jp/stats/etrn/view/monthly_s1.php?prec_no=54&block_no=47604&year=2023&month=&day=&view=,2026-09-05,fetch date (JMA pages carry no publish date; raw/research/weather/html/<station>_<year>.html)
niigata,新潟,2023,6,22.1,182.5,178.1,https://www.data.jma.go.jp/stats/etrn/view/monthly_s1.php?prec_no=54&block_no=47604&year=2023&month=&day=&view=,2026-09-05,fetch date (JMA pages carry no publish date; raw/research/weather/html/<station>_<year>.html)
niigata,新潟,2023,7,26.5,172.5,224.5,https://www.data.jma.go.jp/stats/etrn/view/monthly_s1.php?prec_no=54&block_no=47604&year=2023&month=&day=&view=,2026-09-05,fetch date (JMA pages carry no publish date; raw/research/weather/html/<station>_<year>.html)
niigata,新潟,2023,8,30.6,2.0,326.1,https://www.data.jma.go.jp/stats/etrn/view/monthly_s1.php?prec_no=54&block_no=47604&year=2023&month=&day=&view=,2026-09-05,fetch date (JMA pages carry no publish date; raw/research/weather/html/<station>_<year>.html)
niigata,新潟,2023,9,25.8,192.5,142.8,https://www.data.jma.go.jp/stats/etrn/view/monthly_s1.php?prec_no=54&block_no=47604&year=2023&month=&day=&view=,2026-09-05,fetch date (JMA pages carry no publish date; raw/research/weather/html/<station>_<year>.html)
niigata,新潟,2023,10,16.7,180.0,150.7,https://www.data.jma.go.jp/stats/etrn/view/monthly_s1.php?prec_no=54&block_no=47604&year=2023&month=&day=&view=,2026-09-05,fetch date (JMA pages carry no publish date; raw/research/weather/html/<station>_<year>.html)
niigata,新潟,2023,11,12.1,233.5,111.1,https://www.data.jma.go.jp/stats/etrn/view/monthly_s1.php?prec_no=54&block_no=47604&year=2023&month=&day=&view=,2026-09-05,fetch date (JMA pages carry no publish date; raw/research/weather/html/<station>_<year>.html)
niigata,新潟,2023,12,6.0,316.0,56.2,https://www.data.jma.go.jp/stats/etrn/view/monthly_s1.php?prec_no=54&block_no=47604&year=2023&month=&day=&view=,2026-09-05,fetch date (JMA pages carry no publish date; raw/research/weather/html/<station>_<year>.html)
niigata,新潟,2024,1,4.3,180.0,72.0,https://www.data.jma.go.jp/stats/etrn/view/monthly_s1.php?prec_no=54&block_no=47604&year=2024&month=&day=&view=,2026-09-05,fetch date (JMA pages carry no publish date; raw/research/weather/html/<station>_<year>.html)
niigata,新潟,2024,2,4.8,114.5,70.1,https://www.data.jma.go.jp/stats/etrn/view/monthly_s1.php?prec_no=54&block_no=47604&year=2024&month=&day=&view=,2026-09-05,fetch date (JMA pages carry no publish date; raw/research/weather/html/<station>_<year>.html)
niigata,新潟,2024,3,6.0,168.0,114.3,https://www.data.jma.go.jp/stats/etrn/view/monthly_s1.php?prec_no=54&block_no=47604&year=2024&month=&day=&view=,2026-09-05,fetch date (JMA pages carry no publish date; raw/research/weather/html/<station>_<year>.html)
niigata,新潟,2024,4,13.7,54.0,204.6,https://www.data.jma.go.jp/stats/etrn/view/monthly_s1.php?prec_no=54&block_no=47604&year=2024&month=&day=&view=,2026-09-05,fetch date (JMA pages carry no publish date; raw/research/weather/html/<station>_<year>.html)
niigata,新潟,2024,5,17.1,128.0,210.8,https://www.data.jma.go.jp/stats/etrn/view/monthly_s1.php?prec_no=54&block_no=47604&year=2024&month=&day=&view=,2026-09-05,fetch date (JMA pages carry no publish date; raw/research/weather/html/<station>_<year>.html)
niigata,新潟,2024,6,22.2,57.0,226.4,https://www.data.jma.go.jp/stats/etrn/view/monthly_s1.php?prec_no=54&block_no=47604&year=2024&month=&day=&view=,2026-09-05,fetch date (JMA pages carry no publish date; raw/research/weather/html/<station>_<year>.html)
niigata,新潟,2024,7,26.2,376.5,99.4,https://www.data.jma.go.jp/stats/etrn/view/monthly_s1.php?prec_no=54&block_no=47604&year=2024&month=&day=&view=,2026-09-05,fetch date (JMA pages carry no publish date; raw/research/weather/html/<station>_<year>.html)
niigata,新潟,2024,8,28.0,42.0,197.1,https://www.data.jma.go.jp/stats/etrn/view/monthly_s1.php?prec_no=54&block_no=47604&year=2024&month=&day=&view=,2026-09-05,fetch date (JMA pages carry no publish date; raw/research/weather/html/<station>_<year>.html)
niigata,新潟,2024,9,25.0,292.0,142.8,https://www.data.jma.go.jp/stats/etrn/view/monthly_s1.php?prec_no=54&block_no=47604&year=2024&month=&day=&view=,2026-09-05,fetch date (JMA pages carry no publish date; raw/research/weather/html/<station>_<year>.html)
niigata,新潟,2024,10,18.7,144.5,142.3,https://www.data.jma.go.jp/stats/etrn/view/monthly_s1.php?prec_no=54&block_no=47604&year=2024&month=&day=&view=,2026-09-05,fetch date (JMA pages carry no publish date; raw/research/weather/html/<station>_<year>.html)
niigata,新潟,2024,11,11.5,246.5,106.7,https://www.data.jma.go.jp/stats/etrn/view/monthly_s1.php?prec_no=54&block_no=47604&year=2024&month=&day=&view=,2026-09-05,fetch date (JMA pages carry no publish date; raw/research/weather/html/<station>_<year>.html)
niigata,新潟,2024,12,4.9,262.5,43.1,https://www.data.jma.go.jp/stats/etrn/view/monthly_s1.php?prec_no=54&block_no=47604&year=2024&month=&day=&view=,2026-09-05,fetch date (JMA pages carry no publish date; raw/research/weather/html/<station>_<year>.html)
niigata,新潟,2025,1,3.4,291.0,58.7,https://www.data.jma.go.jp/stats/etrn/view/monthly_s1.php?prec_no=54&block_no=47604&year=2025&month=&day=&view=,2026-09-05,fetch date (JMA pages carry no publish date; raw/research/weather/html/<station>_<year>.html)
niigata,新潟,2025,2,2.9,112.0,84.8,https://www.data.jma.go.jp/stats/etrn/view/monthly_s1.php?prec_no=54&block_no=47604&year=2025&month=&day=&view=,2026-09-05,fetch date (JMA pages carry no publish date; raw/research/weather/html/<station>_<year>.html)
niigata,新潟,2025,3,7.6,68.0,125.0,https://www.data.jma.go.jp/stats/etrn/view/monthly_s1.php?prec_no=54&block_no=47604&year=2025&month=&day=&view=,2026-09-05,fetch date (JMA pages carry no publish date; raw/research/weather/html/<station>_<year>.html)
niigata,新潟,2025,4,12.3,91.0,132.9,https://www.data.jma.go.jp/stats/etrn/view/monthly_s1.php?prec_no=54&block_no=47604&year=2025&month=&day=&view=,2026-09-05,fetch date (JMA pages carry no publish date; raw/research/weather/html/<station>_<year>.html)
niigata,新潟,2025,5,17.0,104.0,177.5,https://www.data.jma.go.jp/stats/etrn/view/monthly_s1.php?prec_no=54&block_no=47604&year=2025&month=&day=&view=,2026-09-05,fetch date (JMA pages carry no publish date; raw/research/weather/html/<station>_<year>.html)
niigata,新潟,2025,6,22.6,113.0,190.8,https://www.data.jma.go.jp/stats/etrn/view/monthly_s1.php?prec_no=54&block_no=47604&year=2025&month=&day=&view=,2026-09-05,fetch date (JMA pages carry no publish date; raw/research/weather/html/<station>_<year>.html)
niigata,新潟,2025,7,28.6,3.5,306.2,https://www.data.jma.go.jp/stats/etrn/view/monthly_s1.php?prec_no=54&block_no=47604&year=2025&month=&day=&view=,2026-09-05,fetch date (JMA pages carry no publish date; raw/research/weather/html/<station>_<year>.html)
niigata,新潟,2025,8,27.7,434.5,227.1,https://www.data.jma.go.jp/stats/etrn/view/monthly_s1.php?prec_no=54&block_no=47604&year=2025&month=&day=&view=,2026-09-05,fetch date (JMA pages carry no publish date; raw/research/weather/html/<station>_<year>.html)
niigata,新潟,2025,9,24.8,380.5,183.9,https://www.data.jma.go.jp/stats/etrn/view/monthly_s1.php?prec_no=54&block_no=47604&year=2025&month=&day=&view=,2026-09-05,fetch date (JMA pages carry no publish date; raw/research/weather/html/<station>_<year>.html)
niigata,新潟,2025,10,17.4,156.0,112.6,https://www.data.jma.go.jp/stats/etrn/view/monthly_s1.php?prec_no=54&block_no=47604&year=2025&month=&day=&view=,2026-09-05,fetch date (JMA pages carry no publish date; raw/research/weather/html/<station>_<year>.html)
niigata,新潟,2025,11,10.9,193.5,124.2,https://www.data.jma.go.jp/stats/etrn/view/monthly_s1.php?prec_no=54&block_no=47604&year=2025&month=&day=&view=,2026-09-05,fetch date (JMA pages carry no publish date; raw/research/weather/html/<station>_<year>.html)
niigata,新潟,2025,12,6.2,253.0,80.1,https://www.data.jma.go.jp/stats/etrn/view/monthly_s1.php?prec_no=54&block_no=47604&year=2025&month=&day=&view=,2026-09-05,fetch date (JMA pages carry no publish date; raw/research/weather/html/<station>_<year>.html)
niigata,新潟,2026,1,2.4,199.0,60.6,https://www.data.jma.go.jp/stats/etrn/view/monthly_s1.php?prec_no=54&block_no=47604&year=2026&month=&day=&view=,2026-09-05,fetch date (JMA pages carry no publish date; raw/research/weather/html/<station>_<year>.html)
niigata,新潟,2026,2,4.9,84.0,97.7,https://www.data.jma.go.jp/stats/etrn/view/monthly_s1.php?prec_no=54&block_no=47604&year=2026&month=&day=&view=,2026-09-05,fetch date (JMA pages carry no publish date; raw/research/weather/html/<station>_<year>.html)
niigata,新潟,2026,3,7.3,87.0,146.3,https://www.data.jma.go.jp/stats/etrn/view/monthly_s1.php?prec_no=54&block_no=47604&year=2026&month=&day=&view=,2026-09-05,fetch date (JMA pages carry no publish date; raw/research/weather/html/<station>_<year>.html)
niigata,新潟,2026,4,13.3,91.0,179.6,https://www.data.jma.go.jp/stats/etrn/view/monthly_s1.php?prec_no=54&block_no=47604&year=2026&month=&day=&view=,2026-09-05,fetch date (JMA pages carry no publish date; raw/research/weather/html/<station>_<year>.html)
niigata,新潟,2026,5,18.2,152.0,261.5,https://www.data.jma.go.jp/stats/etrn/view/monthly_s1.php?prec_no=54&block_no=47604&year=2026&month=&day=&view=,2026-09-05,fetch date (JMA pages carry no publish date; raw/research/weather/html/<station>_<year>.html)
niigata,新潟,2026,6,21.7,138.5,230.5,https://www.data.jma.go.jp/stats/etrn/view/monthly_s1.php?prec_no=54&block_no=47604&year=2026&month=&day=&view=,2026-09-05,fetch date (JMA pages carry no publish date; raw/research/weather/html/<station>_<year>.html)
niigata,新潟,2026,7,26.3,231.0,141.7,https://www.data.jma.go.jp/stats/etrn/view/monthly_s1.php?prec_no=54&block_no=47604&year=2026&month=&day=&view=,2026-09-05,fetch date (JMA pages carry no publish date; raw/research/weather/html/<station>_<year>.html)
niigata,新潟,2026,8,27.4,31.5,211.7,https://www.data.jma.go.jp/stats/etrn/view/monthly_s1.php?prec_no=54&block_no=47604&year=2026&month=&day=&view=,2026-09-05,fetch date (JMA pages carry no publish date; raw/research/weather/html/<station>_<year>.html)
niigata,新潟,2026,9,,,,https://www.data.jma.go.jp/stats/etrn/view/monthly_s1.php?prec_no=54&block_no=47604&year=2026&month=&day=&view=,2026-09-05,fetch date (JMA pages carry no publish date; raw/research/weather/html/<station>_<year>.html)
niigata,新潟,2026,10,,,,https://www.data.jma.go.jp/stats/etrn/view/monthly_s1.php?prec_no=54&block_no=47604&year=2026&month=&day=&view=,2026-09-05,fetch date (JMA pages carry no publish date; raw/research/weather/html/<station>_<year>.html)
niigata,新潟,2026,11,,,,https://www.data.jma.go.jp/stats/etrn/view/monthly_s1.php?prec_no=54&block_no=47604&year=2026&month=&day=&view=,2026-09-05,fetch date (JMA pages carry no publish date; raw/research/weather/html/<station>_<year>.html)
niigata,新潟,2026,12,,,,https://www.data.jma.go.jp/stats/etrn/view/monthly_s1.php?prec_no=54&block_no=47604&year=2026&month=&day=&view=,2026-09-05,fetch date (JMA pages carry no publish date; raw/research/weather/html/<station>_<year>.html)
toyama,富山,2009,1,3.7,233.5,73.2,https://www.data.jma.go.jp/stats/etrn/view/monthly_s1.php?prec_no=55&block_no=47607&year=2009&month=&day=&view=,2026-09-05,fetch date (JMA pages carry no publish date; raw/research/weather/html/<station>_<year>.html)
toyama,富山,2009,2,5.4,101.0,100.2,https://www.data.jma.go.jp/stats/etrn/view/monthly_s1.php?prec_no=55&block_no=47607&year=2009&month=&day=&view=,2026-09-05,fetch date (JMA pages carry no publish date; raw/research/weather/html/<station>_<year>.html)
toyama,富山,2009,3,7.3,139.0,139.2,https://www.data.jma.go.jp/stats/etrn/view/monthly_s1.php?prec_no=55&block_no=47607&year=2009&month=&day=&view=,2026-09-05,fetch date (JMA pages carry no publish date; raw/research/weather/html/<station>_<year>.html)
toyama,富山,2009,4,12.7,94.5,200.6,https://www.data.jma.go.jp/stats/etrn/view/monthly_s1.php?prec_no=55&block_no=47607&year=2009&month=&day=&view=,2026-09-05,fetch date (JMA pages carry no publish date; raw/research/weather/html/<station>_<year>.html)
toyama,富山,2009,5,17.9,80.0,176.3,https://www.data.jma.go.jp/stats/etrn/view/monthly_s1.php?prec_no=55&block_no=47607&year=2009&month=&day=&view=,2026-09-05,fetch date (JMA pages carry no publish date; raw/research/weather/html/<station>_<year>.html)
toyama,富山,2009,6,21.9,101.0,169.6,https://www.data.jma.go.jp/stats/etrn/view/monthly_s1.php?prec_no=55&block_no=47607&year=2009&month=&day=&view=,2026-09-05,fetch date (JMA pages carry no publish date; raw/research/weather/html/<station>_<year>.html)
toyama,富山,2009,7,24.5,375.5,71.5,https://www.data.jma.go.jp/stats/etrn/view/monthly_s1.php?prec_no=55&block_no=47607&year=2009&month=&day=&view=,2026-09-05,fetch date (JMA pages carry no publish date; raw/research/weather/html/<station>_<year>.html)
toyama,富山,2009,8,25.2,192.0,145.9,https://www.data.jma.go.jp/stats/etrn/view/monthly_s1.php?prec_no=55&block_no=47607&year=2009&month=&day=&view=,2026-09-05,fetch date (JMA pages carry no publish date; raw/research/weather/html/<station>_<year>.html)
toyama,富山,2009,9,21.8,105.5,150.9,https://www.data.jma.go.jp/stats/etrn/view/monthly_s1.php?prec_no=55&block_no=47607&year=2009&month=&day=&view=,2026-09-05,fetch date (JMA pages carry no publish date; raw/research/weather/html/<station>_<year>.html)
toyama,富山,2009,10,17.0,145.5,162.6,https://www.data.jma.go.jp/stats/etrn/view/monthly_s1.php?prec_no=55&block_no=47607&year=2009&month=&day=&view=,2026-09-05,fetch date (JMA pages carry no publish date; raw/research/weather/html/<station>_<year>.html)
toyama,富山,2009,11,11.8,333.5,103.7,https://www.data.jma.go.jp/stats/etrn/view/monthly_s1.php?prec_no=55&block_no=47607&year=2009&month=&day=&view=,2026-09-05,fetch date (JMA pages carry no publish date; raw/research/weather/html/<station>_<year>.html)
toyama,富山,2009,12,5.6,323.0,66.1,https://www.data.jma.go.jp/stats/etrn/view/monthly_s1.php?prec_no=55&block_no=47607&year=2009&month=&day=&view=,2026-09-05,fetch date (JMA pages carry no publish date; raw/research/weather/html/<station>_<year>.html)
toyama,富山,2010,1,3.3,308.5,73.6,https://www.data.jma.go.jp/stats/etrn/view/monthly_s1.php?prec_no=55&block_no=47607&year=2010&month=&day=&view=,2026-09-05,fetch date (JMA pages carry no publish date; raw/research/weather/html/<station>_<year>.html)
toyama,富山,2010,2,4.0,338.5,66.4,https://www.data.jma.go.jp/stats/etrn/view/monthly_s1.php?prec_no=55&block_no=47607&year=2010&month=&day=&view=,2026-09-05,fetch date (JMA pages carry no publish date; raw/research/weather/html/<station>_<year>.html)
toyama,富山,2010,3,6.8,230.0,84.4,https://www.data.jma.go.jp/stats/etrn/view/monthly_s1.php?prec_no=55&block_no=47607&year=2010&month=&day=&view=,2026-09-05,fetch date (JMA pages carry no publish date; raw/research/weather/html/<station>_<year>.html)
toyama,富山,2010,4,10.6,216.0,132.6,https://www.data.jma.go.jp/stats/etrn/view/monthly_s1.php?prec_no=55&block_no=47607&year=2010&month=&day=&view=,2026-09-05,fetch date (JMA pages carry no publish date; raw/research/weather/html/<station>_<year>.html)
toyama,富山,2010,5,16.6,121.0,171.0,https://www.data.jma.go.jp/stats/etrn/view/monthly_s1.php?prec_no=55&block_no=47607&year=2010&month=&day=&view=,2026-09-05,fetch date (JMA pages carry no publish date; raw/research/weather/html/<station>_<year>.html)
toyama,富山,2010,6,22.0,238.5,175.3,https://www.data.jma.go.jp/stats/etrn/view/monthly_s1.php?prec_no=55&block_no=47607&year=2010&month=&day=&view=,2026-09-05,fetch date (JMA pages carry no publish date; raw/research/weather/html/<station>_<year>.html)
toyama,富山,2010,7,26.7,167.0,188.6,https://www.data.jma.go.jp/stats/etrn/view/monthly_s1.php?prec_no=55&block_no=47607&year=2010&month=&day=&view=,2026-09-05,fetch date (JMA pages carry no publish date; raw/research/weather/html/<station>_<year>.html)
toyama,富山,2010,8,29.3,121.5,246.2,https://www.data.jma.go.jp/stats/etrn/view/monthly_s1.php?prec_no=55&block_no=47607&year=2010&month=&day=&view=,2026-09-05,fetch date (JMA pages carry no publish date; raw/research/weather/html/<station>_<year>.html)
toyama,富山,2010,9,24.2,259.0,152.0,https://www.data.jma.go.jp/stats/etrn/view/monthly_s1.php?prec_no=55&block_no=47607&year=2010&month=&day=&view=,2026-09-05,fetch date (JMA pages carry no publish date; raw/research/weather/html/<station>_<year>.html)
toyama,富山,2010,10,17.8,175.0,125.9,https://www.data.jma.go.jp/stats/etrn/view/monthly_s1.php?prec_no=55&block_no=47607&year=2010&month=&day=&view=,2026-09-05,fetch date (JMA pages carry no publish date; raw/research/weather/html/<station>_<year>.html)
toyama,富山,2010,11,10.9,264.0,102.9,https://www.data.jma.go.jp/stats/etrn/view/monthly_s1.php?prec_no=55&block_no=47607&year=2010&month=&day=&view=,2026-09-05,fetch date (JMA pages carry no publish date; raw/research/weather/html/<station>_<year>.html)
toyama,富山,2010,12,6.4,347.5,74.3,https://www.data.jma.go.jp/stats/etrn/view/monthly_s1.php?prec_no=55&block_no=47607&year=2010&month=&day=&view=,2026-09-05,fetch date (JMA pages carry no publish date; raw/research/weather/html/<station>_<year>.html)
toyama,富山,2011,1,1.0,346.5,33.4,https://www.data.jma.go.jp/stats/etrn/view/monthly_s1.php?prec_no=55&block_no=47607&year=2011&month=&day=&view=,2026-09-05,fetch date (JMA pages carry no publish date; raw/research/weather/html/<station>_<year>.html)
toyama,富山,2011,2,3.8,139.5,120.4,https://www.data.jma.go.jp/stats/etrn/view/monthly_s1.php?prec_no=55&block_no=47607&year=2011&month=&day=&view=,2026-09-05,fetch date (JMA pages carry no publish date; raw/research/weather/html/<station>_<year>.html)
toyama,富山,2011,3,5.2,153.5,119.3,https://www.data.jma.go.jp/stats/etrn/view/monthly_s1.php?prec_no=55&block_no=47607&year=2011&month=&day=&view=,2026-09-05,fetch date (JMA pages carry no publish date; raw/research/weather/html/<station>_<year>.html)
toyama,富山,2011,4,11.3,171.0,178.2,https://www.data.jma.go.jp/stats/etrn/view/monthly_s1.php?prec_no=55&block_no=47607&year=2011&month=&day=&view=,2026-09-05,fetch date (JMA pages carry no publish date; raw/research/weather/html/<station>_<year>.html)
toyama,富山,2011,5,17.0,241.5,172.1,https://www.data.jma.go.jp/stats/etrn/view/monthly_s1.php?prec_no=55&block_no=47607&year=2011&month=&day=&view=,2026-09-05,fetch date (JMA pages carry no publish date; raw/research/weather/html/<station>_<year>.html)
toyama,富山,2011,6,22.3,173.5,144.8,https://www.data.jma.go.jp/stats/etrn/view/monthly_s1.php?prec_no=55&block_no=47607&year=2011&month=&day=&view=,2026-09-05,fetch date (JMA pages carry no publish date; raw/research/weather/html/<station>_<year>.html)
toyama,富山,2011,7,26.6,209.5,161.8,https://www.data.jma.go.jp/stats/etrn/view/monthly_s1.php?prec_no=55&block_no=47607&year=2011&month=&day=&view=,2026-09-05,fetch date (JMA pages carry no publish date; raw/research/weather/html/<station>_<year>.html)
toyama,富山,2011,8,26.8,247.0,190.1,https://www.data.jma.go.jp/stats/etrn/view/monthly_s1.php?prec_no=55&block_no=47607&year=2011&month=&day=&view=,2026-09-05,fetch date (JMA pages carry no publish date; raw/research/weather/html/<station>_<year>.html)
toyama,富山,2011,9,23.2,276.0,170.8,https://www.data.jma.go.jp/stats/etrn/view/monthly_s1.php?prec_no=55&block_no=47607&year=2011&month=&day=&view=,2026-09-05,fetch date (JMA pages carry no publish date; raw/research/weather/html/<station>_<year>.html)
toyama,富山,2011,10,16.7,130.0,159.2,https://www.data.jma.go.jp/stats/etrn/view/monthly_s1.php?prec_no=55&block_no=47607&year=2011&month=&day=&view=,2026-09-05,fetch date (JMA pages carry no publish date; raw/research/weather/html/<station>_<year>.html)
toyama,富山,2011,11,12.7,280.0,102.4,https://www.data.jma.go.jp/stats/etrn/view/monthly_s1.php?prec_no=55&block_no=47607&year=2011&month=&day=&view=,2026-09-05,fetch date (JMA pages carry no publish date; raw/research/weather/html/<station>_<year>.html)
toyama,富山,2011,12,4.5,300.5,58.6,https://www.data.jma.go.jp/stats/etrn/view/monthly_s1.php?prec_no=55&block_no=47607&year=2011&month=&day=&view=,2026-09-05,fetch date (JMA pages carry no publish date; raw/research/weather/html/<station>_<year>.html)
toyama,富山,2012,1,2.0,285.5,58.2,https://www.data.jma.go.jp/stats/etrn/view/monthly_s1.php?prec_no=55&block_no=47607&year=2012&month=&day=&view=,2026-09-05,fetch date (JMA pages carry no publish date; raw/research/weather/html/<station>_<year>.html)
toyama,富山,2012,2,1.3,226.5,73.6,https://www.data.jma.go.jp/stats/etrn/view/monthly_s1.php?prec_no=55&block_no=47607&year=2012&month=&day=&view=,2026-09-05,fetch date (JMA pages carry no publish date; raw/research/weather/html/<station>_<year>.html)
toyama,富山,2012,3,6.1,214.5,117.2,https://www.data.jma.go.jp/stats/etrn/view/monthly_s1.php?prec_no=55&block_no=47607&year=2012&month=&day=&view=,2026-09-05,fetch date (JMA pages carry no publish date; raw/research/weather/html/<station>_<year>.html)
toyama,富山,2012,4,12.0,107.0,160.7,https://www.data.jma.go.jp/stats/etrn/view/monthly_s1.php?prec_no=55&block_no=47607&year=2012&month=&day=&view=,2026-09-05,fetch date (JMA pages carry no publish date; raw/research/weather/html/<station>_<year>.html)
toyama,富山,2012,5,16.6,97.0,191.7,https://www.data.jma.go.jp/stats/etrn/view/monthly_s1.php?prec_no=55&block_no=47607&year=2012&month=&day=&view=,2026-09-05,fetch date (JMA pages carry no publish date; raw/research/weather/html/<station>_<year>.html)
toyama,富山,2012,6,21.0,101.0,186.4,https://www.data.jma.go.jp/stats/etrn/view/monthly_s1.php?prec_no=55&block_no=47607&year=2012&month=&day=&view=,2026-09-05,fetch date (JMA pages carry no publish date; raw/research/weather/html/<station>_<year>.html)
toyama,富山,2012,7,26.4,218.0,185.3,https://www.data.jma.go.jp/stats/etrn/view/monthly_s1.php?prec_no=55&block_no=47607&year=2012&month=&day=&view=,2026-09-05,fetch date (JMA pages carry no publish date; raw/research/weather/html/<station>_<year>.html)
toyama,富山,2012,8,28.4,102.0,277.7,https://www.data.jma.go.jp/stats/etrn/view/monthly_s1.php?prec_no=55&block_no=47607&year=2012&month=&day=&view=,2026-09-05,fetch date (JMA pages carry no publish date; raw/research/weather/html/<station>_<year>.html)
toyama,富山,2012,9,25.1,161.0,200.4,https://www.data.jma.go.jp/stats/etrn/view/monthly_s1.php?prec_no=55&block_no=47607&year=2012&month=&day=&view=,2026-09-05,fetch date (JMA pages carry no publish date; raw/research/weather/html/<station>_<year>.html)
toyama,富山,2012,10,17.6,158.0,168.9,https://www.data.jma.go.jp/stats/etrn/view/monthly_s1.php?prec_no=55&block_no=47607&year=2012&month=&day=&view=,2026-09-05,fetch date (JMA pages carry no publish date; raw/research/weather/html/<station>_<year>.html)
toyama,富山,2012,11,9.9,247.0,65.4,https://www.data.jma.go.jp/stats/etrn/view/monthly_s1.php?prec_no=55&block_no=47607&year=2012&month=&day=&view=,2026-09-05,fetch date (JMA pages carry no publish date; raw/research/weather/html/<station>_<year>.html)
toyama,富山,2012,12,3.6,405.0,72.7,https://www.data.jma.go.jp/stats/etrn/view/monthly_s1.php?prec_no=55&block_no=47607&year=2012&month=&day=&view=,2026-09-05,fetch date (JMA pages carry no publish date; raw/research/weather/html/<station>_<year>.html)
toyama,富山,2013,1,1.9,256.0,79.1,https://www.data.jma.go.jp/stats/etrn/view/monthly_s1.php?prec_no=55&block_no=47607&year=2013&month=&day=&view=,2026-09-05,fetch date (JMA pages carry no publish date; raw/research/weather/html/<station>_<year>.html)
toyama,富山,2013,2,2.2,158.5,85.0,https://www.data.jma.go.jp/stats/etrn/view/monthly_s1.php?prec_no=55&block_no=47607&year=2013&month=&day=&view=,2026-09-05,fetch date (JMA pages carry no publish date; raw/research/weather/html/<station>_<year>.html)
toyama,富山,2013,3,8.0,85.5,147.9,https://www.data.jma.go.jp/stats/etrn/view/monthly_s1.php?prec_no=55&block_no=47607&year=2013&month=&day=&view=,2026-09-05,fetch date (JMA pages carry no publish date; raw/research/weather/html/<station>_<year>.html)
toyama,富山,2013,4,11.1,143.5,155.3,https://www.data.jma.go.jp/stats/etrn/view/monthly_s1.php?prec_no=55&block_no=47607&year=2013&month=&day=&view=,2026-09-05,fetch date (JMA pages carry no publish date; raw/research/weather/html/<station>_<year>.html)
toyama,富山,2013,5,17.3,46.5,241.6,https://www.data.jma.go.jp/stats/etrn/view/monthly_s1.php?prec_no=55&block_no=47607&year=2013&month=&day=&view=,2026-09-05,fetch date (JMA pages carry no publish date; raw/research/weather/html/<station>_<year>.html)
toyama,富山,2013,6,22.3,251.0,208.2,https://www.data.jma.go.jp/stats/etrn/view/monthly_s1.php?prec_no=55&block_no=47607&year=2013&month=&day=&view=,2026-09-05,fetch date (JMA pages carry no publish date; raw/research/weather/html/<station>_<year>.html)
toyama,富山,2013,7,26.9,341.0,167.2,https://www.data.jma.go.jp/stats/etrn/view/monthly_s1.php?prec_no=55&block_no=47607&year=2013&month=&day=&view=,2026-09-05,fetch date (JMA pages carry no publish date; raw/research/weather/html/<station>_<year>.html)
toyama,富山,2013,8,27.9,404.0,228.9,https://www.data.jma.go.jp/stats/etrn/view/monthly_s1.php?prec_no=55&block_no=47607&year=2013&month=&day=&view=,2026-09-05,fetch date (JMA pages carry no publish date; raw/research/weather/html/<station>_<year>.html)
toyama,富山,2013,9,22.6,287.5,181.9,https://www.data.jma.go.jp/stats/etrn/view/monthly_s1.php?prec_no=55&block_no=47607&year=2013&month=&day=&view=,2026-09-05,fetch date (JMA pages carry no publish date; raw/research/weather/html/<station>_<year>.html)
toyama,富山,2013,10,18.4,291.0,141.2,https://www.data.jma.go.jp/stats/etrn/view/monthly_s1.php?prec_no=55&block_no=47607&year=2013&month=&day=&view=,2026-09-05,fetch date (JMA pages carry no publish date; raw/research/weather/html/<station>_<year>.html)
toyama,富山,2013,11,10.6,309.5,103.7,https://www.data.jma.go.jp/stats/etrn/view/monthly_s1.php?prec_no=55&block_no=47607&year=2013&month=&day=&view=,2026-09-05,fetch date (JMA pages carry no publish date; raw/research/weather/html/<station>_<year>.html)
toyama,富山,2013,12,5.1,288.5,45.9,https://www.data.jma.go.jp/stats/etrn/view/monthly_s1.php?prec_no=55&block_no=47607&year=2013&month=&day=&view=,2026-09-05,fetch date (JMA pages carry no publish date; raw/research/weather/html/<station>_<year>.html)
toyama,富山,2014,1,2.9,195.5,97.3,https://www.data.jma.go.jp/stats/etrn/view/monthly_s1.php?prec_no=55&block_no=47607&year=2014&month=&day=&view=,2026-09-05,fetch date (JMA pages carry no publish date; raw/research/weather/html/<station>_<year>.html)
toyama,富山,2014,2,2.8,120.0,73.1,https://www.data.jma.go.jp/stats/etrn/view/monthly_s1.php?prec_no=55&block_no=47607&year=2014&month=&day=&view=,2026-09-05,fetch date (JMA pages carry no publish date; raw/research/weather/html/<station>_<year>.html)
toyama,富山,2014,3,6.8,269.0,120.3,https://www.data.jma.go.jp/stats/etrn/view/monthly_s1.php?prec_no=55&block_no=47607&year=2014&month=&day=&view=,2026-09-05,fetch date (JMA pages carry no publish date; raw/research/weather/html/<station>_<year>.html)
toyama,富山,2014,4,12.2,90.0,232.4,https://www.data.jma.go.jp/stats/etrn/view/monthly_s1.php?prec_no=55&block_no=47607&year=2014&month=&day=&view=,2026-09-05,fetch date (JMA pages carry no publish date; raw/research/weather/html/<station>_<year>.html)
toyama,富山,2014,5,18.3,67.0,238.0,https://www.data.jma.go.jp/stats/etrn/view/monthly_s1.php?prec_no=55&block_no=47607&year=2014&month=&day=&view=,2026-09-05,fetch date (JMA pages carry no publish date; raw/research/weather/html/<station>_<year>.html)
toyama,富山,2014,6,22.5,105.5,184.9,https://www.data.jma.go.jp/stats/etrn/view/monthly_s1.php?prec_no=55&block_no=47607&year=2014&month=&day=&view=,2026-09-05,fetch date (JMA pages carry no publish date; raw/research/weather/html/<station>_<year>.html)
toyama,富山,2014,7,25.8,183.0,184.3,https://www.data.jma.go.jp/stats/etrn/view/monthly_s1.php?prec_no=55&block_no=47607&year=2014&month=&day=&view=,2026-09-05,fetch date (JMA pages carry no publish date; raw/research/weather/html/<station>_<year>.html)
toyama,富山,2014,8,26.2,443.5,124.1,https://www.data.jma.go.jp/stats/etrn/view/monthly_s1.php?prec_no=55&block_no=47607&year=2014&month=&day=&view=,2026-09-05,fetch date (JMA pages carry no publish date; raw/research/weather/html/<station>_<year>.html)
toyama,富山,2014,9,22.1,107.5,196.3,https://www.data.jma.go.jp/stats/etrn/view/monthly_s1.php?prec_no=55&block_no=47607&year=2014&month=&day=&view=,2026-09-05,fetch date (JMA pages carry no publish date; raw/research/weather/html/<station>_<year>.html)
toyama,富山,2014,10,16.6,201.0,170.1,https://www.data.jma.go.jp/stats/etrn/view/monthly_s1.php?prec_no=55&block_no=47607&year=2014&month=&day=&view=,2026-09-05,fetch date (JMA pages carry no publish date; raw/research/weather/html/<station>_<year>.html)
toyama,富山,2014,11,11.5,211.5,104.3,https://www.data.jma.go.jp/stats/etrn/view/monthly_s1.php?prec_no=55&block_no=47607&year=2014&month=&day=&view=,2026-09-05,fetch date (JMA pages carry no publish date; raw/research/weather/html/<station>_<year>.html)
toyama,富山,2014,12,3.5,541.5,43.4,https://www.data.jma.go.jp/stats/etrn/view/monthly_s1.php?prec_no=55&block_no=47607&year=2014&month=&day=&view=,2026-09-05,fetch date (JMA pages carry no publish date; raw/research/weather/html/<station>_<year>.html)
toyama,富山,2015,1,2.8,264.5,59.3,https://www.data.jma.go.jp/stats/etrn/view/monthly_s1.php?prec_no=55&block_no=47607&year=2015&month=&day=&view=,2026-09-05,fetch date (JMA pages carry no publish date; raw/research/weather/html/<station>_<year>.html)
toyama,富山,2015,2,3.8,145.0,78.1,https://www.data.jma.go.jp/stats/etrn/view/monthly_s1.php?prec_no=55&block_no=47607&year=2015&month=&day=&view=,2026-09-05,fetch date (JMA pages carry no publish date; raw/research/weather/html/<station>_<year>.html)
toyama,富山,2015,3,7.0,184.5,141.8,https://www.data.jma.go.jp/stats/etrn/view/monthly_s1.php?prec_no=55&block_no=47607&year=2015&month=&day=&view=,2026-09-05,fetch date (JMA pages carry no publish date; raw/research/weather/html/<station>_<year>.html)
toyama,富山,2015,4,13.2,185.5,163.4,https://www.data.jma.go.jp/stats/etrn/view/monthly_s1.php?prec_no=55&block_no=47607&year=2015&month=&day=&view=,2026-09-05,fetch date (JMA pages carry no publish date; raw/research/weather/html/<station>_<year>.html)
toyama,富山,2015,5,19.6,85.5,266.8,https://www.data.jma.go.jp/stats/etrn/view/monthly_s1.php?prec_no=55&block_no=47607&year=2015&month=&day=&view=,2026-09-05,fetch date (JMA pages carry no publish date; raw/research/weather/html/<station>_<year>.html)
toyama,富山,2015,6,21.4,114.0,165.3,https://www.data.jma.go.jp/stats/etrn/view/monthly_s1.php?prec_no=55&block_no=47607&year=2015&month=&day=&view=,2026-09-05,fetch date (JMA pages carry no publish date; raw/research/weather/html/<station>_<year>.html)
toyama,富山,2015,7,25.8,184.5,189.7,https://www.data.jma.go.jp/stats/etrn/view/monthly_s1.php?prec_no=55&block_no=47607&year=2015&month=&day=&view=,2026-09-05,fetch date (JMA pages carry no publish date; raw/research/weather/html/<station>_<year>.html)
toyama,富山,2015,8,26.7,165.5,177.3,https://www.data.jma.go.jp/stats/etrn/view/monthly_s1.php?prec_no=55&block_no=47607&year=2015&month=&day=&view=,2026-09-05,fetch date (JMA pages carry no publish date; raw/research/weather/html/<station>_<year>.html)
toyama,富山,2015,9,21.3,200.0,128.3,https://www.data.jma.go.jp/stats/etrn/view/monthly_s1.php?prec_no=55&block_no=47607&year=2015&month=&day=&view=,2026-09-05,fetch date (JMA pages carry no publish date; raw/research/weather/html/<station>_<year>.html)
toyama,富山,2015,10,16.3,88.5,186.3,https://www.data.jma.go.jp/stats/etrn/view/monthly_s1.php?prec_no=55&block_no=47607&year=2015&month=&day=&view=,2026-09-05,fetch date (JMA pages carry no publish date; raw/research/weather/html/<station>_<year>.html)
toyama,富山,2015,11,12.7,222.5,79.9,https://www.data.jma.go.jp/stats/etrn/view/monthly_s1.php?prec_no=55&block_no=47607&year=2015&month=&day=&view=,2026-09-05,fetch date (JMA pages carry no publish date; raw/research/weather/html/<station>_<year>.html)
toyama,富山,2015,12,7.3,300.5,79.3,https://www.data.jma.go.jp/stats/etrn/view/monthly_s1.php?prec_no=55&block_no=47607&year=2015&month=&day=&view=,2026-09-05,fetch date (JMA pages carry no publish date; raw/research/weather/html/<station>_<year>.html)
toyama,富山,2016,1,3.8,288.5,51.7,https://www.data.jma.go.jp/stats/etrn/view/monthly_s1.php?prec_no=55&block_no=47607&year=2016&month=&day=&view=,2026-09-05,fetch date (JMA pages carry no publish date; raw/research/weather/html/<station>_<year>.html)
toyama,富山,2016,2,4.5,214.0,94.2,https://www.data.jma.go.jp/stats/etrn/view/monthly_s1.php?prec_no=55&block_no=47607&year=2016&month=&day=&view=,2026-09-05,fetch date (JMA pages carry no publish date; raw/research/weather/html/<station>_<year>.html)
toyama,富山,2016,3,8.0,65.5,149.6,https://www.data.jma.go.jp/stats/etrn/view/monthly_s1.php?prec_no=55&block_no=47607&year=2016&month=&day=&view=,2026-09-05,fetch date (JMA pages carry no publish date; raw/research/weather/html/<station>_<year>.html)
toyama,富山,2016,4,13.9,162.5,188.3,https://www.data.jma.go.jp/stats/etrn/view/monthly_s1.php?prec_no=55&block_no=47607&year=2016&month=&day=&view=,2026-09-05,fetch date (JMA pages carry no publish date; raw/research/weather/html/<station>_<year>.html)
toyama,富山,2016,5,18.9,74.5,213.9,https://www.data.jma.go.jp/stats/etrn/view/monthly_s1.php?prec_no=55&block_no=47607&year=2016&month=&day=&view=,2026-09-05,fetch date (JMA pages carry no publish date; raw/research/weather/html/<station>_<year>.html)
toyama,富山,2016,6,22.2,148.0,169.3,https://www.data.jma.go.jp/stats/etrn/view/monthly_s1.php?prec_no=55&block_no=47607&year=2016&month=&day=&view=,2026-09-05,fetch date (JMA pages carry no publish date; raw/research/weather/html/<station>_<year>.html)
toyama,富山,2016,7,26.0,320.5,172.8,https://www.data.jma.go.jp/stats/etrn/view/monthly_s1.php?prec_no=55&block_no=47607&year=2016&month=&day=&view=,2026-09-05,fetch date (JMA pages carry no publish date; raw/research/weather/html/<station>_<year>.html)
toyama,富山,2016,8,27.1,121.5,224.6,https://www.data.jma.go.jp/stats/etrn/view/monthly_s1.php?prec_no=55&block_no=47607&year=2016&month=&day=&view=,2026-09-05,fetch date (JMA pages carry no publish date; raw/research/weather/html/<station>_<year>.html)
toyama,富山,2016,9,23.3,397.5,106.0,https://www.data.jma.go.jp/stats/etrn/view/monthly_s1.php?prec_no=55&block_no=47607&year=2016&month=&day=&view=,2026-09-05,fetch date (JMA pages carry no publish date; raw/research/weather/html/<station>_<year>.html)
toyama,富山,2016,10,17.4,157.5,125.6,https://www.data.jma.go.jp/stats/etrn/view/monthly_s1.php?prec_no=55&block_no=47607&year=2016&month=&day=&view=,2026-09-05,fetch date (JMA pages carry no publish date; raw/research/weather/html/<station>_<year>.html)
toyama,富山,2016,11,10.7,152.0,101.6,https://www.data.jma.go.jp/stats/etrn/view/monthly_s1.php?prec_no=55&block_no=47607&year=2016&month=&day=&view=,2026-09-05,fetch date (JMA pages carry no publish date; raw/research/weather/html/<station>_<year>.html)
toyama,富山,2016,12,7.0,233.5,82.3,https://www.data.jma.go.jp/stats/etrn/view/monthly_s1.php?prec_no=55&block_no=47607&year=2016&month=&day=&view=,2026-09-05,fetch date (JMA pages carry no publish date; raw/research/weather/html/<station>_<year>.html)
toyama,富山,2017,1,3.3,219.5,80.0,https://www.data.jma.go.jp/stats/etrn/view/monthly_s1.php?prec_no=55&block_no=47607&year=2017&month=&day=&view=,2026-09-05,fetch date (JMA pages carry no publish date; raw/research/weather/html/<station>_<year>.html)
toyama,富山,2017,2,3.6,183.0,82.4,https://www.data.jma.go.jp/stats/etrn/view/monthly_s1.php?prec_no=55&block_no=47607&year=2017&month=&day=&view=,2026-09-05,fetch date (JMA pages carry no publish date; raw/research/weather/html/<station>_<year>.html)
toyama,富山,2017,3,6.6,108.5,153.3,https://www.data.jma.go.jp/stats/etrn/view/monthly_s1.php?prec_no=55&block_no=47607&year=2017&month=&day=&view=,2026-09-05,fetch date (JMA pages carry no publish date; raw/research/weather/html/<station>_<year>.html)
toyama,富山,2017,4,13.4,101.5,193.0,https://www.data.jma.go.jp/stats/etrn/view/monthly_s1.php?prec_no=55&block_no=47607&year=2017&month=&day=&view=,2026-09-05,fetch date (JMA pages carry no publish date; raw/research/weather/html/<station>_<year>.html)
toyama,富山,2017,5,18.7,74.0,240.4,https://www.data.jma.go.jp/stats/etrn/view/monthly_s1.php?prec_no=55&block_no=47607&year=2017&month=&day=&view=,2026-09-05,fetch date (JMA pages carry no publish date; raw/research/weather/html/<station>_<year>.html)
toyama,富山,2017,6,19.8,103.5,201.6,https://www.data.jma.go.jp/stats/etrn/view/monthly_s1.php?prec_no=55&block_no=47607&year=2017&month=&day=&view=,2026-09-05,fetch date (JMA pages carry no publish date; raw/research/weather/html/<station>_<year>.html)
toyama,富山,2017,7,26.8,579.0,162.4,https://www.data.jma.go.jp/stats/etrn/view/monthly_s1.php?prec_no=55&block_no=47607&year=2017&month=&day=&view=,2026-09-05,fetch date (JMA pages carry no publish date; raw/research/weather/html/<station>_<year>.html)
toyama,富山,2017,8,26.7,354.5,163.4,https://www.data.jma.go.jp/stats/etrn/view/monthly_s1.php?prec_no=55&block_no=47607&year=2017&month=&day=&view=,2026-09-05,fetch date (JMA pages carry no publish date; raw/research/weather/html/<station>_<year>.html)
toyama,富山,2017,9,22.0,176.0,178.3,https://www.data.jma.go.jp/stats/etrn/view/monthly_s1.php?prec_no=55&block_no=47607&year=2017&month=&day=&view=,2026-09-05,fetch date (JMA pages carry no publish date; raw/research/weather/html/<station>_<year>.html)
toyama,富山,2017,10,16.6,273.0,99.2,https://www.data.jma.go.jp/stats/etrn/view/monthly_s1.php?prec_no=55&block_no=47607&year=2017&month=&day=&view=,2026-09-05,fetch date (JMA pages carry no publish date; raw/research/weather/html/<station>_<year>.html)
toyama,富山,2017,11,10.1,202.5,116.4,https://www.data.jma.go.jp/stats/etrn/view/monthly_s1.php?prec_no=55&block_no=47607&year=2017&month=&day=&view=,2026-09-05,fetch date (JMA pages carry no publish date; raw/research/weather/html/<station>_<year>.html)
toyama,富山,2017,12,4.4,324.5,66.4,https://www.data.jma.go.jp/stats/etrn/view/monthly_s1.php?prec_no=55&block_no=47607&year=2017&month=&day=&view=,2026-09-05,fetch date (JMA pages carry no publish date; raw/research/weather/html/<station>_<year>.html)
toyama,富山,2018,1,2.0,305.5,62.0,https://www.data.jma.go.jp/stats/etrn/view/monthly_s1.php?prec_no=55&block_no=47607&year=2018&month=&day=&view=,2026-09-05,fetch date (JMA pages carry no publish date; raw/research/weather/html/<station>_<year>.html)
toyama,富山,2018,2,2.0,190.5,113.7,https://www.data.jma.go.jp/stats/etrn/view/monthly_s1.php?prec_no=55&block_no=47607&year=2018&month=&day=&view=,2026-09-05,fetch date (JMA pages carry no publish date; raw/research/weather/html/<station>_<year>.html)
toyama,富山,2018,3,8.7,216.5,179.7,https://www.data.jma.go.jp/stats/etrn/view/monthly_s1.php?prec_no=55&block_no=47607&year=2018&month=&day=&view=,2026-09-05,fetch date (JMA pages carry no publish date; raw/research/weather/html/<station>_<year>.html)
toyama,富山,2018,4,14.1,154.5,171.3,https://www.data.jma.go.jp/stats/etrn/view/monthly_s1.php?prec_no=55&block_no=47607&year=2018&month=&day=&view=,2026-09-05,fetch date (JMA pages carry no publish date; raw/research/weather/html/<station>_<year>.html)
toyama,富山,2018,5,17.9,186.5,173.7,https://www.data.jma.go.jp/stats/etrn/view/monthly_s1.php?prec_no=55&block_no=47607&year=2018&month=&day=&view=,2026-09-05,fetch date (JMA pages carry no publish date; raw/research/weather/html/<station>_<year>.html)
toyama,富山,2018,6,22.0,118.5,177.1,https://www.data.jma.go.jp/stats/etrn/view/monthly_s1.php?prec_no=55&block_no=47607&year=2018&month=&day=&view=,2026-09-05,fetch date (JMA pages carry no publish date; raw/research/weather/html/<station>_<year>.html)
toyama,富山,2018,7,28.1,207.0,288.7,https://www.data.jma.go.jp/stats/etrn/view/monthly_s1.php?prec_no=55&block_no=47607&year=2018&month=&day=&view=,2026-09-05,fetch date (JMA pages carry no publish date; raw/research/weather/html/<station>_<year>.html)
toyama,富山,2018,8,27.8,316.0,204.9,https://www.data.jma.go.jp/stats/etrn/view/monthly_s1.php?prec_no=55&block_no=47607&year=2018&month=&day=&view=,2026-09-05,fetch date (JMA pages carry no publish date; raw/research/weather/html/<station>_<year>.html)
toyama,富山,2018,9,22.0,563.5,101.4,https://www.data.jma.go.jp/stats/etrn/view/monthly_s1.php?prec_no=55&block_no=47607&year=2018&month=&day=&view=,2026-09-05,fetch date (JMA pages carry no publish date; raw/research/weather/html/<station>_<year>.html)
toyama,富山,2018,10,17.1,153.0,130.2,https://www.data.jma.go.jp/stats/etrn/view/monthly_s1.php?prec_no=55&block_no=47607&year=2018&month=&day=&view=,2026-09-05,fetch date (JMA pages carry no publish date; raw/research/weather/html/<station>_<year>.html)
toyama,富山,2018,11,12.3,120.5,134.6,https://www.data.jma.go.jp/stats/etrn/view/monthly_s1.php?prec_no=55&block_no=47607&year=2018&month=&day=&view=,2026-09-05,fetch date (JMA pages carry no publish date; raw/research/weather/html/<station>_<year>.html)
toyama,富山,2018,12,6.3,219.0,62.2,https://www.data.jma.go.jp/stats/etrn/view/monthly_s1.php?prec_no=55&block_no=47607&year=2018&month=&day=&view=,2026-09-05,fetch date (JMA pages carry no publish date; raw/research/weather/html/<station>_<year>.html)
toyama,富山,2019,1,3.4,187.5,82.5,https://www.data.jma.go.jp/stats/etrn/view/monthly_s1.php?prec_no=55&block_no=47607&year=2019&month=&day=&view=,2026-09-05,fetch date (JMA pages carry no publish date; raw/research/weather/html/<station>_<year>.html)
toyama,富山,2019,2,4.9,111.5,86.1,https://www.data.jma.go.jp/stats/etrn/view/monthly_s1.php?prec_no=55&block_no=47607&year=2019&month=&day=&view=,2026-09-05,fetch date (JMA pages carry no publish date; raw/research/weather/html/<station>_<year>.html)
toyama,富山,2019,3,8.2,165.0,129.8,https://www.data.jma.go.jp/stats/etrn/view/monthly_s1.php?prec_no=55&block_no=47607&year=2019&month=&day=&view=,2026-09-05,fetch date (JMA pages carry no publish date; raw/research/weather/html/<station>_<year>.html)
toyama,富山,2019,4,11.3,148.5,151.7,https://www.data.jma.go.jp/stats/etrn/view/monthly_s1.php?prec_no=55&block_no=47607&year=2019&month=&day=&view=,2026-09-05,fetch date (JMA pages carry no publish date; raw/research/weather/html/<station>_<year>.html)
toyama,富山,2019,5,18.9,122.0,306.6,https://www.data.jma.go.jp/stats/etrn/view/monthly_s1.php?prec_no=55&block_no=47607&year=2019&month=&day=&view=,2026-09-05,fetch date (JMA pages carry no publish date; raw/research/weather/html/<station>_<year>.html)
toyama,富山,2019,6,21.4,206.0,158.1,https://www.data.jma.go.jp/stats/etrn/view/monthly_s1.php?prec_no=55&block_no=47607&year=2019&month=&day=&view=,2026-09-05,fetch date (JMA pages carry no publish date; raw/research/weather/html/<station>_<year>.html)
toyama,富山,2019,7,25.5,144.0,122.8,https://www.data.jma.go.jp/stats/etrn/view/monthly_s1.php?prec_no=55&block_no=47607&year=2019&month=&day=&view=,2026-09-05,fetch date (JMA pages carry no publish date; raw/research/weather/html/<station>_<year>.html)
toyama,富山,2019,8,27.9,262.5,225.0,https://www.data.jma.go.jp/stats/etrn/view/monthly_s1.php?prec_no=55&block_no=47607&year=2019&month=&day=&view=,2026-09-05,fetch date (JMA pages carry no publish date; raw/research/weather/html/<station>_<year>.html)
toyama,富山,2019,9,24.0,125.0,157.7,https://www.data.jma.go.jp/stats/etrn/view/monthly_s1.php?prec_no=55&block_no=47607&year=2019&month=&day=&view=,2026-09-05,fetch date (JMA pages carry no publish date; raw/research/weather/html/<station>_<year>.html)
toyama,富山,2019,10,17.9,286.5,103.5,https://www.data.jma.go.jp/stats/etrn/view/monthly_s1.php?prec_no=55&block_no=47607&year=2019&month=&day=&view=,2026-09-05,fetch date (JMA pages carry no publish date; raw/research/weather/html/<station>_<year>.html)
toyama,富山,2019,11,11.2,140.5,130.9,https://www.data.jma.go.jp/stats/etrn/view/monthly_s1.php?prec_no=55&block_no=47607&year=2019&month=&day=&view=,2026-09-05,fetch date (JMA pages carry no publish date; raw/research/weather/html/<station>_<year>.html)
toyama,富山,2019,12,7.4,198.5,83.6,https://www.data.jma.go.jp/stats/etrn/view/monthly_s1.php?prec_no=55&block_no=47607&year=2019&month=&day=&view=,2026-09-05,fetch date (JMA pages carry no publish date; raw/research/weather/html/<station>_<year>.html)
toyama,富山,2020,1,6.1,205.0,67.6,https://www.data.jma.go.jp/stats/etrn/view/monthly_s1.php?prec_no=55&block_no=47607&year=2020&month=&day=&view=,2026-09-05,fetch date (JMA pages carry no publish date; raw/research/weather/html/<station>_<year>.html)
toyama,富山,2020,2,5.5,162.0,97.3,https://www.data.jma.go.jp/stats/etrn/view/monthly_s1.php?prec_no=55&block_no=47607&year=2020&month=&day=&view=,2026-09-05,fetch date (JMA pages carry no publish date; raw/research/weather/html/<station>_<year>.html)
toyama,富山,2020,3,8.4,163.0,157.3,https://www.data.jma.go.jp/stats/etrn/view/monthly_s1.php?prec_no=55&block_no=47607&year=2020&month=&day=&view=,2026-09-05,fetch date (JMA pages carry no publish date; raw/research/weather/html/<station>_<year>.html)
toyama,富山,2020,4,10.9,164.0,173.3,https://www.data.jma.go.jp/stats/etrn/view/monthly_s1.php?prec_no=55&block_no=47607&year=2020&month=&day=&view=,2026-09-05,fetch date (JMA pages carry no publish date; raw/research/weather/html/<station>_<year>.html)
toyama,富山,2020,5,18.7,23.0,191.6,https://www.data.jma.go.jp/stats/etrn/view/monthly_s1.php?prec_no=55&block_no=47607&year=2020&month=&day=&view=,2026-09-05,fetch date (JMA pages carry no publish date; raw/research/weather/html/<station>_<year>.html)
toyama,富山,2020,6,23.0,235.5,186.0,https://www.data.jma.go.jp/stats/etrn/view/monthly_s1.php?prec_no=55&block_no=47607&year=2020&month=&day=&view=,2026-09-05,fetch date (JMA pages carry no publish date; raw/research/weather/html/<station>_<year>.html)
toyama,富山,2020,7,23.9,382.0,51.5,https://www.data.jma.go.jp/stats/etrn/view/monthly_s1.php?prec_no=55&block_no=47607&year=2020&month=&day=&view=,2026-09-05,fetch date (JMA pages carry no publish date; raw/research/weather/html/<station>_<year>.html)
toyama,富山,2020,8,28.8,49.0,253.7,https://www.data.jma.go.jp/stats/etrn/view/monthly_s1.php?prec_no=55&block_no=47607&year=2020&month=&day=&view=,2026-09-05,fetch date (JMA pages carry no publish date; raw/research/weather/html/<station>_<year>.html)
toyama,富山,2020,9,24.5,184.0,161.7,https://www.data.jma.go.jp/stats/etrn/view/monthly_s1.php?prec_no=55&block_no=47607&year=2020&month=&day=&view=,2026-09-05,fetch date (JMA pages carry no publish date; raw/research/weather/html/<station>_<year>.html)
toyama,富山,2020,10,16.7,90.0,132.7,https://www.data.jma.go.jp/stats/etrn/view/monthly_s1.php?prec_no=55&block_no=47607&year=2020&month=&day=&view=,2026-09-05,fetch date (JMA pages carry no publish date; raw/research/weather/html/<station>_<year>.html)
toyama,富山,2020,11,12.5,143.0,132.0,https://www.data.jma.go.jp/stats/etrn/view/monthly_s1.php?prec_no=55&block_no=47607&year=2020&month=&day=&view=,2026-09-05,fetch date (JMA pages carry no publish date; raw/research/weather/html/<station>_<year>.html)
toyama,富山,2020,12,5.6,335.5,59.9,https://www.data.jma.go.jp/stats/etrn/view/monthly_s1.php?prec_no=55&block_no=47607&year=2020&month=&day=&view=,2026-09-05,fetch date (JMA pages carry no publish date; raw/research/weather/html/<station>_<year>.html)
toyama,富山,2021,1,2.3,418.0,56.5,https://www.data.jma.go.jp/stats/etrn/view/monthly_s1.php?prec_no=55&block_no=47607&year=2021&month=&day=&view=,2026-09-05,fetch date (JMA pages carry no publish date; raw/research/weather/html/<station>_<year>.html)
toyama,富山,2021,2,5.1,218.5,115.7,https://www.data.jma.go.jp/stats/etrn/view/monthly_s1.php?prec_no=55&block_no=47607&year=2021&month=&day=&view=,2026-09-05,fetch date (JMA pages carry no publish date; raw/research/weather/html/<station>_<year>.html)
toyama,富山,2021,3,9.6,97.0,143.1,https://www.data.jma.go.jp/stats/etrn/view/monthly_s1.php?prec_no=55&block_no=47607&year=2021&month=&day=&view=,2026-09-05,fetch date (JMA pages carry no publish date; raw/research/weather/html/<station>_<year>.html)
toyama,富山,2021,4,12.2,154.5,226.7,https://www.data.jma.go.jp/stats/etrn/view/monthly_s1.php?prec_no=55&block_no=47607&year=2021&month=&day=&view=,2026-09-05,fetch date (JMA pages carry no publish date; raw/research/weather/html/<station>_<year>.html)
toyama,富山,2021,5,17.6,216.5,159.2,https://www.data.jma.go.jp/stats/etrn/view/monthly_s1.php?prec_no=55&block_no=47607&year=2021&month=&day=&view=,2026-09-05,fetch date (JMA pages carry no publish date; raw/research/weather/html/<station>_<year>.html)
toyama,富山,2021,6,22.0,102.0,181.9,https://www.data.jma.go.jp/stats/etrn/view/monthly_s1.php?prec_no=55&block_no=47607&year=2021&month=&day=&view=,2026-09-05,fetch date (JMA pages carry no publish date; raw/research/weather/html/<station>_<year>.html)
toyama,富山,2021,7,26.4,219.5,194.1,https://www.data.jma.go.jp/stats/etrn/view/monthly_s1.php?prec_no=55&block_no=47607&year=2021&month=&day=&view=,2026-09-05,fetch date (JMA pages carry no publish date; raw/research/weather/html/<station>_<year>.html)
toyama,富山,2021,8,26.9,333.5,169.1,https://www.data.jma.go.jp/stats/etrn/view/monthly_s1.php?prec_no=55&block_no=47607&year=2021&month=&day=&view=,2026-09-05,fetch date (JMA pages carry no publish date; raw/research/weather/html/<station>_<year>.html)
toyama,富山,2021,9,23.0,176.5,143.5,https://www.data.jma.go.jp/stats/etrn/view/monthly_s1.php?prec_no=55&block_no=47607&year=2021&month=&day=&view=,2026-09-05,fetch date (JMA pages carry no publish date; raw/research/weather/html/<station>_<year>.html)
toyama,富山,2021,10,17.9,145.0,172.2,https://www.data.jma.go.jp/stats/etrn/view/monthly_s1.php?prec_no=55&block_no=47607&year=2021&month=&day=&view=,2026-09-05,fetch date (JMA pages carry no publish date; raw/research/weather/html/<station>_<year>.html)
toyama,富山,2021,11,11.7,185.5,138.4,https://www.data.jma.go.jp/stats/etrn/view/monthly_s1.php?prec_no=55&block_no=47607&year=2021&month=&day=&view=,2026-09-05,fetch date (JMA pages carry no publish date; raw/research/weather/html/<station>_<year>.html)
toyama,富山,2021,12,5.9,,59.8,https://www.data.jma.go.jp/stats/etrn/view/monthly_s1.php?prec_no=55&block_no=47607&year=2021&month=&day=&view=,2026-09-05,fetch date (JMA pages carry no publish date; raw/research/weather/html/<station>_<year>.html)
toyama,富山,2022,1,2.0,202.5,68.7,https://www.data.jma.go.jp/stats/etrn/view/monthly_s1.php?prec_no=55&block_no=47607&year=2022&month=&day=&view=,2026-09-05,fetch date (JMA pages carry no publish date; raw/research/weather/html/<station>_<year>.html)
toyama,富山,2022,2,2.3,218.5,81.8,https://www.data.jma.go.jp/stats/etrn/view/monthly_s1.php?prec_no=55&block_no=47607&year=2022&month=&day=&view=,2026-09-05,fetch date (JMA pages carry no publish date; raw/research/weather/html/<station>_<year>.html)
toyama,富山,2022,3,8.4,103.0,130.8,https://www.data.jma.go.jp/stats/etrn/view/monthly_s1.php?prec_no=55&block_no=47607&year=2022&month=&day=&view=,2026-09-05,fetch date (JMA pages carry no publish date; raw/research/weather/html/<station>_<year>.html)
toyama,富山,2022,4,13.8,151.5,206.4,https://www.data.jma.go.jp/stats/etrn/view/monthly_s1.php?prec_no=55&block_no=47607&year=2022&month=&day=&view=,2026-09-05,fetch date (JMA pages carry no publish date; raw/research/weather/html/<station>_<year>.html)
toyama,富山,2022,5,18.1,111.0,238.3,https://www.data.jma.go.jp/stats/etrn/view/monthly_s1.php?prec_no=55&block_no=47607&year=2022&month=&day=&view=,2026-09-05,fetch date (JMA pages carry no publish date; raw/research/weather/html/<station>_<year>.html)
toyama,富山,2022,6,23.3,77.5,198.0,https://www.data.jma.go.jp/stats/etrn/view/monthly_s1.php?prec_no=55&block_no=47607&year=2022&month=&day=&view=,2026-09-05,fetch date (JMA pages carry no publish date; raw/research/weather/html/<station>_<year>.html)
toyama,富山,2022,7,26.8,277.5,183.0,https://www.data.jma.go.jp/stats/etrn/view/monthly_s1.php?prec_no=55&block_no=47607&year=2022&month=&day=&view=,2026-09-05,fetch date (JMA pages carry no publish date; raw/research/weather/html/<station>_<year>.html)
toyama,富山,2022,8,27.4,327.5,151.3,https://www.data.jma.go.jp/stats/etrn/view/monthly_s1.php?prec_no=55&block_no=47607&year=2022&month=&day=&view=,2026-09-05,fetch date (JMA pages carry no publish date; raw/research/weather/html/<station>_<year>.html)
toyama,富山,2022,9,23.9,245.5,150.0,https://www.data.jma.go.jp/stats/etrn/view/monthly_s1.php?prec_no=55&block_no=47607&year=2022&month=&day=&view=,2026-09-05,fetch date (JMA pages carry no publish date; raw/research/weather/html/<station>_<year>.html)
toyama,富山,2022,10,16.6,130.5,159.8,https://www.data.jma.go.jp/stats/etrn/view/monthly_s1.php?prec_no=55&block_no=47607&year=2022&month=&day=&view=,2026-09-05,fetch date (JMA pages carry no publish date; raw/research/weather/html/<station>_<year>.html)
toyama,富山,2022,11,13.1,199.0,153.3,https://www.data.jma.go.jp/stats/etrn/view/monthly_s1.php?prec_no=55&block_no=47607&year=2022&month=&day=&view=,2026-09-05,fetch date (JMA pages carry no publish date; raw/research/weather/html/<station>_<year>.html)
toyama,富山,2022,12,5.1,357.5,54.1,https://www.data.jma.go.jp/stats/etrn/view/monthly_s1.php?prec_no=55&block_no=47607&year=2022&month=&day=&view=,2026-09-05,fetch date (JMA pages carry no publish date; raw/research/weather/html/<station>_<year>.html)
toyama,富山,2023,1,3.7,183.0,88.3,https://www.data.jma.go.jp/stats/etrn/view/monthly_s1.php?prec_no=55&block_no=47607&year=2023&month=&day=&view=,2026-09-05,fetch date (JMA pages carry no publish date; raw/research/weather/html/<station>_<year>.html)
toyama,富山,2023,2,4.2,114.0,111.1,https://www.data.jma.go.jp/stats/etrn/view/monthly_s1.php?prec_no=55&block_no=47607&year=2023&month=&day=&view=,2026-09-05,fetch date (JMA pages carry no publish date; raw/research/weather/html/<station>_<year>.html)
toyama,富山,2023,3,10.3,124.0,210.8,https://www.data.jma.go.jp/stats/etrn/view/monthly_s1.php?prec_no=55&block_no=47607&year=2023&month=&day=&view=,2026-09-05,fetch date (JMA pages carry no publish date; raw/research/weather/html/<station>_<year>.html)
toyama,富山,2023,4,13.8,112.0,183.6,https://www.data.jma.go.jp/stats/etrn/view/monthly_s1.php?prec_no=55&block_no=47607&year=2023&month=&day=&view=,2026-09-05,fetch date (JMA pages carry no publish date; raw/research/weather/html/<station>_<year>.html)
toyama,富山,2023,5,18.0,260.0,223.4,https://www.data.jma.go.jp/stats/etrn/view/monthly_s1.php?prec_no=55&block_no=47607&year=2023&month=&day=&view=,2026-09-05,fetch date (JMA pages carry no publish date; raw/research/weather/html/<station>_<year>.html)
toyama,富山,2023,6,22.7,213.0,169.8,https://www.data.jma.go.jp/stats/etrn/view/monthly_s1.php?prec_no=55&block_no=47607&year=2023&month=&day=&view=,2026-09-05,fetch date (JMA pages carry no publish date; raw/research/weather/html/<station>_<year>.html)
toyama,富山,2023,7,27.7,362.5,221.2,https://www.data.jma.go.jp/stats/etrn/view/monthly_s1.php?prec_no=55&block_no=47607&year=2023&month=&day=&view=,2026-09-05,fetch date (JMA pages carry no publish date; raw/research/weather/html/<station>_<year>.html)
toyama,富山,2023,8,30.6,36.5,286.0,https://www.data.jma.go.jp/stats/etrn/view/monthly_s1.php?prec_no=55&block_no=47607&year=2023&month=&day=&view=,2026-09-05,fetch date (JMA pages carry no publish date; raw/research/weather/html/<station>_<year>.html)
toyama,富山,2023,9,26.0,217.0,129.9,https://www.data.jma.go.jp/stats/etrn/view/monthly_s1.php?prec_no=55&block_no=47607&year=2023&month=&day=&view=,2026-09-05,fetch date (JMA pages carry no publish date; raw/research/weather/html/<station>_<year>.html)
toyama,富山,2023,10,16.9,166.0,168.3,https://www.data.jma.go.jp/stats/etrn/view/monthly_s1.php?prec_no=55&block_no=47607&year=2023&month=&day=&view=,2026-09-05,fetch date (JMA pages carry no publish date; raw/research/weather/html/<station>_<year>.html)
toyama,富山,2023,11,12.4,287.0,109.6,https://www.data.jma.go.jp/stats/etrn/view/monthly_s1.php?prec_no=55&block_no=47607&year=2023&month=&day=&view=,2026-09-05,fetch date (JMA pages carry no publish date; raw/research/weather/html/<station>_<year>.html)
toyama,富山,2023,12,6.9,313.5,77.1,https://www.data.jma.go.jp/stats/etrn/view/monthly_s1.php?prec_no=55&block_no=47607&year=2023&month=&day=&view=,2026-09-05,fetch date (JMA pages carry no publish date; raw/research/weather/html/<station>_<year>.html)
toyama,富山,2024,1,4.2,226.5,69.2,https://www.data.jma.go.jp/stats/etrn/view/monthly_s1.php?prec_no=55&block_no=47607&year=2024&month=&day=&view=,2026-09-05,fetch date (JMA pages carry no publish date; raw/research/weather/html/<station>_<year>.html)
toyama,富山,2024,2,5.6,225.0,87.7,https://www.data.jma.go.jp/stats/etrn/view/monthly_s1.php?prec_no=55&block_no=47607&year=2024&month=&day=&view=,2026-09-05,fetch date (JMA pages carry no publish date; raw/research/weather/html/<station>_<year>.html)
toyama,富山,2024,3,6.9,224.0,120.5,https://www.data.jma.go.jp/stats/etrn/view/monthly_s1.php?prec_no=55&block_no=47607&year=2024&month=&day=&view=,2026-09-05,fetch date (JMA pages carry no publish date; raw/research/weather/html/<station>_<year>.html)
toyama,富山,2024,4,14.3,178.5,184.6,https://www.data.jma.go.jp/stats/etrn/view/monthly_s1.php?prec_no=55&block_no=47607&year=2024&month=&day=&view=,2026-09-05,fetch date (JMA pages carry no publish date; raw/research/weather/html/<station>_<year>.html)
toyama,富山,2024,5,17.9,228.5,197.6,https://www.data.jma.go.jp/stats/etrn/view/monthly_s1.php?prec_no=55&block_no=47607&year=2024&month=&day=&view=,2026-09-05,fetch date (JMA pages carry no publish date; raw/research/weather/html/<station>_<year>.html)
toyama,富山,2024,6,23.2,150.0,212.9,https://www.data.jma.go.jp/stats/etrn/view/monthly_s1.php?prec_no=55&block_no=47607&year=2024&month=&day=&view=,2026-09-05,fetch date (JMA pages carry no publish date; raw/research/weather/html/<station>_<year>.html)
toyama,富山,2024,7,27.8,265.0,160.5,https://www.data.jma.go.jp/stats/etrn/view/monthly_s1.php?prec_no=55&block_no=47607&year=2024&month=&day=&view=,2026-09-05,fetch date (JMA pages carry no publish date; raw/research/weather/html/<station>_<year>.html)
toyama,富山,2024,8,28.6,53.0,230.3,https://www.data.jma.go.jp/stats/etrn/view/monthly_s1.php?prec_no=55&block_no=47607&year=2024&month=&day=&view=,2026-09-05,fetch date (JMA pages carry no publish date; raw/research/weather/html/<station>_<year>.html)
toyama,富山,2024,9,26.2,211.0,155.6,https://www.data.jma.go.jp/stats/etrn/view/monthly_s1.php?prec_no=55&block_no=47607&year=2024&month=&day=&view=,2026-09-05,fetch date (JMA pages carry no publish date; raw/research/weather/html/<station>_<year>.html)
toyama,富山,2024,10,19.3,209.0,132.4,https://www.data.jma.go.jp/stats/etrn/view/monthly_s1.php?prec_no=55&block_no=47607&year=2024&month=&day=&view=,2026-09-05,fetch date (JMA pages carry no publish date; raw/research/weather/html/<station>_<year>.html)
toyama,富山,2024,11,12.1,303.0,124.2,https://www.data.jma.go.jp/stats/etrn/view/monthly_s1.php?prec_no=55&block_no=47607&year=2024&month=&day=&view=,2026-09-05,fetch date (JMA pages carry no publish date; raw/research/weather/html/<station>_<year>.html)
toyama,富山,2024,12,5.2,378.5,49.7,https://www.data.jma.go.jp/stats/etrn/view/monthly_s1.php?prec_no=55&block_no=47607&year=2024&month=&day=&view=,2026-09-05,fetch date (JMA pages carry no publish date; raw/research/weather/html/<station>_<year>.html)
toyama,富山,2025,1,3.9,301.0,93.6,https://www.data.jma.go.jp/stats/etrn/view/monthly_s1.php?prec_no=55&block_no=47607&year=2025&month=&day=&view=,2026-09-05,fetch date (JMA pages carry no publish date; raw/research/weather/html/<station>_<year>.html)
toyama,富山,2025,2,2.3,201.5,73.3,https://www.data.jma.go.jp/stats/etrn/view/monthly_s1.php?prec_no=55&block_no=47607&year=2025&month=&day=&view=,2026-09-05,fetch date (JMA pages carry no publish date; raw/research/weather/html/<station>_<year>.html)
toyama,富山,2025,3,8.4,154.5,140.6,https://www.data.jma.go.jp/stats/etrn/view/monthly_s1.php?prec_no=55&block_no=47607&year=2025&month=&day=&view=,2026-09-05,fetch date (JMA pages carry no publish date; raw/research/weather/html/<station>_<year>.html)
toyama,富山,2025,4,13.3,97.5,163.2,https://www.data.jma.go.jp/stats/etrn/view/monthly_s1.php?prec_no=55&block_no=47607&year=2025&month=&day=&view=,2026-09-05,fetch date (JMA pages carry no publish date; raw/research/weather/html/<station>_<year>.html)
toyama,富山,2025,5,17.7,122.0,190.7,https://www.data.jma.go.jp/stats/etrn/view/monthly_s1.php?prec_no=55&block_no=47607&year=2025&month=&day=&view=,2026-09-05,fetch date (JMA pages carry no publish date; raw/research/weather/html/<station>_<year>.html)
toyama,富山,2025,6,23.4,129.0,186.2,https://www.data.jma.go.jp/stats/etrn/view/monthly_s1.php?prec_no=55&block_no=47607&year=2025&month=&day=&view=,2026-09-05,fetch date (JMA pages carry no publish date; raw/research/weather/html/<station>_<year>.html)
toyama,富山,2025,7,29.2,31.5,283.1,https://www.data.jma.go.jp/stats/etrn/view/monthly_s1.php?prec_no=55&block_no=47607&year=2025&month=&day=&view=,2026-09-05,fetch date (JMA pages carry no publish date; raw/research/weather/html/<station>_<year>.html)
toyama,富山,2025,8,28.8,333.5,247.9,https://www.data.jma.go.jp/stats/etrn/view/monthly_s1.php?prec_no=55&block_no=47607&year=2025&month=&day=&view=,2026-09-05,fetch date (JMA pages carry no publish date; raw/research/weather/html/<station>_<year>.html)
toyama,富山,2025,9,25.6,371.0,173.4,https://www.data.jma.go.jp/stats/etrn/view/monthly_s1.php?prec_no=55&block_no=47607&year=2025&month=&day=&view=,2026-09-05,fetch date (JMA pages carry no publish date; raw/research/weather/html/<station>_<year>.html)
toyama,富山,2025,10,18.3,264.0,115.0,https://www.data.jma.go.jp/stats/etrn/view/monthly_s1.php?prec_no=55&block_no=47607&year=2025&month=&day=&view=,2026-09-05,fetch date (JMA pages carry no publish date; raw/research/weather/html/<station>_<year>.html)
toyama,富山,2025,11,11.4,137.5,141.6,https://www.data.jma.go.jp/stats/etrn/view/monthly_s1.php?prec_no=55&block_no=47607&year=2025&month=&day=&view=,2026-09-05,fetch date (JMA pages carry no publish date; raw/research/weather/html/<station>_<year>.html)
toyama,富山,2025,12,7.5,274.5,97.5,https://www.data.jma.go.jp/stats/etrn/view/monthly_s1.php?prec_no=55&block_no=47607&year=2025&month=&day=&view=,2026-09-05,fetch date (JMA pages carry no publish date; raw/research/weather/html/<station>_<year>.html)
toyama,富山,2026,1,2.5,307.0,54.8,https://www.data.jma.go.jp/stats/etrn/view/monthly_s1.php?prec_no=55&block_no=47607&year=2026&month=&day=&view=,2026-09-05,fetch date (JMA pages carry no publish date; raw/research/weather/html/<station>_<year>.html)
toyama,富山,2026,2,5.1,108.5,115.0,https://www.data.jma.go.jp/stats/etrn/view/monthly_s1.php?prec_no=55&block_no=47607&year=2026&month=&day=&view=,2026-09-05,fetch date (JMA pages carry no publish date; raw/research/weather/html/<station>_<year>.html)
toyama,富山,2026,3,7.9,94.0,174.1,https://www.data.jma.go.jp/stats/etrn/view/monthly_s1.php?prec_no=55&block_no=47607&year=2026&month=&day=&view=,2026-09-05,fetch date (JMA pages carry no publish date; raw/research/weather/html/<station>_<year>.html)
toyama,富山,2026,4,14.3,131.5,173.9,https://www.data.jma.go.jp/stats/etrn/view/monthly_s1.php?prec_no=55&block_no=47607&year=2026&month=&day=&view=,2026-09-05,fetch date (JMA pages carry no publish date; raw/research/weather/html/<station>_<year>.html)
toyama,富山,2026,5,19.5,89.0,245.0,https://www.data.jma.go.jp/stats/etrn/view/monthly_s1.php?prec_no=55&block_no=47607&year=2026&month=&day=&view=,2026-09-05,fetch date (JMA pages carry no publish date; raw/research/weather/html/<station>_<year>.html)
toyama,富山,2026,6,22.4,129.5,179.6,https://www.data.jma.go.jp/stats/etrn/view/monthly_s1.php?prec_no=55&block_no=47607&year=2026&month=&day=&view=,2026-09-05,fetch date (JMA pages carry no publish date; raw/research/weather/html/<station>_<year>.html)
toyama,富山,2026,7,27.6,166.5,204.5,https://www.data.jma.go.jp/stats/etrn/view/monthly_s1.php?prec_no=55&block_no=47607&year=2026&month=&day=&view=,2026-09-05,fetch date (JMA pages carry no publish date; raw/research/weather/html/<station>_<year>.html)
toyama,富山,2026,8,27.7,376.5,202.4,https://www.data.jma.go.jp/stats/etrn/view/monthly_s1.php?prec_no=55&block_no=47607&year=2026&month=&day=&view=,2026-09-05,fetch date (JMA pages carry no publish date; raw/research/weather/html/<station>_<year>.html)
toyama,富山,2026,9,,,,https://www.data.jma.go.jp/stats/etrn/view/monthly_s1.php?prec_no=55&block_no=47607&year=2026&month=&day=&view=,2026-09-05,fetch date (JMA pages carry no publish date; raw/research/weather/html/<station>_<year>.html)
toyama,富山,2026,10,,,,https://www.data.jma.go.jp/stats/etrn/view/monthly_s1.php?prec_no=55&block_no=47607&year=2026&month=&day=&view=,2026-09-05,fetch date (JMA pages carry no publish date; raw/research/weather/html/<station>_<year>.html)
toyama,富山,2026,11,,,,https://www.data.jma.go.jp/stats/etrn/view/monthly_s1.php?prec_no=55&block_no=47607&year=2026&month=&day=&view=,2026-09-05,fetch date (JMA pages carry no publish date; raw/research/weather/html/<station>_<year>.html)
toyama,富山,2026,12,,,,https://www.data.jma.go.jp/stats/etrn/view/monthly_s1.php?prec_no=55&block_no=47607&year=2026&month=&day=&view=,2026-09-05,fetch date (JMA pages carry no publish date; raw/research/weather/html/<station>_<year>.html)
