prefecture,prefecture_en,species,species_en,fiscal_year,era_label,survey_type,raw_text,text_clean,status,category,category_rule,edition,edition_count,earlier_editions,remarks,method,source_file,source_url,publish_date,publish_date_source
北海道,Hokkaido,ブナ,buna,2013,H25,fruiting,並作～豊作,並作～豊作,value,豊作,MoE rule 並作～豊作→豊作,2019-01-07,2,,ブナは道南地方のみ分布,pdfplumber extract_tables,data-pipeline/raw/research/gaps/ketujitu-wb-20190513220230.pdf,http://web.archive.org/web/20190513220230id_/https://www.env.go.jp/nature/choju/effort/effort12/ketujitu.pdf,2019-01-07,header 平成31年1月7日
北海道,Hokkaido,ミズナラ,mizunara,2013,H25,fruiting,凶作～不作,凶作～不作,value,凶作,range within 凶作/不作 bucket,2019-01-07,2,,ブナは道南地方のみ分布,pdfplumber extract_tables,data-pipeline/raw/research/gaps/ketujitu-wb-20190513220230.pdf,http://web.archive.org/web/20190513220230id_/https://www.env.go.jp/nature/choju/effort/effort12/ketujitu.pdf,2019-01-07,header 平成31年1月7日
北海道,Hokkaido,コナラ,konara,2013,H25,fruiting,－,－,no_data,,,2019-01-07,2,,ブナは道南地方のみ分布,pdfplumber extract_tables,data-pipeline/raw/research/gaps/ketujitu-wb-20190513220230.pdf,http://web.archive.org/web/20190513220230id_/https://www.env.go.jp/nature/choju/effort/effort12/ketujitu.pdf,2019-01-07,header 平成31年1月7日
青森,Aomori,ブナ,buna,2013,H25,fruiting,豊作,豊作,value,豊作,exact; 大豊作 counted as 豊作,2019-01-07,2,,東北森林管理局ブナ開花・結実調査青森県：H30並作,pdfplumber extract_tables,data-pipeline/raw/research/gaps/ketujitu-wb-20190513220230.pdf,http://web.archive.org/web/20190513220230id_/https://www.env.go.jp/nature/choju/effort/effort12/ketujitu.pdf,2019-01-07,header 平成31年1月7日
青森,Aomori,ミズナラ,mizunara,2013,H25,fruiting,－,－,no_data,,,2019-01-07,2,,東北森林管理局ブナ開花・結実調査青森県：H30並作,pdfplumber extract_tables,data-pipeline/raw/research/gaps/ketujitu-wb-20190513220230.pdf,http://web.archive.org/web/20190513220230id_/https://www.env.go.jp/nature/choju/effort/effort12/ketujitu.pdf,2019-01-07,header 平成31年1月7日
青森,Aomori,コナラ,konara,2013,H25,fruiting,－,－,no_data,,,2019-01-07,2,,東北森林管理局ブナ開花・結実調査青森県：H30並作,pdfplumber extract_tables,data-pipeline/raw/research/gaps/ketujitu-wb-20190513220230.pdf,http://web.archive.org/web/20190513220230id_/https://www.env.go.jp/nature/choju/effort/effort12/ketujitu.pdf,2019-01-07,header 平成31年1月7日
岩手,Iwate,ブナ,buna,2013,H25,fruiting,豊作,豊作,value,豊作,exact; 大豊作 counted as 豊作,2019-01-07,2,,,pdfplumber extract_tables,data-pipeline/raw/research/gaps/ketujitu-wb-20190513220230.pdf,http://web.archive.org/web/20190513220230id_/https://www.env.go.jp/nature/choju/effort/effort12/ketujitu.pdf,2019-01-07,header 平成31年1月7日
岩手,Iwate,ミズナラ,mizunara,2013,H25,fruiting,凶作,凶作,value,凶作,exact; 不作/やや凶作 counted as 凶作 (MoE rule),2019-01-07,2,,,pdfplumber extract_tables,data-pipeline/raw/research/gaps/ketujitu-wb-20190513220230.pdf,http://web.archive.org/web/20190513220230id_/https://www.env.go.jp/nature/choju/effort/effort12/ketujitu.pdf,2019-01-07,header 平成31年1月7日
岩手,Iwate,コナラ,konara,2013,H25,fruiting,凶作,凶作,value,凶作,exact; 不作/やや凶作 counted as 凶作 (MoE rule),2019-01-07,2,,,pdfplumber extract_tables,data-pipeline/raw/research/gaps/ketujitu-wb-20190513220230.pdf,http://web.archive.org/web/20190513220230id_/https://www.env.go.jp/nature/choju/effort/effort12/ketujitu.pdf,2019-01-07,header 平成31年1月7日
宮城,Miyagi,ブナ,buna,2013,H25,fruiting,－,－,no_data,,,2019-01-07,2,,,pdfplumber extract_tables,data-pipeline/raw/research/gaps/ketujitu-wb-20190513220230.pdf,http://web.archive.org/web/20190513220230id_/https://www.env.go.jp/nature/choju/effort/effort12/ketujitu.pdf,2019-01-07,header 平成31年1月7日
宮城,Miyagi,ミズナラ,mizunara,2013,H25,fruiting,－,－,no_data,,,2019-01-07,2,,,pdfplumber extract_tables,data-pipeline/raw/research/gaps/ketujitu-wb-20190513220230.pdf,http://web.archive.org/web/20190513220230id_/https://www.env.go.jp/nature/choju/effort/effort12/ketujitu.pdf,2019-01-07,header 平成31年1月7日
宮城,Miyagi,コナラ,konara,2013,H25,fruiting,－,－,no_data,,,2019-01-07,2,,,pdfplumber extract_tables,data-pipeline/raw/research/gaps/ketujitu-wb-20190513220230.pdf,http://web.archive.org/web/20190513220230id_/https://www.env.go.jp/nature/choju/effort/effort12/ketujitu.pdf,2019-01-07,header 平成31年1月7日
秋田,Akita,ブナ,buna,2013,H25,fruiting,並作～豊作,並作～豊作,value,豊作,MoE rule 並作～豊作→豊作,2019-01-07,2,,,pdfplumber extract_tables,data-pipeline/raw/research/gaps/ketujitu-wb-20190513220230.pdf,http://web.archive.org/web/20190513220230id_/https://www.env.go.jp/nature/choju/effort/effort12/ketujitu.pdf,2019-01-07,header 平成31年1月7日
秋田,Akita,ミズナラ,mizunara,2013,H25,fruiting,凶作～並作,凶作～並作,value,並作,MoE rule 凶作～並作/凶作～豊作/不作～並作→並作,2019-01-07,2,,,pdfplumber extract_tables,data-pipeline/raw/research/gaps/ketujitu-wb-20190513220230.pdf,http://web.archive.org/web/20190513220230id_/https://www.env.go.jp/nature/choju/effort/effort12/ketujitu.pdf,2019-01-07,header 平成31年1月7日
秋田,Akita,コナラ,konara,2013,H25,fruiting,並作～豊作,並作～豊作,value,豊作,MoE rule 並作～豊作→豊作,2019-01-07,2,,,pdfplumber extract_tables,data-pipeline/raw/research/gaps/ketujitu-wb-20190513220230.pdf,http://web.archive.org/web/20190513220230id_/https://www.env.go.jp/nature/choju/effort/effort12/ketujitu.pdf,2019-01-07,header 平成31年1月7日
山形,Yamagata,ブナ,buna,2013,H25,fruiting,並作～豊作,並作～豊作,value,豊作,MoE rule 並作～豊作→豊作,2019-01-07,2,,,pdfplumber extract_tables,data-pipeline/raw/research/gaps/ketujitu-wb-20190513220230.pdf,http://web.archive.org/web/20190513220230id_/https://www.env.go.jp/nature/choju/effort/effort12/ketujitu.pdf,2019-01-07,header 平成31年1月7日
山形,Yamagata,ミズナラ,mizunara,2013,H25,fruiting,凶作～豊作,凶作～豊作,value,並作,MoE rule 凶作～並作/凶作～豊作/不作～並作→並作,2019-01-07,2,,,pdfplumber extract_tables,data-pipeline/raw/research/gaps/ketujitu-wb-20190513220230.pdf,http://web.archive.org/web/20190513220230id_/https://www.env.go.jp/nature/choju/effort/effort12/ketujitu.pdf,2019-01-07,header 平成31年1月7日
山形,Yamagata,コナラ,konara,2013,H25,fruiting,凶作～豊作,凶作～豊作,value,並作,MoE rule 凶作～並作/凶作～豊作/不作～並作→並作,2019-01-07,2,,,pdfplumber extract_tables,data-pipeline/raw/research/gaps/ketujitu-wb-20190513220230.pdf,http://web.archive.org/web/20190513220230id_/https://www.env.go.jp/nature/choju/effort/effort12/ketujitu.pdf,2019-01-07,header 平成31年1月7日
福島,Fukushima,ブナ,buna,2013,H25,fruiting,豊作,豊作,value,豊作,exact; 大豊作 counted as 豊作,2019-01-07,2,,,pdfplumber extract_tables,data-pipeline/raw/research/gaps/ketujitu-wb-20190513220230.pdf,http://web.archive.org/web/20190513220230id_/https://www.env.go.jp/nature/choju/effort/effort12/ketujitu.pdf,2019-01-07,header 平成31年1月7日
福島,Fukushima,ミズナラ,mizunara,2013,H25,fruiting,並作,並作,value,並作,exact; 並上/並下 are 並作 sub-grades,2019-01-07,2,,,pdfplumber extract_tables,data-pipeline/raw/research/gaps/ketujitu-wb-20190513220230.pdf,http://web.archive.org/web/20190513220230id_/https://www.env.go.jp/nature/choju/effort/effort12/ketujitu.pdf,2019-01-07,header 平成31年1月7日
福島,Fukushima,コナラ,konara,2013,H25,fruiting,並作,並作,value,並作,exact; 並上/並下 are 並作 sub-grades,2019-01-07,2,,,pdfplumber extract_tables,data-pipeline/raw/research/gaps/ketujitu-wb-20190513220230.pdf,http://web.archive.org/web/20190513220230id_/https://www.env.go.jp/nature/choju/effort/effort12/ketujitu.pdf,2019-01-07,header 平成31年1月7日
栃木,Tochigi,ブナ,buna,2013,H25,fruiting,並作,並作,value,並作,exact; 並上/並下 are 並作 sub-grades,2019-01-07,2,,,pdfplumber extract_tables,data-pipeline/raw/research/gaps/ketujitu-wb-20190513220230.pdf,http://web.archive.org/web/20190513220230id_/https://www.env.go.jp/nature/choju/effort/effort12/ketujitu.pdf,2019-01-07,header 平成31年1月7日
栃木,Tochigi,ミズナラ,mizunara,2013,H25,fruiting,並作～不作,並作～不作,value,並作,MoE rule 凶作～並作/凶作～豊作/不作～並作→並作,2019-01-07,2,,,pdfplumber extract_tables,data-pipeline/raw/research/gaps/ketujitu-wb-20190513220230.pdf,http://web.archive.org/web/20190513220230id_/https://www.env.go.jp/nature/choju/effort/effort12/ketujitu.pdf,2019-01-07,header 平成31年1月7日
栃木,Tochigi,コナラ,konara,2013,H25,fruiting,並作～不作,並作～不作,value,並作,MoE rule 凶作～並作/凶作～豊作/不作～並作→並作,2019-01-07,2,,,pdfplumber extract_tables,data-pipeline/raw/research/gaps/ketujitu-wb-20190513220230.pdf,http://web.archive.org/web/20190513220230id_/https://www.env.go.jp/nature/choju/effort/effort12/ketujitu.pdf,2019-01-07,header 平成31年1月7日
群馬,Gunma,ブナ,buna,2013,H25,fruiting,並（不作）,並（不作）,value,並作,ambiguous 並（不作）: headline 並 taken,2019-01-07,2,,,pdfplumber extract_tables,data-pipeline/raw/research/gaps/ketujitu-wb-20190513220230.pdf,http://web.archive.org/web/20190513220230id_/https://www.env.go.jp/nature/choju/effort/effort12/ketujitu.pdf,2019-01-07,header 平成31年1月7日
群馬,Gunma,ミズナラ,mizunara,2013,H25,fruiting,並（不作）,並（不作）,value,並作,ambiguous 並（不作）: headline 並 taken,2019-01-07,2,,,pdfplumber extract_tables,data-pipeline/raw/research/gaps/ketujitu-wb-20190513220230.pdf,http://web.archive.org/web/20190513220230id_/https://www.env.go.jp/nature/choju/effort/effort12/ketujitu.pdf,2019-01-07,header 平成31年1月7日
群馬,Gunma,コナラ,konara,2013,H25,fruiting,並（不作）,並（不作）,value,並作,ambiguous 並（不作）: headline 並 taken,2019-01-07,2,,,pdfplumber extract_tables,data-pipeline/raw/research/gaps/ketujitu-wb-20190513220230.pdf,http://web.archive.org/web/20190513220230id_/https://www.env.go.jp/nature/choju/effort/effort12/ketujitu.pdf,2019-01-07,header 平成31年1月7日
埼玉,Saitama,ブナ,buna,2013,H25,fruiting,－,－,no_data,,,2019-01-07,2,,,pdfplumber extract_tables,data-pipeline/raw/research/gaps/ketujitu-wb-20190513220230.pdf,http://web.archive.org/web/20190513220230id_/https://www.env.go.jp/nature/choju/effort/effort12/ketujitu.pdf,2019-01-07,header 平成31年1月7日
埼玉,Saitama,ミズナラ,mizunara,2013,H25,fruiting,－,－,no_data,,,2019-01-07,2,,,pdfplumber extract_tables,data-pipeline/raw/research/gaps/ketujitu-wb-20190513220230.pdf,http://web.archive.org/web/20190513220230id_/https://www.env.go.jp/nature/choju/effort/effort12/ketujitu.pdf,2019-01-07,header 平成31年1月7日
埼玉,Saitama,コナラ,konara,2013,H25,fruiting,－,－,no_data,,,2019-01-07,2,,,pdfplumber extract_tables,data-pipeline/raw/research/gaps/ketujitu-wb-20190513220230.pdf,http://web.archive.org/web/20190513220230id_/https://www.env.go.jp/nature/choju/effort/effort12/ketujitu.pdf,2019-01-07,header 平成31年1月7日
東京,Tokyo,ブナ,buna,2013,H25,fruiting,不明,不明,not_published,,,2019-01-07,2,,,pdfplumber extract_tables,data-pipeline/raw/research/gaps/ketujitu-wb-20190513220230.pdf,http://web.archive.org/web/20190513220230id_/https://www.env.go.jp/nature/choju/effort/effort12/ketujitu.pdf,2019-01-07,header 平成31年1月7日
東京,Tokyo,ミズナラ,mizunara,2013,H25,fruiting,豊作,豊作,value,豊作,exact; 大豊作 counted as 豊作,2019-01-07,2,,,pdfplumber extract_tables,data-pipeline/raw/research/gaps/ketujitu-wb-20190513220230.pdf,http://web.archive.org/web/20190513220230id_/https://www.env.go.jp/nature/choju/effort/effort12/ketujitu.pdf,2019-01-07,header 平成31年1月7日
東京,Tokyo,コナラ,konara,2013,H25,fruiting,並作～豊作,並作～豊作,value,豊作,MoE rule 並作～豊作→豊作,2019-01-07,2,,,pdfplumber extract_tables,data-pipeline/raw/research/gaps/ketujitu-wb-20190513220230.pdf,http://web.archive.org/web/20190513220230id_/https://www.env.go.jp/nature/choju/effort/effort12/ketujitu.pdf,2019-01-07,header 平成31年1月7日
神奈川,Kanagawa,ブナ,buna,2013,H25,fruiting,並作,並作,value,並作,exact; 並上/並下 are 並作 sub-grades,2019-01-07,2,,,pdfplumber extract_tables,data-pipeline/raw/research/gaps/ketujitu-wb-20190513220230.pdf,http://web.archive.org/web/20190513220230id_/https://www.env.go.jp/nature/choju/effort/effort12/ketujitu.pdf,2019-01-07,header 平成31年1月7日
神奈川,Kanagawa,ミズナラ,mizunara,2013,H25,fruiting,－,－,no_data,,,2019-01-07,2,,,pdfplumber extract_tables,data-pipeline/raw/research/gaps/ketujitu-wb-20190513220230.pdf,http://web.archive.org/web/20190513220230id_/https://www.env.go.jp/nature/choju/effort/effort12/ketujitu.pdf,2019-01-07,header 平成31年1月7日
神奈川,Kanagawa,コナラ,konara,2013,H25,fruiting,－,－,no_data,,,2019-01-07,2,,,pdfplumber extract_tables,data-pipeline/raw/research/gaps/ketujitu-wb-20190513220230.pdf,http://web.archive.org/web/20190513220230id_/https://www.env.go.jp/nature/choju/effort/effort12/ketujitu.pdf,2019-01-07,header 平成31年1月7日
新潟,Niigata,ブナ,buna,2013,H25,fruiting,凶作～不作,凶作～不作,value,凶作,range within 凶作/不作 bucket,2019-01-07,2,,,pdfplumber extract_tables,data-pipeline/raw/research/gaps/ketujitu-wb-20190513220230.pdf,http://web.archive.org/web/20190513220230id_/https://www.env.go.jp/nature/choju/effort/effort12/ketujitu.pdf,2019-01-07,header 平成31年1月7日
新潟,Niigata,ミズナラ,mizunara,2013,H25,fruiting,不作～並作,不作～並作,value,並作,MoE rule 凶作～並作/凶作～豊作/不作～並作→並作,2019-01-07,2,,,pdfplumber extract_tables,data-pipeline/raw/research/gaps/ketujitu-wb-20190513220230.pdf,http://web.archive.org/web/20190513220230id_/https://www.env.go.jp/nature/choju/effort/effort12/ketujitu.pdf,2019-01-07,header 平成31年1月7日
新潟,Niigata,コナラ,konara,2013,H25,fruiting,不作～並作,不作～並作,value,並作,MoE rule 凶作～並作/凶作～豊作/不作～並作→並作,2019-01-07,2,,,pdfplumber extract_tables,data-pipeline/raw/research/gaps/ketujitu-wb-20190513220230.pdf,http://web.archive.org/web/20190513220230id_/https://www.env.go.jp/nature/choju/effort/effort12/ketujitu.pdf,2019-01-07,header 平成31年1月7日
富山,Toyama,ブナ,buna,2013,H25,fruiting,凶作～並作,凶作～並作,value,並作,MoE rule 凶作～並作/凶作～豊作/不作～並作→並作,2019-01-07,2,,,pdfplumber extract_tables,data-pipeline/raw/research/gaps/ketujitu-wb-20190513220230.pdf,http://web.archive.org/web/20190513220230id_/https://www.env.go.jp/nature/choju/effort/effort12/ketujitu.pdf,2019-01-07,header 平成31年1月7日
富山,Toyama,ミズナラ,mizunara,2013,H25,fruiting,不作～並作,不作～並作,value,並作,MoE rule 凶作～並作/凶作～豊作/不作～並作→並作,2019-01-07,2,,,pdfplumber extract_tables,data-pipeline/raw/research/gaps/ketujitu-wb-20190513220230.pdf,http://web.archive.org/web/20190513220230id_/https://www.env.go.jp/nature/choju/effort/effort12/ketujitu.pdf,2019-01-07,header 平成31年1月7日
富山,Toyama,コナラ,konara,2013,H25,fruiting,凶作～不作,凶作～不作,value,凶作,range within 凶作/不作 bucket,2019-01-07,2,,,pdfplumber extract_tables,data-pipeline/raw/research/gaps/ketujitu-wb-20190513220230.pdf,http://web.archive.org/web/20190513220230id_/https://www.env.go.jp/nature/choju/effort/effort12/ketujitu.pdf,2019-01-07,header 平成31年1月7日
石川,Ishikawa,ブナ,buna,2013,H25,fruiting,凶作,凶作,value,凶作,exact; 不作/やや凶作 counted as 凶作 (MoE rule),2019-01-07,2,,,pdfplumber extract_tables,data-pipeline/raw/research/gaps/ketujitu-wb-20190513220230.pdf,http://web.archive.org/web/20190513220230id_/https://www.env.go.jp/nature/choju/effort/effort12/ketujitu.pdf,2019-01-07,header 平成31年1月7日
石川,Ishikawa,ミズナラ,mizunara,2013,H25,fruiting,並作,並作,value,並作,exact; 並上/並下 are 並作 sub-grades,2019-01-07,2,,,pdfplumber extract_tables,data-pipeline/raw/research/gaps/ketujitu-wb-20190513220230.pdf,http://web.archive.org/web/20190513220230id_/https://www.env.go.jp/nature/choju/effort/effort12/ketujitu.pdf,2019-01-07,header 平成31年1月7日
石川,Ishikawa,コナラ,konara,2013,H25,fruiting,並作,並作,value,並作,exact; 並上/並下 are 並作 sub-grades,2019-01-07,2,,,pdfplumber extract_tables,data-pipeline/raw/research/gaps/ketujitu-wb-20190513220230.pdf,http://web.archive.org/web/20190513220230id_/https://www.env.go.jp/nature/choju/effort/effort12/ketujitu.pdf,2019-01-07,header 平成31年1月7日
福井,Fukui,ブナ,buna,2013,H25,fruiting,並作,並作,value,並作,exact; 並上/並下 are 並作 sub-grades,2019-01-07,2,,,pdfplumber extract_tables,data-pipeline/raw/research/gaps/ketujitu-wb-20190513220230.pdf,http://web.archive.org/web/20190513220230id_/https://www.env.go.jp/nature/choju/effort/effort12/ketujitu.pdf,2019-01-07,header 平成31年1月7日
福井,Fukui,ミズナラ,mizunara,2013,H25,fruiting,不作,不作,value,凶作,exact; 不作/やや凶作 counted as 凶作 (MoE rule),2019-01-07,2,,,pdfplumber extract_tables,data-pipeline/raw/research/gaps/ketujitu-wb-20190513220230.pdf,http://web.archive.org/web/20190513220230id_/https://www.env.go.jp/nature/choju/effort/effort12/ketujitu.pdf,2019-01-07,header 平成31年1月7日
福井,Fukui,コナラ,konara,2013,H25,fruiting,不作,不作,value,凶作,exact; 不作/やや凶作 counted as 凶作 (MoE rule),2019-01-07,2,,,pdfplumber extract_tables,data-pipeline/raw/research/gaps/ketujitu-wb-20190513220230.pdf,http://web.archive.org/web/20190513220230id_/https://www.env.go.jp/nature/choju/effort/effort12/ketujitu.pdf,2019-01-07,header 平成31年1月7日
山梨,Yamanashi,ブナ,buna,2013,H25,fruiting,凶作,凶作,value,凶作,exact; 不作/やや凶作 counted as 凶作 (MoE rule),2019-01-07,2,,,pdfplumber extract_tables,data-pipeline/raw/research/gaps/ketujitu-wb-20190513220230.pdf,http://web.archive.org/web/20190513220230id_/https://www.env.go.jp/nature/choju/effort/effort12/ketujitu.pdf,2019-01-07,header 平成31年1月7日
山梨,Yamanashi,ミズナラ,mizunara,2013,H25,fruiting,凶作～豊作,凶作～豊作,value,並作,MoE rule 凶作～並作/凶作～豊作/不作～並作→並作,2019-01-07,2,,,pdfplumber extract_tables,data-pipeline/raw/research/gaps/ketujitu-wb-20190513220230.pdf,http://web.archive.org/web/20190513220230id_/https://www.env.go.jp/nature/choju/effort/effort12/ketujitu.pdf,2019-01-07,header 平成31年1月7日
山梨,Yamanashi,コナラ,konara,2013,H25,fruiting,並作,並作,value,並作,exact; 並上/並下 are 並作 sub-grades,2019-01-07,2,,,pdfplumber extract_tables,data-pipeline/raw/research/gaps/ketujitu-wb-20190513220230.pdf,http://web.archive.org/web/20190513220230id_/https://www.env.go.jp/nature/choju/effort/effort12/ketujitu.pdf,2019-01-07,header 平成31年1月7日
長野,Nagano,ブナ,buna,2013,H25,fruiting,不作,不作,value,凶作,exact; 不作/やや凶作 counted as 凶作 (MoE rule),2019-01-07,2,,,pdfplumber extract_tables,data-pipeline/raw/research/gaps/ketujitu-wb-20190513220230.pdf,http://web.archive.org/web/20190513220230id_/https://www.env.go.jp/nature/choju/effort/effort12/ketujitu.pdf,2019-01-07,header 平成31年1月7日
長野,Nagano,ミズナラ,mizunara,2013,H25,fruiting,並下～並,並下～並,value,並作,range within 並作 bucket,2019-01-07,2,,,pdfplumber extract_tables,data-pipeline/raw/research/gaps/ketujitu-wb-20190513220230.pdf,http://web.archive.org/web/20190513220230id_/https://www.env.go.jp/nature/choju/effort/effort12/ketujitu.pdf,2019-01-07,header 平成31年1月7日
長野,Nagano,コナラ,konara,2013,H25,fruiting,並下～並,並下～並,value,並作,range within 並作 bucket,2019-01-07,2,,,pdfplumber extract_tables,data-pipeline/raw/research/gaps/ketujitu-wb-20190513220230.pdf,http://web.archive.org/web/20190513220230id_/https://www.env.go.jp/nature/choju/effort/effort12/ketujitu.pdf,2019-01-07,header 平成31年1月7日
岐阜,Gifu,ブナ,buna,2013,H25,fruiting,並作,並作,value,並作,exact; 並上/並下 are 並作 sub-grades,2019-01-07,2,,,pdfplumber extract_tables,data-pipeline/raw/research/gaps/ketujitu-wb-20190513220230.pdf,http://web.archive.org/web/20190513220230id_/https://www.env.go.jp/nature/choju/effort/effort12/ketujitu.pdf,2019-01-07,header 平成31年1月7日
岐阜,Gifu,ミズナラ,mizunara,2013,H25,fruiting,並作,並作,value,並作,exact; 並上/並下 are 並作 sub-grades,2019-01-07,2,,,pdfplumber extract_tables,data-pipeline/raw/research/gaps/ketujitu-wb-20190513220230.pdf,http://web.archive.org/web/20190513220230id_/https://www.env.go.jp/nature/choju/effort/effort12/ketujitu.pdf,2019-01-07,header 平成31年1月7日
岐阜,Gifu,コナラ,konara,2013,H25,fruiting,凶作,凶作,value,凶作,exact; 不作/やや凶作 counted as 凶作 (MoE rule),2019-01-07,2,,,pdfplumber extract_tables,data-pipeline/raw/research/gaps/ketujitu-wb-20190513220230.pdf,http://web.archive.org/web/20190513220230id_/https://www.env.go.jp/nature/choju/effort/effort12/ketujitu.pdf,2019-01-07,header 平成31年1月7日
静岡,Shizuoka,ブナ,buna,2013,H25,fruiting,－,－,no_data,,,2019-01-07,2,,,pdfplumber extract_tables,data-pipeline/raw/research/gaps/ketujitu-wb-20190513220230.pdf,http://web.archive.org/web/20190513220230id_/https://www.env.go.jp/nature/choju/effort/effort12/ketujitu.pdf,2019-01-07,header 平成31年1月7日
静岡,Shizuoka,ミズナラ,mizunara,2013,H25,fruiting,－,－,no_data,,,2019-01-07,2,,,pdfplumber extract_tables,data-pipeline/raw/research/gaps/ketujitu-wb-20190513220230.pdf,http://web.archive.org/web/20190513220230id_/https://www.env.go.jp/nature/choju/effort/effort12/ketujitu.pdf,2019-01-07,header 平成31年1月7日
静岡,Shizuoka,コナラ,konara,2013,H25,fruiting,－,－,no_data,,,2019-01-07,2,,,pdfplumber extract_tables,data-pipeline/raw/research/gaps/ketujitu-wb-20190513220230.pdf,http://web.archive.org/web/20190513220230id_/https://www.env.go.jp/nature/choju/effort/effort12/ketujitu.pdf,2019-01-07,header 平成31年1月7日
愛知,Aichi,ブナ,buna,2013,H25,fruiting,－,－,no_data,,,2019-01-07,2,,,pdfplumber extract_tables,data-pipeline/raw/research/gaps/ketujitu-wb-20190513220230.pdf,http://web.archive.org/web/20190513220230id_/https://www.env.go.jp/nature/choju/effort/effort12/ketujitu.pdf,2019-01-07,header 平成31年1月7日
愛知,Aichi,ミズナラ,mizunara,2013,H25,fruiting,並作,並作,value,並作,exact; 並上/並下 are 並作 sub-grades,2019-01-07,2,,,pdfplumber extract_tables,data-pipeline/raw/research/gaps/ketujitu-wb-20190513220230.pdf,http://web.archive.org/web/20190513220230id_/https://www.env.go.jp/nature/choju/effort/effort12/ketujitu.pdf,2019-01-07,header 平成31年1月7日
愛知,Aichi,コナラ,konara,2013,H25,fruiting,並作,並作,value,並作,exact; 並上/並下 are 並作 sub-grades,2019-01-07,2,,,pdfplumber extract_tables,data-pipeline/raw/research/gaps/ketujitu-wb-20190513220230.pdf,http://web.archive.org/web/20190513220230id_/https://www.env.go.jp/nature/choju/effort/effort12/ketujitu.pdf,2019-01-07,header 平成31年1月7日
三重,Mie,ブナ,buna,2013,H25,fruiting,－,－,no_data,,,2019-01-07,2,,,pdfplumber extract_tables,data-pipeline/raw/research/gaps/ketujitu-wb-20190513220230.pdf,http://web.archive.org/web/20190513220230id_/https://www.env.go.jp/nature/choju/effort/effort12/ketujitu.pdf,2019-01-07,header 平成31年1月7日
三重,Mie,ミズナラ,mizunara,2013,H25,fruiting,－,－,no_data,,,2019-01-07,2,,,pdfplumber extract_tables,data-pipeline/raw/research/gaps/ketujitu-wb-20190513220230.pdf,http://web.archive.org/web/20190513220230id_/https://www.env.go.jp/nature/choju/effort/effort12/ketujitu.pdf,2019-01-07,header 平成31年1月7日
三重,Mie,コナラ,konara,2013,H25,fruiting,－,－,no_data,,,2019-01-07,2,,,pdfplumber extract_tables,data-pipeline/raw/research/gaps/ketujitu-wb-20190513220230.pdf,http://web.archive.org/web/20190513220230id_/https://www.env.go.jp/nature/choju/effort/effort12/ketujitu.pdf,2019-01-07,header 平成31年1月7日
滋賀,Shiga,ブナ,buna,2013,H25,fruiting,凶作,凶作,value,凶作,exact; 不作/やや凶作 counted as 凶作 (MoE rule),2019-01-07,2,,,pdfplumber extract_tables,data-pipeline/raw/research/gaps/ketujitu-wb-20190513220230.pdf,http://web.archive.org/web/20190513220230id_/https://www.env.go.jp/nature/choju/effort/effort12/ketujitu.pdf,2019-01-07,header 平成31年1月7日
滋賀,Shiga,ミズナラ,mizunara,2013,H25,fruiting,凶作,凶作,value,凶作,exact; 不作/やや凶作 counted as 凶作 (MoE rule),2019-01-07,2,,,pdfplumber extract_tables,data-pipeline/raw/research/gaps/ketujitu-wb-20190513220230.pdf,http://web.archive.org/web/20190513220230id_/https://www.env.go.jp/nature/choju/effort/effort12/ketujitu.pdf,2019-01-07,header 平成31年1月7日
滋賀,Shiga,コナラ,konara,2013,H25,fruiting,凶作,凶作,value,凶作,exact; 不作/やや凶作 counted as 凶作 (MoE rule),2019-01-07,2,,,pdfplumber extract_tables,data-pipeline/raw/research/gaps/ketujitu-wb-20190513220230.pdf,http://web.archive.org/web/20190513220230id_/https://www.env.go.jp/nature/choju/effort/effort12/ketujitu.pdf,2019-01-07,header 平成31年1月7日
京都,Kyoto,ブナ,buna,2013,H25,fruiting,並作,並作,value,並作,exact; 並上/並下 are 並作 sub-grades,2019-01-07,2,,,pdfplumber extract_tables,data-pipeline/raw/research/gaps/ketujitu-wb-20190513220230.pdf,http://web.archive.org/web/20190513220230id_/https://www.env.go.jp/nature/choju/effort/effort12/ketujitu.pdf,2019-01-07,header 平成31年1月7日
京都,Kyoto,ミズナラ,mizunara,2013,H25,fruiting,凶作,凶作,value,凶作,exact; 不作/やや凶作 counted as 凶作 (MoE rule),2019-01-07,2,,,pdfplumber extract_tables,data-pipeline/raw/research/gaps/ketujitu-wb-20190513220230.pdf,http://web.archive.org/web/20190513220230id_/https://www.env.go.jp/nature/choju/effort/effort12/ketujitu.pdf,2019-01-07,header 平成31年1月7日
京都,Kyoto,コナラ,konara,2013,H25,fruiting,凶作,凶作,value,凶作,exact; 不作/やや凶作 counted as 凶作 (MoE rule),2019-01-07,2,,,pdfplumber extract_tables,data-pipeline/raw/research/gaps/ketujitu-wb-20190513220230.pdf,http://web.archive.org/web/20190513220230id_/https://www.env.go.jp/nature/choju/effort/effort12/ketujitu.pdf,2019-01-07,header 平成31年1月7日
大阪,Osaka,ブナ,buna,2013,H25,fruiting,―,―,no_data,,,2019-01-07,2,,,pdfplumber extract_tables,data-pipeline/raw/research/gaps/ketujitu-wb-20190513220230.pdf,http://web.archive.org/web/20190513220230id_/https://www.env.go.jp/nature/choju/effort/effort12/ketujitu.pdf,2019-01-07,header 平成31年1月7日
大阪,Osaka,ミズナラ,mizunara,2013,H25,fruiting,―,―,no_data,,,2019-01-07,2,,,pdfplumber extract_tables,data-pipeline/raw/research/gaps/ketujitu-wb-20190513220230.pdf,http://web.archive.org/web/20190513220230id_/https://www.env.go.jp/nature/choju/effort/effort12/ketujitu.pdf,2019-01-07,header 平成31年1月7日
大阪,Osaka,コナラ,konara,2013,H25,fruiting,―,―,no_data,,,2019-01-07,2,,,pdfplumber extract_tables,data-pipeline/raw/research/gaps/ketujitu-wb-20190513220230.pdf,http://web.archive.org/web/20190513220230id_/https://www.env.go.jp/nature/choju/effort/effort12/ketujitu.pdf,2019-01-07,header 平成31年1月7日
兵庫,Hyogo,ブナ,buna,2013,H25,fruiting,並上,並上,value,並作,exact; 並上/並下 are 並作 sub-grades,2019-01-07,2,,,pdfplumber extract_tables,data-pipeline/raw/research/gaps/ketujitu-wb-20190513220230.pdf,http://web.archive.org/web/20190513220230id_/https://www.env.go.jp/nature/choju/effort/effort12/ketujitu.pdf,2019-01-07,header 平成31年1月7日
兵庫,Hyogo,ミズナラ,mizunara,2013,H25,fruiting,並上,並上,value,並作,exact; 並上/並下 are 並作 sub-grades,2019-01-07,2,,,pdfplumber extract_tables,data-pipeline/raw/research/gaps/ketujitu-wb-20190513220230.pdf,http://web.archive.org/web/20190513220230id_/https://www.env.go.jp/nature/choju/effort/effort12/ketujitu.pdf,2019-01-07,header 平成31年1月7日
兵庫,Hyogo,コナラ,konara,2013,H25,fruiting,凶作,凶作,value,凶作,exact; 不作/やや凶作 counted as 凶作 (MoE rule),2019-01-07,2,,,pdfplumber extract_tables,data-pipeline/raw/research/gaps/ketujitu-wb-20190513220230.pdf,http://web.archive.org/web/20190513220230id_/https://www.env.go.jp/nature/choju/effort/effort12/ketujitu.pdf,2019-01-07,header 平成31年1月7日
奈良,Nara,ブナ,buna,2013,H25,fruiting,並作,並作,value,並作,exact; 並上/並下 are 並作 sub-grades,2019-01-07,2,,,pdfplumber extract_tables,data-pipeline/raw/research/gaps/ketujitu-wb-20190513220230.pdf,http://web.archive.org/web/20190513220230id_/https://www.env.go.jp/nature/choju/effort/effort12/ketujitu.pdf,2019-01-07,header 平成31年1月7日
奈良,Nara,ミズナラ,mizunara,2013,H25,fruiting,並作,並作,value,並作,exact; 並上/並下 are 並作 sub-grades,2019-01-07,2,,,pdfplumber extract_tables,data-pipeline/raw/research/gaps/ketujitu-wb-20190513220230.pdf,http://web.archive.org/web/20190513220230id_/https://www.env.go.jp/nature/choju/effort/effort12/ketujitu.pdf,2019-01-07,header 平成31年1月7日
奈良,Nara,コナラ,konara,2013,H25,fruiting,並作,並作,value,並作,exact; 並上/並下 are 並作 sub-grades,2019-01-07,2,,,pdfplumber extract_tables,data-pipeline/raw/research/gaps/ketujitu-wb-20190513220230.pdf,http://web.archive.org/web/20190513220230id_/https://www.env.go.jp/nature/choju/effort/effort12/ketujitu.pdf,2019-01-07,header 平成31年1月7日
和歌山,Wakayama,ブナ,buna,2013,H25,fruiting,－,－,no_data,,,2019-01-07,2,,,pdfplumber extract_tables,data-pipeline/raw/research/gaps/ketujitu-wb-20190513220230.pdf,http://web.archive.org/web/20190513220230id_/https://www.env.go.jp/nature/choju/effort/effort12/ketujitu.pdf,2019-01-07,header 平成31年1月7日
和歌山,Wakayama,ミズナラ,mizunara,2013,H25,fruiting,－,－,no_data,,,2019-01-07,2,,,pdfplumber extract_tables,data-pipeline/raw/research/gaps/ketujitu-wb-20190513220230.pdf,http://web.archive.org/web/20190513220230id_/https://www.env.go.jp/nature/choju/effort/effort12/ketujitu.pdf,2019-01-07,header 平成31年1月7日
和歌山,Wakayama,コナラ,konara,2013,H25,fruiting,－,－,no_data,,,2019-01-07,2,,,pdfplumber extract_tables,data-pipeline/raw/research/gaps/ketujitu-wb-20190513220230.pdf,http://web.archive.org/web/20190513220230id_/https://www.env.go.jp/nature/choju/effort/effort12/ketujitu.pdf,2019-01-07,header 平成31年1月7日
鳥取,Tottori,ブナ,buna,2013,H25,fruiting,豊作,豊作,value,豊作,exact; 大豊作 counted as 豊作,2019-01-07,2,2016-10-26=凶作～並作,H29に判定基準を見直し （６区分）,pdfplumber extract_tables,data-pipeline/raw/research/gaps/ketujitu-wb-20190513220230.pdf,http://web.archive.org/web/20190513220230id_/https://www.env.go.jp/nature/choju/effort/effort12/ketujitu.pdf,2019-01-07,header 平成31年1月7日
鳥取,Tottori,ミズナラ,mizunara,2013,H25,fruiting,大凶作,大凶作,value,大凶作,exact,2019-01-07,2,2016-10-26=凶作,H29に判定基準を見直し （６区分）,pdfplumber extract_tables,data-pipeline/raw/research/gaps/ketujitu-wb-20190513220230.pdf,http://web.archive.org/web/20190513220230id_/https://www.env.go.jp/nature/choju/effort/effort12/ketujitu.pdf,2019-01-07,header 平成31年1月7日
鳥取,Tottori,コナラ,konara,2013,H25,fruiting,並下,並下,value,並作,exact; 並上/並下 are 並作 sub-grades,2019-01-07,2,2016-10-26=凶作,H29に判定基準を見直し （６区分）,pdfplumber extract_tables,data-pipeline/raw/research/gaps/ketujitu-wb-20190513220230.pdf,http://web.archive.org/web/20190513220230id_/https://www.env.go.jp/nature/choju/effort/effort12/ketujitu.pdf,2019-01-07,header 平成31年1月7日
島根,Shimane,ブナ,buna,2013,H25,fruiting,－,－,no_data,,,2019-01-07,2,,,pdfplumber extract_tables,data-pipeline/raw/research/gaps/ketujitu-wb-20190513220230.pdf,http://web.archive.org/web/20190513220230id_/https://www.env.go.jp/nature/choju/effort/effort12/ketujitu.pdf,2019-01-07,header 平成31年1月7日
島根,Shimane,ミズナラ,mizunara,2013,H25,fruiting,－,－,no_data,,,2019-01-07,2,,,pdfplumber extract_tables,data-pipeline/raw/research/gaps/ketujitu-wb-20190513220230.pdf,http://web.archive.org/web/20190513220230id_/https://www.env.go.jp/nature/choju/effort/effort12/ketujitu.pdf,2019-01-07,header 平成31年1月7日
島根,Shimane,コナラ,konara,2013,H25,fruiting,－,－,no_data,,,2019-01-07,2,,,pdfplumber extract_tables,data-pipeline/raw/research/gaps/ketujitu-wb-20190513220230.pdf,http://web.archive.org/web/20190513220230id_/https://www.env.go.jp/nature/choju/effort/effort12/ketujitu.pdf,2019-01-07,header 平成31年1月7日
岡山,Okayama,ブナ,buna,2013,H25,fruiting,豊作,豊作,value,豊作,exact; 大豊作 counted as 豊作,2019-01-07,2,,,pdfplumber extract_tables,data-pipeline/raw/research/gaps/ketujitu-wb-20190513220230.pdf,http://web.archive.org/web/20190513220230id_/https://www.env.go.jp/nature/choju/effort/effort12/ketujitu.pdf,2019-01-07,header 平成31年1月7日
岡山,Okayama,ミズナラ,mizunara,2013,H25,fruiting,豊作,豊作,value,豊作,exact; 大豊作 counted as 豊作,2019-01-07,2,,,pdfplumber extract_tables,data-pipeline/raw/research/gaps/ketujitu-wb-20190513220230.pdf,http://web.archive.org/web/20190513220230id_/https://www.env.go.jp/nature/choju/effort/effort12/ketujitu.pdf,2019-01-07,header 平成31年1月7日
岡山,Okayama,コナラ,konara,2013,H25,fruiting,豊作,豊作,value,豊作,exact; 大豊作 counted as 豊作,2019-01-07,2,,,pdfplumber extract_tables,data-pipeline/raw/research/gaps/ketujitu-wb-20190513220230.pdf,http://web.archive.org/web/20190513220230id_/https://www.env.go.jp/nature/choju/effort/effort12/ketujitu.pdf,2019-01-07,header 平成31年1月7日
広島,Hiroshima,ブナ,buna,2013,H25,fruiting,－,－,no_data,,,2019-01-07,2,,調査実施の有無はH27以前のﾃﾞｰﾀ。H28は不明。,pdfplumber extract_tables,data-pipeline/raw/research/gaps/ketujitu-wb-20190513220230.pdf,http://web.archive.org/web/20190513220230id_/https://www.env.go.jp/nature/choju/effort/effort12/ketujitu.pdf,2019-01-07,header 平成31年1月7日
広島,Hiroshima,ミズナラ,mizunara,2013,H25,fruiting,－,－,no_data,,,2019-01-07,2,,調査実施の有無はH27以前のﾃﾞｰﾀ。H28は不明。,pdfplumber extract_tables,data-pipeline/raw/research/gaps/ketujitu-wb-20190513220230.pdf,http://web.archive.org/web/20190513220230id_/https://www.env.go.jp/nature/choju/effort/effort12/ketujitu.pdf,2019-01-07,header 平成31年1月7日
広島,Hiroshima,コナラ,konara,2013,H25,fruiting,－,－,no_data,,,2019-01-07,2,,調査実施の有無はH27以前のﾃﾞｰﾀ。H28は不明。,pdfplumber extract_tables,data-pipeline/raw/research/gaps/ketujitu-wb-20190513220230.pdf,http://web.archive.org/web/20190513220230id_/https://www.env.go.jp/nature/choju/effort/effort12/ketujitu.pdf,2019-01-07,header 平成31年1月7日
山口,Yamaguchi,ブナ,buna,2013,H25,fruiting,－,－,no_data,,,2019-01-07,2,,指標未定,pdfplumber extract_tables,data-pipeline/raw/research/gaps/ketujitu-wb-20190513220230.pdf,http://web.archive.org/web/20190513220230id_/https://www.env.go.jp/nature/choju/effort/effort12/ketujitu.pdf,2019-01-07,header 平成31年1月7日
山口,Yamaguchi,ミズナラ,mizunara,2013,H25,fruiting,－,－,no_data,,,2019-01-07,2,,指標未定,pdfplumber extract_tables,data-pipeline/raw/research/gaps/ketujitu-wb-20190513220230.pdf,http://web.archive.org/web/20190513220230id_/https://www.env.go.jp/nature/choju/effort/effort12/ketujitu.pdf,2019-01-07,header 平成31年1月7日
山口,Yamaguchi,コナラ,konara,2013,H25,fruiting,－,－,no_data,,,2019-01-07,2,,指標未定,pdfplumber extract_tables,data-pipeline/raw/research/gaps/ketujitu-wb-20190513220230.pdf,http://web.archive.org/web/20190513220230id_/https://www.env.go.jp/nature/choju/effort/effort12/ketujitu.pdf,2019-01-07,header 平成31年1月7日
北海道,Hokkaido,ブナ,buna,2014,H26,fruiting,凶作,凶作,value,凶作,exact; 不作/やや凶作 counted as 凶作 (MoE rule),2019-01-07,2,,ブナは道南地方のみ分布,pdfplumber extract_tables,data-pipeline/raw/research/gaps/ketujitu-wb-20190513220230.pdf,http://web.archive.org/web/20190513220230id_/https://www.env.go.jp/nature/choju/effort/effort12/ketujitu.pdf,2019-01-07,header 平成31年1月7日
北海道,Hokkaido,ミズナラ,mizunara,2014,H26,fruiting,概ね\n並作～豊作,概ね並作～豊作,value,豊作,MoE rule 並作～豊作→豊作 (概ね ignored),2019-01-07,2,,ブナは道南地方のみ分布,pdfplumber extract_tables,data-pipeline/raw/research/gaps/ketujitu-wb-20190513220230.pdf,http://web.archive.org/web/20190513220230id_/https://www.env.go.jp/nature/choju/effort/effort12/ketujitu.pdf,2019-01-07,header 平成31年1月7日
北海道,Hokkaido,コナラ,konara,2014,H26,fruiting,－,－,no_data,,,2019-01-07,2,,ブナは道南地方のみ分布,pdfplumber extract_tables,data-pipeline/raw/research/gaps/ketujitu-wb-20190513220230.pdf,http://web.archive.org/web/20190513220230id_/https://www.env.go.jp/nature/choju/effort/effort12/ketujitu.pdf,2019-01-07,header 平成31年1月7日
青森,Aomori,ブナ,buna,2014,H26,fruiting,皆無,皆無,value,大凶作,exact,2019-01-07,2,,東北森林管理局ブナ開花・結実調査青森県：H30並作,pdfplumber extract_tables,data-pipeline/raw/research/gaps/ketujitu-wb-20190513220230.pdf,http://web.archive.org/web/20190513220230id_/https://www.env.go.jp/nature/choju/effort/effort12/ketujitu.pdf,2019-01-07,header 平成31年1月7日
青森,Aomori,ミズナラ,mizunara,2014,H26,fruiting,－,－,no_data,,,2019-01-07,2,,東北森林管理局ブナ開花・結実調査青森県：H30並作,pdfplumber extract_tables,data-pipeline/raw/research/gaps/ketujitu-wb-20190513220230.pdf,http://web.archive.org/web/20190513220230id_/https://www.env.go.jp/nature/choju/effort/effort12/ketujitu.pdf,2019-01-07,header 平成31年1月7日
青森,Aomori,コナラ,konara,2014,H26,fruiting,－,－,no_data,,,2019-01-07,2,,東北森林管理局ブナ開花・結実調査青森県：H30並作,pdfplumber extract_tables,data-pipeline/raw/research/gaps/ketujitu-wb-20190513220230.pdf,http://web.archive.org/web/20190513220230id_/https://www.env.go.jp/nature/choju/effort/effort12/ketujitu.pdf,2019-01-07,header 平成31年1月7日
岩手,Iwate,ブナ,buna,2014,H26,fruiting,凶作,凶作,value,凶作,exact; 不作/やや凶作 counted as 凶作 (MoE rule),2019-01-07,2,,,pdfplumber extract_tables,data-pipeline/raw/research/gaps/ketujitu-wb-20190513220230.pdf,http://web.archive.org/web/20190513220230id_/https://www.env.go.jp/nature/choju/effort/effort12/ketujitu.pdf,2019-01-07,header 平成31年1月7日
岩手,Iwate,ミズナラ,mizunara,2014,H26,fruiting,凶作～並作,凶作～並作,value,並作,MoE rule 凶作～並作/凶作～豊作/不作～並作→並作,2019-01-07,2,,,pdfplumber extract_tables,data-pipeline/raw/research/gaps/ketujitu-wb-20190513220230.pdf,http://web.archive.org/web/20190513220230id_/https://www.env.go.jp/nature/choju/effort/effort12/ketujitu.pdf,2019-01-07,header 平成31年1月7日
岩手,Iwate,コナラ,konara,2014,H26,fruiting,凶作～並作,凶作～並作,value,並作,MoE rule 凶作～並作/凶作～豊作/不作～並作→並作,2019-01-07,2,,,pdfplumber extract_tables,data-pipeline/raw/research/gaps/ketujitu-wb-20190513220230.pdf,http://web.archive.org/web/20190513220230id_/https://www.env.go.jp/nature/choju/effort/effort12/ketujitu.pdf,2019-01-07,header 平成31年1月7日
宮城,Miyagi,ブナ,buna,2014,H26,fruiting,凶作,凶作,value,凶作,exact; 不作/やや凶作 counted as 凶作 (MoE rule),2019-01-07,2,,,pdfplumber extract_tables,data-pipeline/raw/research/gaps/ketujitu-wb-20190513220230.pdf,http://web.archive.org/web/20190513220230id_/https://www.env.go.jp/nature/choju/effort/effort12/ketujitu.pdf,2019-01-07,header 平成31年1月7日
宮城,Miyagi,ミズナラ,mizunara,2014,H26,fruiting,凶作,凶作,value,凶作,exact; 不作/やや凶作 counted as 凶作 (MoE rule),2019-01-07,2,,,pdfplumber extract_tables,data-pipeline/raw/research/gaps/ketujitu-wb-20190513220230.pdf,http://web.archive.org/web/20190513220230id_/https://www.env.go.jp/nature/choju/effort/effort12/ketujitu.pdf,2019-01-07,header 平成31年1月7日
宮城,Miyagi,コナラ,konara,2014,H26,fruiting,－,－,no_data,,,2019-01-07,2,,,pdfplumber extract_tables,data-pipeline/raw/research/gaps/ketujitu-wb-20190513220230.pdf,http://web.archive.org/web/20190513220230id_/https://www.env.go.jp/nature/choju/effort/effort12/ketujitu.pdf,2019-01-07,header 平成31年1月7日
秋田,Akita,ブナ,buna,2014,H26,fruiting,凶作,凶作,value,凶作,exact; 不作/やや凶作 counted as 凶作 (MoE rule),2019-01-07,2,,,pdfplumber extract_tables,data-pipeline/raw/research/gaps/ketujitu-wb-20190513220230.pdf,http://web.archive.org/web/20190513220230id_/https://www.env.go.jp/nature/choju/effort/effort12/ketujitu.pdf,2019-01-07,header 平成31年1月7日
秋田,Akita,ミズナラ,mizunara,2014,H26,fruiting,凶作,凶作,value,凶作,exact; 不作/やや凶作 counted as 凶作 (MoE rule),2019-01-07,2,,,pdfplumber extract_tables,data-pipeline/raw/research/gaps/ketujitu-wb-20190513220230.pdf,http://web.archive.org/web/20190513220230id_/https://www.env.go.jp/nature/choju/effort/effort12/ketujitu.pdf,2019-01-07,header 平成31年1月7日
秋田,Akita,コナラ,konara,2014,H26,fruiting,凶作,凶作,value,凶作,exact; 不作/やや凶作 counted as 凶作 (MoE rule),2019-01-07,2,,,pdfplumber extract_tables,data-pipeline/raw/research/gaps/ketujitu-wb-20190513220230.pdf,http://web.archive.org/web/20190513220230id_/https://www.env.go.jp/nature/choju/effort/effort12/ketujitu.pdf,2019-01-07,header 平成31年1月7日
山形,Yamagata,ブナ,buna,2014,H26,fruiting,凶作,凶作,value,凶作,exact; 不作/やや凶作 counted as 凶作 (MoE rule),2019-01-07,2,,,pdfplumber extract_tables,data-pipeline/raw/research/gaps/ketujitu-wb-20190513220230.pdf,http://web.archive.org/web/20190513220230id_/https://www.env.go.jp/nature/choju/effort/effort12/ketujitu.pdf,2019-01-07,header 平成31年1月7日
山形,Yamagata,ミズナラ,mizunara,2014,H26,fruiting,凶作,凶作,value,凶作,exact; 不作/やや凶作 counted as 凶作 (MoE rule),2019-01-07,2,,,pdfplumber extract_tables,data-pipeline/raw/research/gaps/ketujitu-wb-20190513220230.pdf,http://web.archive.org/web/20190513220230id_/https://www.env.go.jp/nature/choju/effort/effort12/ketujitu.pdf,2019-01-07,header 平成31年1月7日
山形,Yamagata,コナラ,konara,2014,H26,fruiting,凶作～豊作,凶作～豊作,value,並作,MoE rule 凶作～並作/凶作～豊作/不作～並作→並作,2019-01-07,2,,,pdfplumber extract_tables,data-pipeline/raw/research/gaps/ketujitu-wb-20190513220230.pdf,http://web.archive.org/web/20190513220230id_/https://www.env.go.jp/nature/choju/effort/effort12/ketujitu.pdf,2019-01-07,header 平成31年1月7日
福島,Fukushima,ブナ,buna,2014,H26,fruiting,豊～大豊作,豊～大豊作,value,豊作,exact; 大豊作 counted as 豊作,2019-01-07,2,,,pdfplumber extract_tables,data-pipeline/raw/research/gaps/ketujitu-wb-20190513220230.pdf,http://web.archive.org/web/20190513220230id_/https://www.env.go.jp/nature/choju/effort/effort12/ketujitu.pdf,2019-01-07,header 平成31年1月7日
福島,Fukushima,ミズナラ,mizunara,2014,H26,fruiting,凶作～並作,凶作～並作,value,並作,MoE rule 凶作～並作/凶作～豊作/不作～並作→並作,2019-01-07,2,,,pdfplumber extract_tables,data-pipeline/raw/research/gaps/ketujitu-wb-20190513220230.pdf,http://web.archive.org/web/20190513220230id_/https://www.env.go.jp/nature/choju/effort/effort12/ketujitu.pdf,2019-01-07,header 平成31年1月7日
福島,Fukushima,コナラ,konara,2014,H26,fruiting,凶作～並作,凶作～並作,value,並作,MoE rule 凶作～並作/凶作～豊作/不作～並作→並作,2019-01-07,2,,,pdfplumber extract_tables,data-pipeline/raw/research/gaps/ketujitu-wb-20190513220230.pdf,http://web.archive.org/web/20190513220230id_/https://www.env.go.jp/nature/choju/effort/effort12/ketujitu.pdf,2019-01-07,header 平成31年1月7日
栃木,Tochigi,ブナ,buna,2014,H26,fruiting,凶作,凶作,value,凶作,exact; 不作/やや凶作 counted as 凶作 (MoE rule),2019-01-07,2,,,pdfplumber extract_tables,data-pipeline/raw/research/gaps/ketujitu-wb-20190513220230.pdf,http://web.archive.org/web/20190513220230id_/https://www.env.go.jp/nature/choju/effort/effort12/ketujitu.pdf,2019-01-07,header 平成31年1月7日
栃木,Tochigi,ミズナラ,mizunara,2014,H26,fruiting,凶作～不作,凶作～不作,value,凶作,range within 凶作/不作 bucket,2019-01-07,2,,,pdfplumber extract_tables,data-pipeline/raw/research/gaps/ketujitu-wb-20190513220230.pdf,http://web.archive.org/web/20190513220230id_/https://www.env.go.jp/nature/choju/effort/effort12/ketujitu.pdf,2019-01-07,header 平成31年1月7日
栃木,Tochigi,コナラ,konara,2014,H26,fruiting,不作～並作,不作～並作,value,並作,MoE rule 凶作～並作/凶作～豊作/不作～並作→並作,2019-01-07,2,,,pdfplumber extract_tables,data-pipeline/raw/research/gaps/ketujitu-wb-20190513220230.pdf,http://web.archive.org/web/20190513220230id_/https://www.env.go.jp/nature/choju/effort/effort12/ketujitu.pdf,2019-01-07,header 平成31年1月7日
群馬,Gunma,ブナ,buna,2014,H26,fruiting,凶作,凶作,value,凶作,exact; 不作/やや凶作 counted as 凶作 (MoE rule),2019-01-07,2,,,pdfplumber extract_tables,data-pipeline/raw/research/gaps/ketujitu-wb-20190513220230.pdf,http://web.archive.org/web/20190513220230id_/https://www.env.go.jp/nature/choju/effort/effort12/ketujitu.pdf,2019-01-07,header 平成31年1月7日
群馬,Gunma,ミズナラ,mizunara,2014,H26,fruiting,凶作,凶作,value,凶作,exact; 不作/やや凶作 counted as 凶作 (MoE rule),2019-01-07,2,,,pdfplumber extract_tables,data-pipeline/raw/research/gaps/ketujitu-wb-20190513220230.pdf,http://web.archive.org/web/20190513220230id_/https://www.env.go.jp/nature/choju/effort/effort12/ketujitu.pdf,2019-01-07,header 平成31年1月7日
群馬,Gunma,コナラ,konara,2014,H26,fruiting,凶作,凶作,value,凶作,exact; 不作/やや凶作 counted as 凶作 (MoE rule),2019-01-07,2,,,pdfplumber extract_tables,data-pipeline/raw/research/gaps/ketujitu-wb-20190513220230.pdf,http://web.archive.org/web/20190513220230id_/https://www.env.go.jp/nature/choju/effort/effort12/ketujitu.pdf,2019-01-07,header 平成31年1月7日
埼玉,Saitama,ブナ,buna,2014,H26,fruiting,－,－,no_data,,,2019-01-07,2,,,pdfplumber extract_tables,data-pipeline/raw/research/gaps/ketujitu-wb-20190513220230.pdf,http://web.archive.org/web/20190513220230id_/https://www.env.go.jp/nature/choju/effort/effort12/ketujitu.pdf,2019-01-07,header 平成31年1月7日
埼玉,Saitama,ミズナラ,mizunara,2014,H26,fruiting,－,－,no_data,,,2019-01-07,2,,,pdfplumber extract_tables,data-pipeline/raw/research/gaps/ketujitu-wb-20190513220230.pdf,http://web.archive.org/web/20190513220230id_/https://www.env.go.jp/nature/choju/effort/effort12/ketujitu.pdf,2019-01-07,header 平成31年1月7日
埼玉,Saitama,コナラ,konara,2014,H26,fruiting,－,－,no_data,,,2019-01-07,2,,,pdfplumber extract_tables,data-pipeline/raw/research/gaps/ketujitu-wb-20190513220230.pdf,http://web.archive.org/web/20190513220230id_/https://www.env.go.jp/nature/choju/effort/effort12/ketujitu.pdf,2019-01-07,header 平成31年1月7日
東京,Tokyo,ブナ,buna,2014,H26,fruiting,凶作,凶作,value,凶作,exact; 不作/やや凶作 counted as 凶作 (MoE rule),2019-01-07,2,,,pdfplumber extract_tables,data-pipeline/raw/research/gaps/ketujitu-wb-20190513220230.pdf,http://web.archive.org/web/20190513220230id_/https://www.env.go.jp/nature/choju/effort/effort12/ketujitu.pdf,2019-01-07,header 平成31年1月7日
東京,Tokyo,ミズナラ,mizunara,2014,H26,fruiting,凶作～並作,凶作～並作,value,並作,MoE rule 凶作～並作/凶作～豊作/不作～並作→並作,2019-01-07,2,,,pdfplumber extract_tables,data-pipeline/raw/research/gaps/ketujitu-wb-20190513220230.pdf,http://web.archive.org/web/20190513220230id_/https://www.env.go.jp/nature/choju/effort/effort12/ketujitu.pdf,2019-01-07,header 平成31年1月7日
東京,Tokyo,コナラ,konara,2014,H26,fruiting,並作,並作,value,並作,exact; 並上/並下 are 並作 sub-grades,2019-01-07,2,,,pdfplumber extract_tables,data-pipeline/raw/research/gaps/ketujitu-wb-20190513220230.pdf,http://web.archive.org/web/20190513220230id_/https://www.env.go.jp/nature/choju/effort/effort12/ketujitu.pdf,2019-01-07,header 平成31年1月7日
神奈川,Kanagawa,ブナ,buna,2014,H26,fruiting,凶作,凶作,value,凶作,exact; 不作/やや凶作 counted as 凶作 (MoE rule),2019-01-07,2,,,pdfplumber extract_tables,data-pipeline/raw/research/gaps/ketujitu-wb-20190513220230.pdf,http://web.archive.org/web/20190513220230id_/https://www.env.go.jp/nature/choju/effort/effort12/ketujitu.pdf,2019-01-07,header 平成31年1月7日
神奈川,Kanagawa,ミズナラ,mizunara,2014,H26,fruiting,凶作,凶作,value,凶作,exact; 不作/やや凶作 counted as 凶作 (MoE rule),2019-01-07,2,2016-10-26=－,,pdfplumber extract_tables,data-pipeline/raw/research/gaps/ketujitu-wb-20190513220230.pdf,http://web.archive.org/web/20190513220230id_/https://www.env.go.jp/nature/choju/effort/effort12/ketujitu.pdf,2019-01-07,header 平成31年1月7日
神奈川,Kanagawa,コナラ,konara,2014,H26,fruiting,並作,並作,value,並作,exact; 並上/並下 are 並作 sub-grades,2019-01-07,2,2016-10-26=－,,pdfplumber extract_tables,data-pipeline/raw/research/gaps/ketujitu-wb-20190513220230.pdf,http://web.archive.org/web/20190513220230id_/https://www.env.go.jp/nature/choju/effort/effort12/ketujitu.pdf,2019-01-07,header 平成31年1月7日
新潟,Niigata,ブナ,buna,2014,H26,fruiting,凶作～不作,凶作～不作,value,凶作,range within 凶作/不作 bucket,2019-01-07,2,,,pdfplumber extract_tables,data-pipeline/raw/research/gaps/ketujitu-wb-20190513220230.pdf,http://web.archive.org/web/20190513220230id_/https://www.env.go.jp/nature/choju/effort/effort12/ketujitu.pdf,2019-01-07,header 平成31年1月7日
新潟,Niigata,ミズナラ,mizunara,2014,H26,fruiting,凶作～不作,凶作～不作,value,凶作,range within 凶作/不作 bucket,2019-01-07,2,,,pdfplumber extract_tables,data-pipeline/raw/research/gaps/ketujitu-wb-20190513220230.pdf,http://web.archive.org/web/20190513220230id_/https://www.env.go.jp/nature/choju/effort/effort12/ketujitu.pdf,2019-01-07,header 平成31年1月7日
新潟,Niigata,コナラ,konara,2014,H26,fruiting,不作～並作,不作～並作,value,並作,MoE rule 凶作～並作/凶作～豊作/不作～並作→並作,2019-01-07,2,,,pdfplumber extract_tables,data-pipeline/raw/research/gaps/ketujitu-wb-20190513220230.pdf,http://web.archive.org/web/20190513220230id_/https://www.env.go.jp/nature/choju/effort/effort12/ketujitu.pdf,2019-01-07,header 平成31年1月7日
富山,Toyama,ブナ,buna,2014,H26,fruiting,凶作,凶作,value,凶作,exact; 不作/やや凶作 counted as 凶作 (MoE rule),2019-01-07,2,,,pdfplumber extract_tables,data-pipeline/raw/research/gaps/ketujitu-wb-20190513220230.pdf,http://web.archive.org/web/20190513220230id_/https://www.env.go.jp/nature/choju/effort/effort12/ketujitu.pdf,2019-01-07,header 平成31年1月7日
富山,Toyama,ミズナラ,mizunara,2014,H26,fruiting,凶作,凶作,value,凶作,exact; 不作/やや凶作 counted as 凶作 (MoE rule),2019-01-07,2,,,pdfplumber extract_tables,data-pipeline/raw/research/gaps/ketujitu-wb-20190513220230.pdf,http://web.archive.org/web/20190513220230id_/https://www.env.go.jp/nature/choju/effort/effort12/ketujitu.pdf,2019-01-07,header 平成31年1月7日
富山,Toyama,コナラ,konara,2014,H26,fruiting,不作～並作,不作～並作,value,並作,MoE rule 凶作～並作/凶作～豊作/不作～並作→並作,2019-01-07,2,,,pdfplumber extract_tables,data-pipeline/raw/research/gaps/ketujitu-wb-20190513220230.pdf,http://web.archive.org/web/20190513220230id_/https://www.env.go.jp/nature/choju/effort/effort12/ketujitu.pdf,2019-01-07,header 平成31年1月7日
石川,Ishikawa,ブナ,buna,2014,H26,fruiting,凶作,凶作,value,凶作,exact; 不作/やや凶作 counted as 凶作 (MoE rule),2019-01-07,2,,,pdfplumber extract_tables,data-pipeline/raw/research/gaps/ketujitu-wb-20190513220230.pdf,http://web.archive.org/web/20190513220230id_/https://www.env.go.jp/nature/choju/effort/effort12/ketujitu.pdf,2019-01-07,header 平成31年1月7日
石川,Ishikawa,ミズナラ,mizunara,2014,H26,fruiting,並作,並作,value,並作,exact; 並上/並下 are 並作 sub-grades,2019-01-07,2,,,pdfplumber extract_tables,data-pipeline/raw/research/gaps/ketujitu-wb-20190513220230.pdf,http://web.archive.org/web/20190513220230id_/https://www.env.go.jp/nature/choju/effort/effort12/ketujitu.pdf,2019-01-07,header 平成31年1月7日
石川,Ishikawa,コナラ,konara,2014,H26,fruiting,並作,並作,value,並作,exact; 並上/並下 are 並作 sub-grades,2019-01-07,2,,,pdfplumber extract_tables,data-pipeline/raw/research/gaps/ketujitu-wb-20190513220230.pdf,http://web.archive.org/web/20190513220230id_/https://www.env.go.jp/nature/choju/effort/effort12/ketujitu.pdf,2019-01-07,header 平成31年1月7日
福井,Fukui,ブナ,buna,2014,H26,fruiting,凶作,凶作,value,凶作,exact; 不作/やや凶作 counted as 凶作 (MoE rule),2019-01-07,2,,,pdfplumber extract_tables,data-pipeline/raw/research/gaps/ketujitu-wb-20190513220230.pdf,http://web.archive.org/web/20190513220230id_/https://www.env.go.jp/nature/choju/effort/effort12/ketujitu.pdf,2019-01-07,header 平成31年1月7日
福井,Fukui,ミズナラ,mizunara,2014,H26,fruiting,不作,不作,value,凶作,exact; 不作/やや凶作 counted as 凶作 (MoE rule),2019-01-07,2,,,pdfplumber extract_tables,data-pipeline/raw/research/gaps/ketujitu-wb-20190513220230.pdf,http://web.archive.org/web/20190513220230id_/https://www.env.go.jp/nature/choju/effort/effort12/ketujitu.pdf,2019-01-07,header 平成31年1月7日
福井,Fukui,コナラ,konara,2014,H26,fruiting,不作,不作,value,凶作,exact; 不作/やや凶作 counted as 凶作 (MoE rule),2019-01-07,2,,,pdfplumber extract_tables,data-pipeline/raw/research/gaps/ketujitu-wb-20190513220230.pdf,http://web.archive.org/web/20190513220230id_/https://www.env.go.jp/nature/choju/effort/effort12/ketujitu.pdf,2019-01-07,header 平成31年1月7日
山梨,Yamanashi,ブナ,buna,2014,H26,fruiting,凶作,凶作,value,凶作,exact; 不作/やや凶作 counted as 凶作 (MoE rule),2019-01-07,2,,,pdfplumber extract_tables,data-pipeline/raw/research/gaps/ketujitu-wb-20190513220230.pdf,http://web.archive.org/web/20190513220230id_/https://www.env.go.jp/nature/choju/effort/effort12/ketujitu.pdf,2019-01-07,header 平成31年1月7日
山梨,Yamanashi,ミズナラ,mizunara,2014,H26,fruiting,凶作～並作,凶作～並作,value,並作,MoE rule 凶作～並作/凶作～豊作/不作～並作→並作,2019-01-07,2,,,pdfplumber extract_tables,data-pipeline/raw/research/gaps/ketujitu-wb-20190513220230.pdf,http://web.archive.org/web/20190513220230id_/https://www.env.go.jp/nature/choju/effort/effort12/ketujitu.pdf,2019-01-07,header 平成31年1月7日
山梨,Yamanashi,コナラ,konara,2014,H26,fruiting,凶作～並作,凶作～並作,value,並作,MoE rule 凶作～並作/凶作～豊作/不作～並作→並作,2019-01-07,2,,,pdfplumber extract_tables,data-pipeline/raw/research/gaps/ketujitu-wb-20190513220230.pdf,http://web.archive.org/web/20190513220230id_/https://www.env.go.jp/nature/choju/effort/effort12/ketujitu.pdf,2019-01-07,header 平成31年1月7日
長野,Nagano,ブナ,buna,2014,H26,fruiting,凶作,凶作,value,凶作,exact; 不作/やや凶作 counted as 凶作 (MoE rule),2019-01-07,2,,,pdfplumber extract_tables,data-pipeline/raw/research/gaps/ketujitu-wb-20190513220230.pdf,http://web.archive.org/web/20190513220230id_/https://www.env.go.jp/nature/choju/effort/effort12/ketujitu.pdf,2019-01-07,header 平成31年1月7日
長野,Nagano,ミズナラ,mizunara,2014,H26,fruiting,不作～並作,不作～並作,value,並作,MoE rule 凶作～並作/凶作～豊作/不作～並作→並作,2019-01-07,2,,,pdfplumber extract_tables,data-pipeline/raw/research/gaps/ketujitu-wb-20190513220230.pdf,http://web.archive.org/web/20190513220230id_/https://www.env.go.jp/nature/choju/effort/effort12/ketujitu.pdf,2019-01-07,header 平成31年1月7日
長野,Nagano,コナラ,konara,2014,H26,fruiting,不作～並作,不作～並作,value,並作,MoE rule 凶作～並作/凶作～豊作/不作～並作→並作,2019-01-07,2,,,pdfplumber extract_tables,data-pipeline/raw/research/gaps/ketujitu-wb-20190513220230.pdf,http://web.archive.org/web/20190513220230id_/https://www.env.go.jp/nature/choju/effort/effort12/ketujitu.pdf,2019-01-07,header 平成31年1月7日
岐阜,Gifu,ブナ,buna,2014,H26,fruiting,大凶作,大凶作,value,大凶作,exact,2019-01-07,2,,,pdfplumber extract_tables,data-pipeline/raw/research/gaps/ketujitu-wb-20190513220230.pdf,http://web.archive.org/web/20190513220230id_/https://www.env.go.jp/nature/choju/effort/effort12/ketujitu.pdf,2019-01-07,header 平成31年1月7日
岐阜,Gifu,ミズナラ,mizunara,2014,H26,fruiting,凶作,凶作,value,凶作,exact; 不作/やや凶作 counted as 凶作 (MoE rule),2019-01-07,2,,,pdfplumber extract_tables,data-pipeline/raw/research/gaps/ketujitu-wb-20190513220230.pdf,http://web.archive.org/web/20190513220230id_/https://www.env.go.jp/nature/choju/effort/effort12/ketujitu.pdf,2019-01-07,header 平成31年1月7日
岐阜,Gifu,コナラ,konara,2014,H26,fruiting,凶作,凶作,value,凶作,exact; 不作/やや凶作 counted as 凶作 (MoE rule),2019-01-07,2,,,pdfplumber extract_tables,data-pipeline/raw/research/gaps/ketujitu-wb-20190513220230.pdf,http://web.archive.org/web/20190513220230id_/https://www.env.go.jp/nature/choju/effort/effort12/ketujitu.pdf,2019-01-07,header 平成31年1月7日
静岡,Shizuoka,ブナ,buna,2014,H26,fruiting,－,－,no_data,,,2019-01-07,2,,,pdfplumber extract_tables,data-pipeline/raw/research/gaps/ketujitu-wb-20190513220230.pdf,http://web.archive.org/web/20190513220230id_/https://www.env.go.jp/nature/choju/effort/effort12/ketujitu.pdf,2019-01-07,header 平成31年1月7日
静岡,Shizuoka,ミズナラ,mizunara,2014,H26,fruiting,－,－,no_data,,,2019-01-07,2,,,pdfplumber extract_tables,data-pipeline/raw/research/gaps/ketujitu-wb-20190513220230.pdf,http://web.archive.org/web/20190513220230id_/https://www.env.go.jp/nature/choju/effort/effort12/ketujitu.pdf,2019-01-07,header 平成31年1月7日
静岡,Shizuoka,コナラ,konara,2014,H26,fruiting,－,－,no_data,,,2019-01-07,2,,,pdfplumber extract_tables,data-pipeline/raw/research/gaps/ketujitu-wb-20190513220230.pdf,http://web.archive.org/web/20190513220230id_/https://www.env.go.jp/nature/choju/effort/effort12/ketujitu.pdf,2019-01-07,header 平成31年1月7日
愛知,Aichi,ブナ,buna,2014,H26,fruiting,－,－,no_data,,,2019-01-07,2,,,pdfplumber extract_tables,data-pipeline/raw/research/gaps/ketujitu-wb-20190513220230.pdf,http://web.archive.org/web/20190513220230id_/https://www.env.go.jp/nature/choju/effort/effort12/ketujitu.pdf,2019-01-07,header 平成31年1月7日
愛知,Aichi,ミズナラ,mizunara,2014,H26,fruiting,豊作,豊作,value,豊作,exact; 大豊作 counted as 豊作,2019-01-07,2,,,pdfplumber extract_tables,data-pipeline/raw/research/gaps/ketujitu-wb-20190513220230.pdf,http://web.archive.org/web/20190513220230id_/https://www.env.go.jp/nature/choju/effort/effort12/ketujitu.pdf,2019-01-07,header 平成31年1月7日
愛知,Aichi,コナラ,konara,2014,H26,fruiting,並作,並作,value,並作,exact; 並上/並下 are 並作 sub-grades,2019-01-07,2,,,pdfplumber extract_tables,data-pipeline/raw/research/gaps/ketujitu-wb-20190513220230.pdf,http://web.archive.org/web/20190513220230id_/https://www.env.go.jp/nature/choju/effort/effort12/ketujitu.pdf,2019-01-07,header 平成31年1月7日
三重,Mie,ブナ,buna,2014,H26,fruiting,－,－,no_data,,,2019-01-07,2,,,pdfplumber extract_tables,data-pipeline/raw/research/gaps/ketujitu-wb-20190513220230.pdf,http://web.archive.org/web/20190513220230id_/https://www.env.go.jp/nature/choju/effort/effort12/ketujitu.pdf,2019-01-07,header 平成31年1月7日
三重,Mie,ミズナラ,mizunara,2014,H26,fruiting,－,－,no_data,,,2019-01-07,2,,,pdfplumber extract_tables,data-pipeline/raw/research/gaps/ketujitu-wb-20190513220230.pdf,http://web.archive.org/web/20190513220230id_/https://www.env.go.jp/nature/choju/effort/effort12/ketujitu.pdf,2019-01-07,header 平成31年1月7日
三重,Mie,コナラ,konara,2014,H26,fruiting,－,－,no_data,,,2019-01-07,2,,,pdfplumber extract_tables,data-pipeline/raw/research/gaps/ketujitu-wb-20190513220230.pdf,http://web.archive.org/web/20190513220230id_/https://www.env.go.jp/nature/choju/effort/effort12/ketujitu.pdf,2019-01-07,header 平成31年1月7日
滋賀,Shiga,ブナ,buna,2014,H26,fruiting,凶作,凶作,value,凶作,exact; 不作/やや凶作 counted as 凶作 (MoE rule),2019-01-07,2,,,pdfplumber extract_tables,data-pipeline/raw/research/gaps/ketujitu-wb-20190513220230.pdf,http://web.archive.org/web/20190513220230id_/https://www.env.go.jp/nature/choju/effort/effort12/ketujitu.pdf,2019-01-07,header 平成31年1月7日
滋賀,Shiga,ミズナラ,mizunara,2014,H26,fruiting,凶作,凶作,value,凶作,exact; 不作/やや凶作 counted as 凶作 (MoE rule),2019-01-07,2,,,pdfplumber extract_tables,data-pipeline/raw/research/gaps/ketujitu-wb-20190513220230.pdf,http://web.archive.org/web/20190513220230id_/https://www.env.go.jp/nature/choju/effort/effort12/ketujitu.pdf,2019-01-07,header 平成31年1月7日
滋賀,Shiga,コナラ,konara,2014,H26,fruiting,凶作,凶作,value,凶作,exact; 不作/やや凶作 counted as 凶作 (MoE rule),2019-01-07,2,,,pdfplumber extract_tables,data-pipeline/raw/research/gaps/ketujitu-wb-20190513220230.pdf,http://web.archive.org/web/20190513220230id_/https://www.env.go.jp/nature/choju/effort/effort12/ketujitu.pdf,2019-01-07,header 平成31年1月7日
京都,Kyoto,ブナ,buna,2014,H26,fruiting,凶作,凶作,value,凶作,exact; 不作/やや凶作 counted as 凶作 (MoE rule),2019-01-07,2,,,pdfplumber extract_tables,data-pipeline/raw/research/gaps/ketujitu-wb-20190513220230.pdf,http://web.archive.org/web/20190513220230id_/https://www.env.go.jp/nature/choju/effort/effort12/ketujitu.pdf,2019-01-07,header 平成31年1月7日
京都,Kyoto,ミズナラ,mizunara,2014,H26,fruiting,凶作,凶作,value,凶作,exact; 不作/やや凶作 counted as 凶作 (MoE rule),2019-01-07,2,,,pdfplumber extract_tables,data-pipeline/raw/research/gaps/ketujitu-wb-20190513220230.pdf,http://web.archive.org/web/20190513220230id_/https://www.env.go.jp/nature/choju/effort/effort12/ketujitu.pdf,2019-01-07,header 平成31年1月7日
京都,Kyoto,コナラ,konara,2014,H26,fruiting,凶作,凶作,value,凶作,exact; 不作/やや凶作 counted as 凶作 (MoE rule),2019-01-07,2,,,pdfplumber extract_tables,data-pipeline/raw/research/gaps/ketujitu-wb-20190513220230.pdf,http://web.archive.org/web/20190513220230id_/https://www.env.go.jp/nature/choju/effort/effort12/ketujitu.pdf,2019-01-07,header 平成31年1月7日
大阪,Osaka,ブナ,buna,2014,H26,fruiting,－,－,no_data,,,2019-01-07,2,,,pdfplumber extract_tables,data-pipeline/raw/research/gaps/ketujitu-wb-20190513220230.pdf,http://web.archive.org/web/20190513220230id_/https://www.env.go.jp/nature/choju/effort/effort12/ketujitu.pdf,2019-01-07,header 平成31年1月7日
大阪,Osaka,ミズナラ,mizunara,2014,H26,fruiting,－,－,no_data,,,2019-01-07,2,,,pdfplumber extract_tables,data-pipeline/raw/research/gaps/ketujitu-wb-20190513220230.pdf,http://web.archive.org/web/20190513220230id_/https://www.env.go.jp/nature/choju/effort/effort12/ketujitu.pdf,2019-01-07,header 平成31年1月7日
大阪,Osaka,コナラ,konara,2014,H26,fruiting,－,－,no_data,,,2019-01-07,2,,,pdfplumber extract_tables,data-pipeline/raw/research/gaps/ketujitu-wb-20190513220230.pdf,http://web.archive.org/web/20190513220230id_/https://www.env.go.jp/nature/choju/effort/effort12/ketujitu.pdf,2019-01-07,header 平成31年1月7日
兵庫,Hyogo,ブナ,buna,2014,H26,fruiting,大凶作,大凶作,value,大凶作,exact,2019-01-07,2,,,pdfplumber extract_tables,data-pipeline/raw/research/gaps/ketujitu-wb-20190513220230.pdf,http://web.archive.org/web/20190513220230id_/https://www.env.go.jp/nature/choju/effort/effort12/ketujitu.pdf,2019-01-07,header 平成31年1月7日
兵庫,Hyogo,ミズナラ,mizunara,2014,H26,fruiting,並下,並下,value,並作,exact; 並上/並下 are 並作 sub-grades,2019-01-07,2,,,pdfplumber extract_tables,data-pipeline/raw/research/gaps/ketujitu-wb-20190513220230.pdf,http://web.archive.org/web/20190513220230id_/https://www.env.go.jp/nature/choju/effort/effort12/ketujitu.pdf,2019-01-07,header 平成31年1月7日
兵庫,Hyogo,コナラ,konara,2014,H26,fruiting,並下,並下,value,並作,exact; 並上/並下 are 並作 sub-grades,2019-01-07,2,,,pdfplumber extract_tables,data-pipeline/raw/research/gaps/ketujitu-wb-20190513220230.pdf,http://web.archive.org/web/20190513220230id_/https://www.env.go.jp/nature/choju/effort/effort12/ketujitu.pdf,2019-01-07,header 平成31年1月7日
奈良,Nara,ブナ,buna,2014,H26,fruiting,凶作,凶作,value,凶作,exact; 不作/やや凶作 counted as 凶作 (MoE rule),2019-01-07,2,,,pdfplumber extract_tables,data-pipeline/raw/research/gaps/ketujitu-wb-20190513220230.pdf,http://web.archive.org/web/20190513220230id_/https://www.env.go.jp/nature/choju/effort/effort12/ketujitu.pdf,2019-01-07,header 平成31年1月7日
奈良,Nara,ミズナラ,mizunara,2014,H26,fruiting,凶作,凶作,value,凶作,exact; 不作/やや凶作 counted as 凶作 (MoE rule),2019-01-07,2,,,pdfplumber extract_tables,data-pipeline/raw/research/gaps/ketujitu-wb-20190513220230.pdf,http://web.archive.org/web/20190513220230id_/https://www.env.go.jp/nature/choju/effort/effort12/ketujitu.pdf,2019-01-07,header 平成31年1月7日
奈良,Nara,コナラ,konara,2014,H26,fruiting,凶作～並下,凶作～並下,value,並作,MoE rule 凶作～並作/凶作～豊作/不作～並作→並作,2019-01-07,2,,,pdfplumber extract_tables,data-pipeline/raw/research/gaps/ketujitu-wb-20190513220230.pdf,http://web.archive.org/web/20190513220230id_/https://www.env.go.jp/nature/choju/effort/effort12/ketujitu.pdf,2019-01-07,header 平成31年1月7日
和歌山,Wakayama,ブナ,buna,2014,H26,fruiting,－,－,no_data,,,2019-01-07,2,,,pdfplumber extract_tables,data-pipeline/raw/research/gaps/ketujitu-wb-20190513220230.pdf,http://web.archive.org/web/20190513220230id_/https://www.env.go.jp/nature/choju/effort/effort12/ketujitu.pdf,2019-01-07,header 平成31年1月7日
和歌山,Wakayama,ミズナラ,mizunara,2014,H26,fruiting,－,－,no_data,,,2019-01-07,2,,,pdfplumber extract_tables,data-pipeline/raw/research/gaps/ketujitu-wb-20190513220230.pdf,http://web.archive.org/web/20190513220230id_/https://www.env.go.jp/nature/choju/effort/effort12/ketujitu.pdf,2019-01-07,header 平成31年1月7日
和歌山,Wakayama,コナラ,konara,2014,H26,fruiting,－,－,no_data,,,2019-01-07,2,,,pdfplumber extract_tables,data-pipeline/raw/research/gaps/ketujitu-wb-20190513220230.pdf,http://web.archive.org/web/20190513220230id_/https://www.env.go.jp/nature/choju/effort/effort12/ketujitu.pdf,2019-01-07,header 平成31年1月7日
鳥取,Tottori,ブナ,buna,2014,H26,fruiting,大凶作,大凶作,value,大凶作,exact,2019-01-07,2,,H29に判定基準を見直し （６区分）,pdfplumber extract_tables,data-pipeline/raw/research/gaps/ketujitu-wb-20190513220230.pdf,http://web.archive.org/web/20190513220230id_/https://www.env.go.jp/nature/choju/effort/effort12/ketujitu.pdf,2019-01-07,header 平成31年1月7日
鳥取,Tottori,ミズナラ,mizunara,2014,H26,fruiting,並上,並上,value,並作,exact; 並上/並下 are 並作 sub-grades,2019-01-07,2,2016-10-26=凶作,H29に判定基準を見直し （６区分）,pdfplumber extract_tables,data-pipeline/raw/research/gaps/ketujitu-wb-20190513220230.pdf,http://web.archive.org/web/20190513220230id_/https://www.env.go.jp/nature/choju/effort/effort12/ketujitu.pdf,2019-01-07,header 平成31年1月7日
鳥取,Tottori,コナラ,konara,2014,H26,fruiting,並上,並上,value,並作,exact; 並上/並下 are 並作 sub-grades,2019-01-07,2,2016-10-26=やや凶作,H29に判定基準を見直し （６区分）,pdfplumber extract_tables,data-pipeline/raw/research/gaps/ketujitu-wb-20190513220230.pdf,http://web.archive.org/web/20190513220230id_/https://www.env.go.jp/nature/choju/effort/effort12/ketujitu.pdf,2019-01-07,header 平成31年1月7日
島根,Shimane,ブナ,buna,2014,H26,fruiting,未公表,未公表,not_published,,,2019-01-07,2,,,pdfplumber extract_tables,data-pipeline/raw/research/gaps/ketujitu-wb-20190513220230.pdf,http://web.archive.org/web/20190513220230id_/https://www.env.go.jp/nature/choju/effort/effort12/ketujitu.pdf,2019-01-07,header 平成31年1月7日
島根,Shimane,ミズナラ,mizunara,2014,H26,fruiting,未公表,未公表,not_published,,,2019-01-07,2,,,pdfplumber extract_tables,data-pipeline/raw/research/gaps/ketujitu-wb-20190513220230.pdf,http://web.archive.org/web/20190513220230id_/https://www.env.go.jp/nature/choju/effort/effort12/ketujitu.pdf,2019-01-07,header 平成31年1月7日
島根,Shimane,コナラ,konara,2014,H26,fruiting,未公表,未公表,not_published,,,2019-01-07,2,,,pdfplumber extract_tables,data-pipeline/raw/research/gaps/ketujitu-wb-20190513220230.pdf,http://web.archive.org/web/20190513220230id_/https://www.env.go.jp/nature/choju/effort/effort12/ketujitu.pdf,2019-01-07,header 平成31年1月7日
岡山,Okayama,ブナ,buna,2014,H26,fruiting,凶作,凶作,value,凶作,exact; 不作/やや凶作 counted as 凶作 (MoE rule),2019-01-07,2,,,pdfplumber extract_tables,data-pipeline/raw/research/gaps/ketujitu-wb-20190513220230.pdf,http://web.archive.org/web/20190513220230id_/https://www.env.go.jp/nature/choju/effort/effort12/ketujitu.pdf,2019-01-07,header 平成31年1月7日
岡山,Okayama,ミズナラ,mizunara,2014,H26,fruiting,並作,並作,value,並作,exact; 並上/並下 are 並作 sub-grades,2019-01-07,2,,,pdfplumber extract_tables,data-pipeline/raw/research/gaps/ketujitu-wb-20190513220230.pdf,http://web.archive.org/web/20190513220230id_/https://www.env.go.jp/nature/choju/effort/effort12/ketujitu.pdf,2019-01-07,header 平成31年1月7日
岡山,Okayama,コナラ,konara,2014,H26,fruiting,豊作,豊作,value,豊作,exact; 大豊作 counted as 豊作,2019-01-07,2,,,pdfplumber extract_tables,data-pipeline/raw/research/gaps/ketujitu-wb-20190513220230.pdf,http://web.archive.org/web/20190513220230id_/https://www.env.go.jp/nature/choju/effort/effort12/ketujitu.pdf,2019-01-07,header 平成31年1月7日
広島,Hiroshima,ブナ,buna,2014,H26,fruiting,－,－,no_data,,,2019-01-07,2,,調査実施の有無はH27以前のﾃﾞｰﾀ。H28は不明。,pdfplumber extract_tables,data-pipeline/raw/research/gaps/ketujitu-wb-20190513220230.pdf,http://web.archive.org/web/20190513220230id_/https://www.env.go.jp/nature/choju/effort/effort12/ketujitu.pdf,2019-01-07,header 平成31年1月7日
広島,Hiroshima,ミズナラ,mizunara,2014,H26,fruiting,公表しない,公表しない,not_published,,,2019-01-07,2,,調査実施の有無はH27以前のﾃﾞｰﾀ。H28は不明。,pdfplumber extract_tables,data-pipeline/raw/research/gaps/ketujitu-wb-20190513220230.pdf,http://web.archive.org/web/20190513220230id_/https://www.env.go.jp/nature/choju/effort/effort12/ketujitu.pdf,2019-01-07,header 平成31年1月7日
広島,Hiroshima,コナラ,konara,2014,H26,fruiting,公表しない,公表しない,not_published,,,2019-01-07,2,,調査実施の有無はH27以前のﾃﾞｰﾀ。H28は不明。,pdfplumber extract_tables,data-pipeline/raw/research/gaps/ketujitu-wb-20190513220230.pdf,http://web.archive.org/web/20190513220230id_/https://www.env.go.jp/nature/choju/effort/effort12/ketujitu.pdf,2019-01-07,header 平成31年1月7日
山口,Yamaguchi,ブナ,buna,2014,H26,fruiting,公表しない,公表しない,not_published,,,2019-01-07,2,,指標未定,pdfplumber extract_tables,data-pipeline/raw/research/gaps/ketujitu-wb-20190513220230.pdf,http://web.archive.org/web/20190513220230id_/https://www.env.go.jp/nature/choju/effort/effort12/ketujitu.pdf,2019-01-07,header 平成31年1月7日
山口,Yamaguchi,ミズナラ,mizunara,2014,H26,fruiting,公表しない,公表しない,not_published,,,2019-01-07,2,,指標未定,pdfplumber extract_tables,data-pipeline/raw/research/gaps/ketujitu-wb-20190513220230.pdf,http://web.archive.org/web/20190513220230id_/https://www.env.go.jp/nature/choju/effort/effort12/ketujitu.pdf,2019-01-07,header 平成31年1月7日
山口,Yamaguchi,コナラ,konara,2014,H26,fruiting,公表しない,公表しない,not_published,,,2019-01-07,2,,指標未定,pdfplumber extract_tables,data-pipeline/raw/research/gaps/ketujitu-wb-20190513220230.pdf,http://web.archive.org/web/20190513220230id_/https://www.env.go.jp/nature/choju/effort/effort12/ketujitu.pdf,2019-01-07,header 平成31年1月7日
北海道,Hokkaido,ブナ,buna,2015,H27,fruiting,不作・凶作,不作・凶作,value,凶作,range within 凶作/不作 bucket,2019-01-07,2,,ブナは道南地方のみ分布,pdfplumber extract_tables,data-pipeline/raw/research/gaps/ketujitu-wb-20190513220230.pdf,http://web.archive.org/web/20190513220230id_/https://www.env.go.jp/nature/choju/effort/effort12/ketujitu.pdf,2019-01-07,header 平成31年1月7日
北海道,Hokkaido,ミズナラ,mizunara,2015,H27,fruiting,不作・凶作,不作・凶作,value,凶作,range within 凶作/不作 bucket,2019-01-07,2,,ブナは道南地方のみ分布,pdfplumber extract_tables,data-pipeline/raw/research/gaps/ketujitu-wb-20190513220230.pdf,http://web.archive.org/web/20190513220230id_/https://www.env.go.jp/nature/choju/effort/effort12/ketujitu.pdf,2019-01-07,header 平成31年1月7日
北海道,Hokkaido,コナラ,konara,2015,H27,fruiting,－,－,no_data,,,2019-01-07,2,,ブナは道南地方のみ分布,pdfplumber extract_tables,data-pipeline/raw/research/gaps/ketujitu-wb-20190513220230.pdf,http://web.archive.org/web/20190513220230id_/https://www.env.go.jp/nature/choju/effort/effort12/ketujitu.pdf,2019-01-07,header 平成31年1月7日
青森,Aomori,ブナ,buna,2015,H27,fruiting,－,－,no_data,,,2019-01-07,2,,東北森林管理局ブナ開花・結実調査青森県：H30並作,pdfplumber extract_tables,data-pipeline/raw/research/gaps/ketujitu-wb-20190513220230.pdf,http://web.archive.org/web/20190513220230id_/https://www.env.go.jp/nature/choju/effort/effort12/ketujitu.pdf,2019-01-07,header 平成31年1月7日
青森,Aomori,ミズナラ,mizunara,2015,H27,fruiting,－,－,no_data,,,2019-01-07,2,,東北森林管理局ブナ開花・結実調査青森県：H30並作,pdfplumber extract_tables,data-pipeline/raw/research/gaps/ketujitu-wb-20190513220230.pdf,http://web.archive.org/web/20190513220230id_/https://www.env.go.jp/nature/choju/effort/effort12/ketujitu.pdf,2019-01-07,header 平成31年1月7日
青森,Aomori,コナラ,konara,2015,H27,fruiting,－,－,no_data,,,2019-01-07,2,,東北森林管理局ブナ開花・結実調査青森県：H30並作,pdfplumber extract_tables,data-pipeline/raw/research/gaps/ketujitu-wb-20190513220230.pdf,http://web.archive.org/web/20190513220230id_/https://www.env.go.jp/nature/choju/effort/effort12/ketujitu.pdf,2019-01-07,header 平成31年1月7日
岩手,Iwate,ブナ,buna,2015,H27,fruiting,豊作,豊作,value,豊作,exact; 大豊作 counted as 豊作,2019-01-07,2,,,pdfplumber extract_tables,data-pipeline/raw/research/gaps/ketujitu-wb-20190513220230.pdf,http://web.archive.org/web/20190513220230id_/https://www.env.go.jp/nature/choju/effort/effort12/ketujitu.pdf,2019-01-07,header 平成31年1月7日
岩手,Iwate,ミズナラ,mizunara,2015,H27,fruiting,凶作～並作,凶作～並作,value,並作,MoE rule 凶作～並作/凶作～豊作/不作～並作→並作,2019-01-07,2,,,pdfplumber extract_tables,data-pipeline/raw/research/gaps/ketujitu-wb-20190513220230.pdf,http://web.archive.org/web/20190513220230id_/https://www.env.go.jp/nature/choju/effort/effort12/ketujitu.pdf,2019-01-07,header 平成31年1月7日
岩手,Iwate,コナラ,konara,2015,H27,fruiting,凶作～並作,凶作～並作,value,並作,MoE rule 凶作～並作/凶作～豊作/不作～並作→並作,2019-01-07,2,,,pdfplumber extract_tables,data-pipeline/raw/research/gaps/ketujitu-wb-20190513220230.pdf,http://web.archive.org/web/20190513220230id_/https://www.env.go.jp/nature/choju/effort/effort12/ketujitu.pdf,2019-01-07,header 平成31年1月7日
宮城,Miyagi,ブナ,buna,2015,H27,fruiting,豊作,豊作,value,豊作,exact; 大豊作 counted as 豊作,2019-01-07,2,,,pdfplumber extract_tables,data-pipeline/raw/research/gaps/ketujitu-wb-20190513220230.pdf,http://web.archive.org/web/20190513220230id_/https://www.env.go.jp/nature/choju/effort/effort12/ketujitu.pdf,2019-01-07,header 平成31年1月7日
宮城,Miyagi,ミズナラ,mizunara,2015,H27,fruiting,豊作,豊作,value,豊作,exact; 大豊作 counted as 豊作,2019-01-07,2,,,pdfplumber extract_tables,data-pipeline/raw/research/gaps/ketujitu-wb-20190513220230.pdf,http://web.archive.org/web/20190513220230id_/https://www.env.go.jp/nature/choju/effort/effort12/ketujitu.pdf,2019-01-07,header 平成31年1月7日
宮城,Miyagi,コナラ,konara,2015,H27,fruiting,－,－,no_data,,,2019-01-07,2,,,pdfplumber extract_tables,data-pipeline/raw/research/gaps/ketujitu-wb-20190513220230.pdf,http://web.archive.org/web/20190513220230id_/https://www.env.go.jp/nature/choju/effort/effort12/ketujitu.pdf,2019-01-07,header 平成31年1月7日
秋田,Akita,ブナ,buna,2015,H27,fruiting,豊作,豊作,value,豊作,exact; 大豊作 counted as 豊作,2019-01-07,2,,,pdfplumber extract_tables,data-pipeline/raw/research/gaps/ketujitu-wb-20190513220230.pdf,http://web.archive.org/web/20190513220230id_/https://www.env.go.jp/nature/choju/effort/effort12/ketujitu.pdf,2019-01-07,header 平成31年1月7日
秋田,Akita,ミズナラ,mizunara,2015,H27,fruiting,凶作,凶作,value,凶作,exact; 不作/やや凶作 counted as 凶作 (MoE rule),2019-01-07,2,,,pdfplumber extract_tables,data-pipeline/raw/research/gaps/ketujitu-wb-20190513220230.pdf,http://web.archive.org/web/20190513220230id_/https://www.env.go.jp/nature/choju/effort/effort12/ketujitu.pdf,2019-01-07,header 平成31年1月7日
秋田,Akita,コナラ,konara,2015,H27,fruiting,並作,並作,value,並作,exact; 並上/並下 are 並作 sub-grades,2019-01-07,2,,,pdfplumber extract_tables,data-pipeline/raw/research/gaps/ketujitu-wb-20190513220230.pdf,http://web.archive.org/web/20190513220230id_/https://www.env.go.jp/nature/choju/effort/effort12/ketujitu.pdf,2019-01-07,header 平成31年1月7日
山形,Yamagata,ブナ,buna,2015,H27,fruiting,豊作,豊作,value,豊作,exact; 大豊作 counted as 豊作,2019-01-07,2,,,pdfplumber extract_tables,data-pipeline/raw/research/gaps/ketujitu-wb-20190513220230.pdf,http://web.archive.org/web/20190513220230id_/https://www.env.go.jp/nature/choju/effort/effort12/ketujitu.pdf,2019-01-07,header 平成31年1月7日
山形,Yamagata,ミズナラ,mizunara,2015,H27,fruiting,並作～豊作,並作～豊作,value,豊作,MoE rule 並作～豊作→豊作,2019-01-07,2,,,pdfplumber extract_tables,data-pipeline/raw/research/gaps/ketujitu-wb-20190513220230.pdf,http://web.archive.org/web/20190513220230id_/https://www.env.go.jp/nature/choju/effort/effort12/ketujitu.pdf,2019-01-07,header 平成31年1月7日
山形,Yamagata,コナラ,konara,2015,H27,fruiting,並作～豊作,並作～豊作,value,豊作,MoE rule 並作～豊作→豊作,2019-01-07,2,,,pdfplumber extract_tables,data-pipeline/raw/research/gaps/ketujitu-wb-20190513220230.pdf,http://web.archive.org/web/20190513220230id_/https://www.env.go.jp/nature/choju/effort/effort12/ketujitu.pdf,2019-01-07,header 平成31年1月7日
福島,Fukushima,ブナ,buna,2015,H27,fruiting,豊～大豊作,豊～大豊作,value,豊作,exact; 大豊作 counted as 豊作,2019-01-07,2,,,pdfplumber extract_tables,data-pipeline/raw/research/gaps/ketujitu-wb-20190513220230.pdf,http://web.archive.org/web/20190513220230id_/https://www.env.go.jp/nature/choju/effort/effort12/ketujitu.pdf,2019-01-07,header 平成31年1月7日
福島,Fukushima,ミズナラ,mizunara,2015,H27,fruiting,大凶～豊作,大凶～豊作,value,並作,range spanning buckets→並作 (by analogy with MoE rule),2019-01-07,2,,,pdfplumber extract_tables,data-pipeline/raw/research/gaps/ketujitu-wb-20190513220230.pdf,http://web.archive.org/web/20190513220230id_/https://www.env.go.jp/nature/choju/effort/effort12/ketujitu.pdf,2019-01-07,header 平成31年1月7日
福島,Fukushima,コナラ,konara,2015,H27,fruiting,大凶～豊作,大凶～豊作,value,並作,range spanning buckets→並作 (by analogy with MoE rule),2019-01-07,2,,,pdfplumber extract_tables,data-pipeline/raw/research/gaps/ketujitu-wb-20190513220230.pdf,http://web.archive.org/web/20190513220230id_/https://www.env.go.jp/nature/choju/effort/effort12/ketujitu.pdf,2019-01-07,header 平成31年1月7日
栃木,Tochigi,ブナ,buna,2015,H27,fruiting,豊作,豊作,value,豊作,exact; 大豊作 counted as 豊作,2019-01-07,2,,,pdfplumber extract_tables,data-pipeline/raw/research/gaps/ketujitu-wb-20190513220230.pdf,http://web.archive.org/web/20190513220230id_/https://www.env.go.jp/nature/choju/effort/effort12/ketujitu.pdf,2019-01-07,header 平成31年1月7日
栃木,Tochigi,ミズナラ,mizunara,2015,H27,fruiting,凶作～豊作,凶作～豊作,value,並作,MoE rule 凶作～並作/凶作～豊作/不作～並作→並作,2019-01-07,2,,,pdfplumber extract_tables,data-pipeline/raw/research/gaps/ketujitu-wb-20190513220230.pdf,http://web.archive.org/web/20190513220230id_/https://www.env.go.jp/nature/choju/effort/effort12/ketujitu.pdf,2019-01-07,header 平成31年1月7日
栃木,Tochigi,コナラ,konara,2015,H27,fruiting,並作,並作,value,並作,exact; 並上/並下 are 並作 sub-grades,2019-01-07,2,,,pdfplumber extract_tables,data-pipeline/raw/research/gaps/ketujitu-wb-20190513220230.pdf,http://web.archive.org/web/20190513220230id_/https://www.env.go.jp/nature/choju/effort/effort12/ketujitu.pdf,2019-01-07,header 平成31年1月7日
群馬,Gunma,ブナ,buna,2015,H27,fruiting,並作,並作,value,並作,exact; 並上/並下 are 並作 sub-grades,2019-01-07,2,,,pdfplumber extract_tables,data-pipeline/raw/research/gaps/ketujitu-wb-20190513220230.pdf,http://web.archive.org/web/20190513220230id_/https://www.env.go.jp/nature/choju/effort/effort12/ketujitu.pdf,2019-01-07,header 平成31年1月7日
群馬,Gunma,ミズナラ,mizunara,2015,H27,fruiting,並作,並作,value,並作,exact; 並上/並下 are 並作 sub-grades,2019-01-07,2,,,pdfplumber extract_tables,data-pipeline/raw/research/gaps/ketujitu-wb-20190513220230.pdf,http://web.archive.org/web/20190513220230id_/https://www.env.go.jp/nature/choju/effort/effort12/ketujitu.pdf,2019-01-07,header 平成31年1月7日
群馬,Gunma,コナラ,konara,2015,H27,fruiting,並作,並作,value,並作,exact; 並上/並下 are 並作 sub-grades,2019-01-07,2,,,pdfplumber extract_tables,data-pipeline/raw/research/gaps/ketujitu-wb-20190513220230.pdf,http://web.archive.org/web/20190513220230id_/https://www.env.go.jp/nature/choju/effort/effort12/ketujitu.pdf,2019-01-07,header 平成31年1月7日
埼玉,Saitama,ブナ,buna,2015,H27,fruiting,－,－,no_data,,,2019-01-07,2,,,pdfplumber extract_tables,data-pipeline/raw/research/gaps/ketujitu-wb-20190513220230.pdf,http://web.archive.org/web/20190513220230id_/https://www.env.go.jp/nature/choju/effort/effort12/ketujitu.pdf,2019-01-07,header 平成31年1月7日
埼玉,Saitama,ミズナラ,mizunara,2015,H27,fruiting,－,－,no_data,,,2019-01-07,2,,,pdfplumber extract_tables,data-pipeline/raw/research/gaps/ketujitu-wb-20190513220230.pdf,http://web.archive.org/web/20190513220230id_/https://www.env.go.jp/nature/choju/effort/effort12/ketujitu.pdf,2019-01-07,header 平成31年1月7日
埼玉,Saitama,コナラ,konara,2015,H27,fruiting,－,－,no_data,,,2019-01-07,2,,,pdfplumber extract_tables,data-pipeline/raw/research/gaps/ketujitu-wb-20190513220230.pdf,http://web.archive.org/web/20190513220230id_/https://www.env.go.jp/nature/choju/effort/effort12/ketujitu.pdf,2019-01-07,header 平成31年1月7日
東京,Tokyo,ブナ,buna,2015,H27,fruiting,凶作,凶作,value,凶作,exact; 不作/やや凶作 counted as 凶作 (MoE rule),2019-01-07,2,,,pdfplumber extract_tables,data-pipeline/raw/research/gaps/ketujitu-wb-20190513220230.pdf,http://web.archive.org/web/20190513220230id_/https://www.env.go.jp/nature/choju/effort/effort12/ketujitu.pdf,2019-01-07,header 平成31年1月7日
東京,Tokyo,ミズナラ,mizunara,2015,H27,fruiting,並作～豊作,並作～豊作,value,豊作,MoE rule 並作～豊作→豊作,2019-01-07,2,,,pdfplumber extract_tables,data-pipeline/raw/research/gaps/ketujitu-wb-20190513220230.pdf,http://web.archive.org/web/20190513220230id_/https://www.env.go.jp/nature/choju/effort/effort12/ketujitu.pdf,2019-01-07,header 平成31年1月7日
東京,Tokyo,コナラ,konara,2015,H27,fruiting,並作,並作,value,並作,exact; 並上/並下 are 並作 sub-grades,2019-01-07,2,,,pdfplumber extract_tables,data-pipeline/raw/research/gaps/ketujitu-wb-20190513220230.pdf,http://web.archive.org/web/20190513220230id_/https://www.env.go.jp/nature/choju/effort/effort12/ketujitu.pdf,2019-01-07,header 平成31年1月7日
神奈川,Kanagawa,ブナ,buna,2015,H27,fruiting,並作,並作,value,並作,exact; 並上/並下 are 並作 sub-grades,2019-01-07,2,,,pdfplumber extract_tables,data-pipeline/raw/research/gaps/ketujitu-wb-20190513220230.pdf,http://web.archive.org/web/20190513220230id_/https://www.env.go.jp/nature/choju/effort/effort12/ketujitu.pdf,2019-01-07,header 平成31年1月7日
神奈川,Kanagawa,ミズナラ,mizunara,2015,H27,fruiting,豊作,豊作,value,豊作,exact; 大豊作 counted as 豊作,2019-01-07,2,2016-10-26=－,,pdfplumber extract_tables,data-pipeline/raw/research/gaps/ketujitu-wb-20190513220230.pdf,http://web.archive.org/web/20190513220230id_/https://www.env.go.jp/nature/choju/effort/effort12/ketujitu.pdf,2019-01-07,header 平成31年1月7日
神奈川,Kanagawa,コナラ,konara,2015,H27,fruiting,並作,並作,value,並作,exact; 並上/並下 are 並作 sub-grades,2019-01-07,2,2016-10-26=－,,pdfplumber extract_tables,data-pipeline/raw/research/gaps/ketujitu-wb-20190513220230.pdf,http://web.archive.org/web/20190513220230id_/https://www.env.go.jp/nature/choju/effort/effort12/ketujitu.pdf,2019-01-07,header 平成31年1月7日
新潟,Niigata,ブナ,buna,2015,H27,fruiting,並作～豊作,並作～豊作,value,豊作,MoE rule 並作～豊作→豊作,2019-01-07,2,,,pdfplumber extract_tables,data-pipeline/raw/research/gaps/ketujitu-wb-20190513220230.pdf,http://web.archive.org/web/20190513220230id_/https://www.env.go.jp/nature/choju/effort/effort12/ketujitu.pdf,2019-01-07,header 平成31年1月7日
新潟,Niigata,ミズナラ,mizunara,2015,H27,fruiting,不作～並作,不作～並作,value,並作,MoE rule 凶作～並作/凶作～豊作/不作～並作→並作,2019-01-07,2,,,pdfplumber extract_tables,data-pipeline/raw/research/gaps/ketujitu-wb-20190513220230.pdf,http://web.archive.org/web/20190513220230id_/https://www.env.go.jp/nature/choju/effort/effort12/ketujitu.pdf,2019-01-07,header 平成31年1月7日
新潟,Niigata,コナラ,konara,2015,H27,fruiting,不作～並作,不作～並作,value,並作,MoE rule 凶作～並作/凶作～豊作/不作～並作→並作,2019-01-07,2,,,pdfplumber extract_tables,data-pipeline/raw/research/gaps/ketujitu-wb-20190513220230.pdf,http://web.archive.org/web/20190513220230id_/https://www.env.go.jp/nature/choju/effort/effort12/ketujitu.pdf,2019-01-07,header 平成31年1月7日
富山,Toyama,ブナ,buna,2015,H27,fruiting,並作,並作,value,並作,exact; 並上/並下 are 並作 sub-grades,2019-01-07,2,,,pdfplumber extract_tables,data-pipeline/raw/research/gaps/ketujitu-wb-20190513220230.pdf,http://web.archive.org/web/20190513220230id_/https://www.env.go.jp/nature/choju/effort/effort12/ketujitu.pdf,2019-01-07,header 平成31年1月7日
富山,Toyama,ミズナラ,mizunara,2015,H27,fruiting,並作,並作,value,並作,exact; 並上/並下 are 並作 sub-grades,2019-01-07,2,,,pdfplumber extract_tables,data-pipeline/raw/research/gaps/ketujitu-wb-20190513220230.pdf,http://web.archive.org/web/20190513220230id_/https://www.env.go.jp/nature/choju/effort/effort12/ketujitu.pdf,2019-01-07,header 平成31年1月7日
富山,Toyama,コナラ,konara,2015,H27,fruiting,不作,不作,value,凶作,exact; 不作/やや凶作 counted as 凶作 (MoE rule),2019-01-07,2,,,pdfplumber extract_tables,data-pipeline/raw/research/gaps/ketujitu-wb-20190513220230.pdf,http://web.archive.org/web/20190513220230id_/https://www.env.go.jp/nature/choju/effort/effort12/ketujitu.pdf,2019-01-07,header 平成31年1月7日
石川,Ishikawa,ブナ,buna,2015,H27,fruiting,豊作,豊作,value,豊作,exact; 大豊作 counted as 豊作,2019-01-07,2,,,pdfplumber extract_tables,data-pipeline/raw/research/gaps/ketujitu-wb-20190513220230.pdf,http://web.archive.org/web/20190513220230id_/https://www.env.go.jp/nature/choju/effort/effort12/ketujitu.pdf,2019-01-07,header 平成31年1月7日
石川,Ishikawa,ミズナラ,mizunara,2015,H27,fruiting,並作,並作,value,並作,exact; 並上/並下 are 並作 sub-grades,2019-01-07,2,,,pdfplumber extract_tables,data-pipeline/raw/research/gaps/ketujitu-wb-20190513220230.pdf,http://web.archive.org/web/20190513220230id_/https://www.env.go.jp/nature/choju/effort/effort12/ketujitu.pdf,2019-01-07,header 平成31年1月7日
石川,Ishikawa,コナラ,konara,2015,H27,fruiting,並作,並作,value,並作,exact; 並上/並下 are 並作 sub-grades,2019-01-07,2,,,pdfplumber extract_tables,data-pipeline/raw/research/gaps/ketujitu-wb-20190513220230.pdf,http://web.archive.org/web/20190513220230id_/https://www.env.go.jp/nature/choju/effort/effort12/ketujitu.pdf,2019-01-07,header 平成31年1月7日
福井,Fukui,ブナ,buna,2015,H27,fruiting,並作,並作,value,並作,exact; 並上/並下 are 並作 sub-grades,2019-01-07,2,,,pdfplumber extract_tables,data-pipeline/raw/research/gaps/ketujitu-wb-20190513220230.pdf,http://web.archive.org/web/20190513220230id_/https://www.env.go.jp/nature/choju/effort/effort12/ketujitu.pdf,2019-01-07,header 平成31年1月7日
福井,Fukui,ミズナラ,mizunara,2015,H27,fruiting,並作,並作,value,並作,exact; 並上/並下 are 並作 sub-grades,2019-01-07,2,,,pdfplumber extract_tables,data-pipeline/raw/research/gaps/ketujitu-wb-20190513220230.pdf,http://web.archive.org/web/20190513220230id_/https://www.env.go.jp/nature/choju/effort/effort12/ketujitu.pdf,2019-01-07,header 平成31年1月7日
福井,Fukui,コナラ,konara,2015,H27,fruiting,並作,並作,value,並作,exact; 並上/並下 are 並作 sub-grades,2019-01-07,2,,,pdfplumber extract_tables,data-pipeline/raw/research/gaps/ketujitu-wb-20190513220230.pdf,http://web.archive.org/web/20190513220230id_/https://www.env.go.jp/nature/choju/effort/effort12/ketujitu.pdf,2019-01-07,header 平成31年1月7日
山梨,Yamanashi,ブナ,buna,2015,H27,fruiting,不明,不明,not_published,,,2019-01-07,2,,,pdfplumber extract_tables,data-pipeline/raw/research/gaps/ketujitu-wb-20190513220230.pdf,http://web.archive.org/web/20190513220230id_/https://www.env.go.jp/nature/choju/effort/effort12/ketujitu.pdf,2019-01-07,header 平成31年1月7日
山梨,Yamanashi,ミズナラ,mizunara,2015,H27,fruiting,豊作,豊作,value,豊作,exact; 大豊作 counted as 豊作,2019-01-07,2,,,pdfplumber extract_tables,data-pipeline/raw/research/gaps/ketujitu-wb-20190513220230.pdf,http://web.archive.org/web/20190513220230id_/https://www.env.go.jp/nature/choju/effort/effort12/ketujitu.pdf,2019-01-07,header 平成31年1月7日
山梨,Yamanashi,コナラ,konara,2015,H27,fruiting,豊作,豊作,value,豊作,exact; 大豊作 counted as 豊作,2019-01-07,2,,,pdfplumber extract_tables,data-pipeline/raw/research/gaps/ketujitu-wb-20190513220230.pdf,http://web.archive.org/web/20190513220230id_/https://www.env.go.jp/nature/choju/effort/effort12/ketujitu.pdf,2019-01-07,header 平成31年1月7日
長野,Nagano,ブナ,buna,2015,H27,fruiting,並作～豊作,並作～豊作,value,豊作,MoE rule 並作～豊作→豊作,2019-01-07,2,,,pdfplumber extract_tables,data-pipeline/raw/research/gaps/ketujitu-wb-20190513220230.pdf,http://web.archive.org/web/20190513220230id_/https://www.env.go.jp/nature/choju/effort/effort12/ketujitu.pdf,2019-01-07,header 平成31年1月7日
長野,Nagano,ミズナラ,mizunara,2015,H27,fruiting,並下～並上,並下～並上,value,並作,range within 並作 bucket,2019-01-07,2,,,pdfplumber extract_tables,data-pipeline/raw/research/gaps/ketujitu-wb-20190513220230.pdf,http://web.archive.org/web/20190513220230id_/https://www.env.go.jp/nature/choju/effort/effort12/ketujitu.pdf,2019-01-07,header 平成31年1月7日
長野,Nagano,コナラ,konara,2015,H27,fruiting,並下～並上,並下～並上,value,並作,range within 並作 bucket,2019-01-07,2,,,pdfplumber extract_tables,data-pipeline/raw/research/gaps/ketujitu-wb-20190513220230.pdf,http://web.archive.org/web/20190513220230id_/https://www.env.go.jp/nature/choju/effort/effort12/ketujitu.pdf,2019-01-07,header 平成31年1月7日
岐阜,Gifu,ブナ,buna,2015,H27,fruiting,並作,並作,value,並作,exact; 並上/並下 are 並作 sub-grades,2019-01-07,2,,,pdfplumber extract_tables,data-pipeline/raw/research/gaps/ketujitu-wb-20190513220230.pdf,http://web.archive.org/web/20190513220230id_/https://www.env.go.jp/nature/choju/effort/effort12/ketujitu.pdf,2019-01-07,header 平成31年1月7日
岐阜,Gifu,ミズナラ,mizunara,2015,H27,fruiting,凶作,凶作,value,凶作,exact; 不作/やや凶作 counted as 凶作 (MoE rule),2019-01-07,2,,,pdfplumber extract_tables,data-pipeline/raw/research/gaps/ketujitu-wb-20190513220230.pdf,http://web.archive.org/web/20190513220230id_/https://www.env.go.jp/nature/choju/effort/effort12/ketujitu.pdf,2019-01-07,header 平成31年1月7日
岐阜,Gifu,コナラ,konara,2015,H27,fruiting,並作,並作,value,並作,exact; 並上/並下 are 並作 sub-grades,2019-01-07,2,,,pdfplumber extract_tables,data-pipeline/raw/research/gaps/ketujitu-wb-20190513220230.pdf,http://web.archive.org/web/20190513220230id_/https://www.env.go.jp/nature/choju/effort/effort12/ketujitu.pdf,2019-01-07,header 平成31年1月7日
静岡,Shizuoka,ブナ,buna,2015,H27,fruiting,－,－,no_data,,,2019-01-07,2,,,pdfplumber extract_tables,data-pipeline/raw/research/gaps/ketujitu-wb-20190513220230.pdf,http://web.archive.org/web/20190513220230id_/https://www.env.go.jp/nature/choju/effort/effort12/ketujitu.pdf,2019-01-07,header 平成31年1月7日
静岡,Shizuoka,ミズナラ,mizunara,2015,H27,fruiting,－,－,no_data,,,2019-01-07,2,,,pdfplumber extract_tables,data-pipeline/raw/research/gaps/ketujitu-wb-20190513220230.pdf,http://web.archive.org/web/20190513220230id_/https://www.env.go.jp/nature/choju/effort/effort12/ketujitu.pdf,2019-01-07,header 平成31年1月7日
静岡,Shizuoka,コナラ,konara,2015,H27,fruiting,－,－,no_data,,,2019-01-07,2,,,pdfplumber extract_tables,data-pipeline/raw/research/gaps/ketujitu-wb-20190513220230.pdf,http://web.archive.org/web/20190513220230id_/https://www.env.go.jp/nature/choju/effort/effort12/ketujitu.pdf,2019-01-07,header 平成31年1月7日
愛知,Aichi,ブナ,buna,2015,H27,fruiting,－,－,no_data,,,2019-01-07,2,,,pdfplumber extract_tables,data-pipeline/raw/research/gaps/ketujitu-wb-20190513220230.pdf,http://web.archive.org/web/20190513220230id_/https://www.env.go.jp/nature/choju/effort/effort12/ketujitu.pdf,2019-01-07,header 平成31年1月7日
愛知,Aichi,ミズナラ,mizunara,2015,H27,fruiting,豊作,豊作,value,豊作,exact; 大豊作 counted as 豊作,2019-01-07,2,,,pdfplumber extract_tables,data-pipeline/raw/research/gaps/ketujitu-wb-20190513220230.pdf,http://web.archive.org/web/20190513220230id_/https://www.env.go.jp/nature/choju/effort/effort12/ketujitu.pdf,2019-01-07,header 平成31年1月7日
愛知,Aichi,コナラ,konara,2015,H27,fruiting,凶作,凶作,value,凶作,exact; 不作/やや凶作 counted as 凶作 (MoE rule),2019-01-07,2,,,pdfplumber extract_tables,data-pipeline/raw/research/gaps/ketujitu-wb-20190513220230.pdf,http://web.archive.org/web/20190513220230id_/https://www.env.go.jp/nature/choju/effort/effort12/ketujitu.pdf,2019-01-07,header 平成31年1月7日
三重,Mie,ブナ,buna,2015,H27,fruiting,－,－,no_data,,,2019-01-07,2,,,pdfplumber extract_tables,data-pipeline/raw/research/gaps/ketujitu-wb-20190513220230.pdf,http://web.archive.org/web/20190513220230id_/https://www.env.go.jp/nature/choju/effort/effort12/ketujitu.pdf,2019-01-07,header 平成31年1月7日
三重,Mie,ミズナラ,mizunara,2015,H27,fruiting,－,－,no_data,,,2019-01-07,2,,,pdfplumber extract_tables,data-pipeline/raw/research/gaps/ketujitu-wb-20190513220230.pdf,http://web.archive.org/web/20190513220230id_/https://www.env.go.jp/nature/choju/effort/effort12/ketujitu.pdf,2019-01-07,header 平成31年1月7日
三重,Mie,コナラ,konara,2015,H27,fruiting,－,－,no_data,,,2019-01-07,2,,,pdfplumber extract_tables,data-pipeline/raw/research/gaps/ketujitu-wb-20190513220230.pdf,http://web.archive.org/web/20190513220230id_/https://www.env.go.jp/nature/choju/effort/effort12/ketujitu.pdf,2019-01-07,header 平成31年1月7日
滋賀,Shiga,ブナ,buna,2015,H27,fruiting,凶作,凶作,value,凶作,exact; 不作/やや凶作 counted as 凶作 (MoE rule),2019-01-07,2,,,pdfplumber extract_tables,data-pipeline/raw/research/gaps/ketujitu-wb-20190513220230.pdf,http://web.archive.org/web/20190513220230id_/https://www.env.go.jp/nature/choju/effort/effort12/ketujitu.pdf,2019-01-07,header 平成31年1月7日
滋賀,Shiga,ミズナラ,mizunara,2015,H27,fruiting,並作,並作,value,並作,exact; 並上/並下 are 並作 sub-grades,2019-01-07,2,,,pdfplumber extract_tables,data-pipeline/raw/research/gaps/ketujitu-wb-20190513220230.pdf,http://web.archive.org/web/20190513220230id_/https://www.env.go.jp/nature/choju/effort/effort12/ketujitu.pdf,2019-01-07,header 平成31年1月7日
滋賀,Shiga,コナラ,konara,2015,H27,fruiting,凶作,凶作,value,凶作,exact; 不作/やや凶作 counted as 凶作 (MoE rule),2019-01-07,2,,,pdfplumber extract_tables,data-pipeline/raw/research/gaps/ketujitu-wb-20190513220230.pdf,http://web.archive.org/web/20190513220230id_/https://www.env.go.jp/nature/choju/effort/effort12/ketujitu.pdf,2019-01-07,header 平成31年1月7日
京都,Kyoto,ブナ,buna,2015,H27,fruiting,並作,並作,value,並作,exact; 並上/並下 are 並作 sub-grades,2019-01-07,2,,,pdfplumber extract_tables,data-pipeline/raw/research/gaps/ketujitu-wb-20190513220230.pdf,http://web.archive.org/web/20190513220230id_/https://www.env.go.jp/nature/choju/effort/effort12/ketujitu.pdf,2019-01-07,header 平成31年1月7日
京都,Kyoto,ミズナラ,mizunara,2015,H27,fruiting,並作,並作,value,並作,exact; 並上/並下 are 並作 sub-grades,2019-01-07,2,,,pdfplumber extract_tables,data-pipeline/raw/research/gaps/ketujitu-wb-20190513220230.pdf,http://web.archive.org/web/20190513220230id_/https://www.env.go.jp/nature/choju/effort/effort12/ketujitu.pdf,2019-01-07,header 平成31年1月7日
京都,Kyoto,コナラ,konara,2015,H27,fruiting,並作,並作,value,並作,exact; 並上/並下 are 並作 sub-grades,2019-01-07,2,,,pdfplumber extract_tables,data-pipeline/raw/research/gaps/ketujitu-wb-20190513220230.pdf,http://web.archive.org/web/20190513220230id_/https://www.env.go.jp/nature/choju/effort/effort12/ketujitu.pdf,2019-01-07,header 平成31年1月7日
大阪,Osaka,ブナ,buna,2015,H27,fruiting,－,－,no_data,,,2019-01-07,2,,,pdfplumber extract_tables,data-pipeline/raw/research/gaps/ketujitu-wb-20190513220230.pdf,http://web.archive.org/web/20190513220230id_/https://www.env.go.jp/nature/choju/effort/effort12/ketujitu.pdf,2019-01-07,header 平成31年1月7日
大阪,Osaka,ミズナラ,mizunara,2015,H27,fruiting,－,－,no_data,,,2019-01-07,2,,,pdfplumber extract_tables,data-pipeline/raw/research/gaps/ketujitu-wb-20190513220230.pdf,http://web.archive.org/web/20190513220230id_/https://www.env.go.jp/nature/choju/effort/effort12/ketujitu.pdf,2019-01-07,header 平成31年1月7日
大阪,Osaka,コナラ,konara,2015,H27,fruiting,－,－,no_data,,,2019-01-07,2,,,pdfplumber extract_tables,data-pipeline/raw/research/gaps/ketujitu-wb-20190513220230.pdf,http://web.archive.org/web/20190513220230id_/https://www.env.go.jp/nature/choju/effort/effort12/ketujitu.pdf,2019-01-07,header 平成31年1月7日
兵庫,Hyogo,ブナ,buna,2015,H27,fruiting,並作,並作,value,並作,exact; 並上/並下 are 並作 sub-grades,2019-01-07,2,,,pdfplumber extract_tables,data-pipeline/raw/research/gaps/ketujitu-wb-20190513220230.pdf,http://web.archive.org/web/20190513220230id_/https://www.env.go.jp/nature/choju/effort/effort12/ketujitu.pdf,2019-01-07,header 平成31年1月7日
兵庫,Hyogo,ミズナラ,mizunara,2015,H27,fruiting,豊作,豊作,value,豊作,exact; 大豊作 counted as 豊作,2019-01-07,2,,,pdfplumber extract_tables,data-pipeline/raw/research/gaps/ketujitu-wb-20190513220230.pdf,http://web.archive.org/web/20190513220230id_/https://www.env.go.jp/nature/choju/effort/effort12/ketujitu.pdf,2019-01-07,header 平成31年1月7日
兵庫,Hyogo,コナラ,konara,2015,H27,fruiting,並作,並作,value,並作,exact; 並上/並下 are 並作 sub-grades,2019-01-07,2,,,pdfplumber extract_tables,data-pipeline/raw/research/gaps/ketujitu-wb-20190513220230.pdf,http://web.archive.org/web/20190513220230id_/https://www.env.go.jp/nature/choju/effort/effort12/ketujitu.pdf,2019-01-07,header 平成31年1月7日
奈良,Nara,ブナ,buna,2015,H27,fruiting,並上,並上,value,並作,exact; 並上/並下 are 並作 sub-grades,2019-01-07,2,,,pdfplumber extract_tables,data-pipeline/raw/research/gaps/ketujitu-wb-20190513220230.pdf,http://web.archive.org/web/20190513220230id_/https://www.env.go.jp/nature/choju/effort/effort12/ketujitu.pdf,2019-01-07,header 平成31年1月7日
奈良,Nara,ミズナラ,mizunara,2015,H27,fruiting,並上,並上,value,並作,exact; 並上/並下 are 並作 sub-grades,2019-01-07,2,,,pdfplumber extract_tables,data-pipeline/raw/research/gaps/ketujitu-wb-20190513220230.pdf,http://web.archive.org/web/20190513220230id_/https://www.env.go.jp/nature/choju/effort/effort12/ketujitu.pdf,2019-01-07,header 平成31年1月7日
奈良,Nara,コナラ,konara,2015,H27,fruiting,並下～並上,並下～並上,value,並作,range within 並作 bucket,2019-01-07,2,,,pdfplumber extract_tables,data-pipeline/raw/research/gaps/ketujitu-wb-20190513220230.pdf,http://web.archive.org/web/20190513220230id_/https://www.env.go.jp/nature/choju/effort/effort12/ketujitu.pdf,2019-01-07,header 平成31年1月7日
和歌山,Wakayama,ブナ,buna,2015,H27,fruiting,－,－,no_data,,,2019-01-07,2,,,pdfplumber extract_tables,data-pipeline/raw/research/gaps/ketujitu-wb-20190513220230.pdf,http://web.archive.org/web/20190513220230id_/https://www.env.go.jp/nature/choju/effort/effort12/ketujitu.pdf,2019-01-07,header 平成31年1月7日
和歌山,Wakayama,ミズナラ,mizunara,2015,H27,fruiting,－,－,no_data,,,2019-01-07,2,,,pdfplumber extract_tables,data-pipeline/raw/research/gaps/ketujitu-wb-20190513220230.pdf,http://web.archive.org/web/20190513220230id_/https://www.env.go.jp/nature/choju/effort/effort12/ketujitu.pdf,2019-01-07,header 平成31年1月7日
和歌山,Wakayama,コナラ,konara,2015,H27,fruiting,－,－,no_data,,,2019-01-07,2,,,pdfplumber extract_tables,data-pipeline/raw/research/gaps/ketujitu-wb-20190513220230.pdf,http://web.archive.org/web/20190513220230id_/https://www.env.go.jp/nature/choju/effort/effort12/ketujitu.pdf,2019-01-07,header 平成31年1月7日
鳥取,Tottori,ブナ,buna,2015,H27,fruiting,並上,並上,value,並作,exact; 並上/並下 are 並作 sub-grades,2019-01-07,2,2016-10-26=凶作,H29に判定基準を見直し （６区分）,pdfplumber extract_tables,data-pipeline/raw/research/gaps/ketujitu-wb-20190513220230.pdf,http://web.archive.org/web/20190513220230id_/https://www.env.go.jp/nature/choju/effort/effort12/ketujitu.pdf,2019-01-07,header 平成31年1月7日
鳥取,Tottori,ミズナラ,mizunara,2015,H27,fruiting,並上,並上,value,並作,exact; 並上/並下 are 並作 sub-grades,2019-01-07,2,2016-10-26=やや凶作,H29に判定基準を見直し （６区分）,pdfplumber extract_tables,data-pipeline/raw/research/gaps/ketujitu-wb-20190513220230.pdf,http://web.archive.org/web/20190513220230id_/https://www.env.go.jp/nature/choju/effort/effort12/ketujitu.pdf,2019-01-07,header 平成31年1月7日
鳥取,Tottori,コナラ,konara,2015,H27,fruiting,並上,並上,value,並作,exact; 並上/並下 are 並作 sub-grades,2019-01-07,2,2016-10-26=やや凶作,H29に判定基準を見直し （６区分）,pdfplumber extract_tables,data-pipeline/raw/research/gaps/ketujitu-wb-20190513220230.pdf,http://web.archive.org/web/20190513220230id_/https://www.env.go.jp/nature/choju/effort/effort12/ketujitu.pdf,2019-01-07,header 平成31年1月7日
島根,Shimane,ブナ,buna,2015,H27,fruiting,公表しない,公表しない,not_published,,,2019-01-07,2,,,pdfplumber extract_tables,data-pipeline/raw/research/gaps/ketujitu-wb-20190513220230.pdf,http://web.archive.org/web/20190513220230id_/https://www.env.go.jp/nature/choju/effort/effort12/ketujitu.pdf,2019-01-07,header 平成31年1月7日
島根,Shimane,ミズナラ,mizunara,2015,H27,fruiting,公表しない,公表しない,not_published,,,2019-01-07,2,,,pdfplumber extract_tables,data-pipeline/raw/research/gaps/ketujitu-wb-20190513220230.pdf,http://web.archive.org/web/20190513220230id_/https://www.env.go.jp/nature/choju/effort/effort12/ketujitu.pdf,2019-01-07,header 平成31年1月7日
島根,Shimane,コナラ,konara,2015,H27,fruiting,公表しない,公表しない,not_published,,,2019-01-07,2,,,pdfplumber extract_tables,data-pipeline/raw/research/gaps/ketujitu-wb-20190513220230.pdf,http://web.archive.org/web/20190513220230id_/https://www.env.go.jp/nature/choju/effort/effort12/ketujitu.pdf,2019-01-07,header 平成31年1月7日
岡山,Okayama,ブナ,buna,2015,H27,fruiting,豊作,豊作,value,豊作,exact; 大豊作 counted as 豊作,2019-01-07,2,,,pdfplumber extract_tables,data-pipeline/raw/research/gaps/ketujitu-wb-20190513220230.pdf,http://web.archive.org/web/20190513220230id_/https://www.env.go.jp/nature/choju/effort/effort12/ketujitu.pdf,2019-01-07,header 平成31年1月7日
岡山,Okayama,ミズナラ,mizunara,2015,H27,fruiting,豊作,豊作,value,豊作,exact; 大豊作 counted as 豊作,2019-01-07,2,,,pdfplumber extract_tables,data-pipeline/raw/research/gaps/ketujitu-wb-20190513220230.pdf,http://web.archive.org/web/20190513220230id_/https://www.env.go.jp/nature/choju/effort/effort12/ketujitu.pdf,2019-01-07,header 平成31年1月7日
岡山,Okayama,コナラ,konara,2015,H27,fruiting,豊作,豊作,value,豊作,exact; 大豊作 counted as 豊作,2019-01-07,2,,,pdfplumber extract_tables,data-pipeline/raw/research/gaps/ketujitu-wb-20190513220230.pdf,http://web.archive.org/web/20190513220230id_/https://www.env.go.jp/nature/choju/effort/effort12/ketujitu.pdf,2019-01-07,header 平成31年1月7日
広島,Hiroshima,ブナ,buna,2015,H27,fruiting,－,－,no_data,,,2019-01-07,2,,調査実施の有無はH27以前のﾃﾞｰﾀ。H28は不明。,pdfplumber extract_tables,data-pipeline/raw/research/gaps/ketujitu-wb-20190513220230.pdf,http://web.archive.org/web/20190513220230id_/https://www.env.go.jp/nature/choju/effort/effort12/ketujitu.pdf,2019-01-07,header 平成31年1月7日
広島,Hiroshima,ミズナラ,mizunara,2015,H27,fruiting,－,－,no_data,,,2019-01-07,2,,調査実施の有無はH27以前のﾃﾞｰﾀ。H28は不明。,pdfplumber extract_tables,data-pipeline/raw/research/gaps/ketujitu-wb-20190513220230.pdf,http://web.archive.org/web/20190513220230id_/https://www.env.go.jp/nature/choju/effort/effort12/ketujitu.pdf,2019-01-07,header 平成31年1月7日
広島,Hiroshima,コナラ,konara,2015,H27,fruiting,－,－,no_data,,,2019-01-07,2,,調査実施の有無はH27以前のﾃﾞｰﾀ。H28は不明。,pdfplumber extract_tables,data-pipeline/raw/research/gaps/ketujitu-wb-20190513220230.pdf,http://web.archive.org/web/20190513220230id_/https://www.env.go.jp/nature/choju/effort/effort12/ketujitu.pdf,2019-01-07,header 平成31年1月7日
山口,Yamaguchi,ブナ,buna,2015,H27,fruiting,－,－,no_data,,,2019-01-07,2,,指標未定,pdfplumber extract_tables,data-pipeline/raw/research/gaps/ketujitu-wb-20190513220230.pdf,http://web.archive.org/web/20190513220230id_/https://www.env.go.jp/nature/choju/effort/effort12/ketujitu.pdf,2019-01-07,header 平成31年1月7日
山口,Yamaguchi,ミズナラ,mizunara,2015,H27,fruiting,－,－,no_data,,,2019-01-07,2,,指標未定,pdfplumber extract_tables,data-pipeline/raw/research/gaps/ketujitu-wb-20190513220230.pdf,http://web.archive.org/web/20190513220230id_/https://www.env.go.jp/nature/choju/effort/effort12/ketujitu.pdf,2019-01-07,header 平成31年1月7日
山口,Yamaguchi,コナラ,konara,2015,H27,fruiting,－,－,no_data,,,2019-01-07,2,,指標未定,pdfplumber extract_tables,data-pipeline/raw/research/gaps/ketujitu-wb-20190513220230.pdf,http://web.archive.org/web/20190513220230id_/https://www.env.go.jp/nature/choju/effort/effort12/ketujitu.pdf,2019-01-07,header 平成31年1月7日
北海道,Hokkaido,ブナ,buna,2016,H28,fruiting,凶作,凶作,value,凶作,exact; 不作/やや凶作 counted as 凶作 (MoE rule),2019-01-07,2,,ブナは道南地方のみ分布,pdfplumber extract_tables,data-pipeline/raw/research/gaps/ketujitu-wb-20190513220230.pdf,http://web.archive.org/web/20190513220230id_/https://www.env.go.jp/nature/choju/effort/effort12/ketujitu.pdf,2019-01-07,header 平成31年1月7日
北海道,Hokkaido,ミズナラ,mizunara,2016,H28,fruiting,並作,並作,value,並作,exact; 並上/並下 are 並作 sub-grades,2019-01-07,2,2016-10-26=並作～凶作,ブナは道南地方のみ分布,pdfplumber extract_tables,data-pipeline/raw/research/gaps/ketujitu-wb-20190513220230.pdf,http://web.archive.org/web/20190513220230id_/https://www.env.go.jp/nature/choju/effort/effort12/ketujitu.pdf,2019-01-07,header 平成31年1月7日
北海道,Hokkaido,コナラ,konara,2016,H28,fruiting,－,－,no_data,,,2019-01-07,2,,ブナは道南地方のみ分布,pdfplumber extract_tables,data-pipeline/raw/research/gaps/ketujitu-wb-20190513220230.pdf,http://web.archive.org/web/20190513220230id_/https://www.env.go.jp/nature/choju/effort/effort12/ketujitu.pdf,2019-01-07,header 平成31年1月7日
青森,Aomori,ブナ,buna,2016,H28,fruiting,－,－,no_data,,,2019-01-07,2,2016-10-26=凶作予測,東北森林管理局ブナ開花・結実調査青森県：H30並作,pdfplumber extract_tables,data-pipeline/raw/research/gaps/ketujitu-wb-20190513220230.pdf,http://web.archive.org/web/20190513220230id_/https://www.env.go.jp/nature/choju/effort/effort12/ketujitu.pdf,2019-01-07,header 平成31年1月7日
青森,Aomori,ミズナラ,mizunara,2016,H28,fruiting,－,－,no_data,,,2019-01-07,2,,東北森林管理局ブナ開花・結実調査青森県：H30並作,pdfplumber extract_tables,data-pipeline/raw/research/gaps/ketujitu-wb-20190513220230.pdf,http://web.archive.org/web/20190513220230id_/https://www.env.go.jp/nature/choju/effort/effort12/ketujitu.pdf,2019-01-07,header 平成31年1月7日
青森,Aomori,コナラ,konara,2016,H28,fruiting,－,－,no_data,,,2019-01-07,2,,東北森林管理局ブナ開花・結実調査青森県：H30並作,pdfplumber extract_tables,data-pipeline/raw/research/gaps/ketujitu-wb-20190513220230.pdf,http://web.archive.org/web/20190513220230id_/https://www.env.go.jp/nature/choju/effort/effort12/ketujitu.pdf,2019-01-07,header 平成31年1月7日
岩手,Iwate,ブナ,buna,2016,H28,fruiting,不作,不作,value,凶作,exact; 不作/やや凶作 counted as 凶作 (MoE rule),2019-01-07,2,2016-10-26=調査中,,pdfplumber extract_tables,data-pipeline/raw/research/gaps/ketujitu-wb-20190513220230.pdf,http://web.archive.org/web/20190513220230id_/https://www.env.go.jp/nature/choju/effort/effort12/ketujitu.pdf,2019-01-07,header 平成31年1月7日
岩手,Iwate,ミズナラ,mizunara,2016,H28,fruiting,不作,不作,value,凶作,exact; 不作/やや凶作 counted as 凶作 (MoE rule),2019-01-07,2,2016-10-26=調査中,,pdfplumber extract_tables,data-pipeline/raw/research/gaps/ketujitu-wb-20190513220230.pdf,http://web.archive.org/web/20190513220230id_/https://www.env.go.jp/nature/choju/effort/effort12/ketujitu.pdf,2019-01-07,header 平成31年1月7日
岩手,Iwate,コナラ,konara,2016,H28,fruiting,不作,不作,value,凶作,exact; 不作/やや凶作 counted as 凶作 (MoE rule),2019-01-07,2,2016-10-26=調査中,,pdfplumber extract_tables,data-pipeline/raw/research/gaps/ketujitu-wb-20190513220230.pdf,http://web.archive.org/web/20190513220230id_/https://www.env.go.jp/nature/choju/effort/effort12/ketujitu.pdf,2019-01-07,header 平成31年1月7日
宮城,Miyagi,ブナ,buna,2016,H28,fruiting,凶作,凶作,value,凶作,exact; 不作/やや凶作 counted as 凶作 (MoE rule),2019-01-07,2,2016-10-26=データ整理中,,pdfplumber extract_tables,data-pipeline/raw/research/gaps/ketujitu-wb-20190513220230.pdf,http://web.archive.org/web/20190513220230id_/https://www.env.go.jp/nature/choju/effort/effort12/ketujitu.pdf,2019-01-07,header 平成31年1月7日
宮城,Miyagi,ミズナラ,mizunara,2016,H28,fruiting,凶作,凶作,value,凶作,exact; 不作/やや凶作 counted as 凶作 (MoE rule),2019-01-07,2,2016-10-26=データ整理中,,pdfplumber extract_tables,data-pipeline/raw/research/gaps/ketujitu-wb-20190513220230.pdf,http://web.archive.org/web/20190513220230id_/https://www.env.go.jp/nature/choju/effort/effort12/ketujitu.pdf,2019-01-07,header 平成31年1月7日
宮城,Miyagi,コナラ,konara,2016,H28,fruiting,－,－,no_data,,,2019-01-07,2,,,pdfplumber extract_tables,data-pipeline/raw/research/gaps/ketujitu-wb-20190513220230.pdf,http://web.archive.org/web/20190513220230id_/https://www.env.go.jp/nature/choju/effort/effort12/ketujitu.pdf,2019-01-07,header 平成31年1月7日
秋田,Akita,ブナ,buna,2016,H28,fruiting,凶作,凶作,value,凶作,exact; 不作/やや凶作 counted as 凶作 (MoE rule),2019-01-07,2,2016-10-26=11月予定,,pdfplumber extract_tables,data-pipeline/raw/research/gaps/ketujitu-wb-20190513220230.pdf,http://web.archive.org/web/20190513220230id_/https://www.env.go.jp/nature/choju/effort/effort12/ketujitu.pdf,2019-01-07,header 平成31年1月7日
秋田,Akita,ミズナラ,mizunara,2016,H28,fruiting,凶作,凶作,value,凶作,exact; 不作/やや凶作 counted as 凶作 (MoE rule),2019-01-07,2,2016-10-26=11月予定,,pdfplumber extract_tables,data-pipeline/raw/research/gaps/ketujitu-wb-20190513220230.pdf,http://web.archive.org/web/20190513220230id_/https://www.env.go.jp/nature/choju/effort/effort12/ketujitu.pdf,2019-01-07,header 平成31年1月7日
秋田,Akita,コナラ,konara,2016,H28,fruiting,凶作,凶作,value,凶作,exact; 不作/やや凶作 counted as 凶作 (MoE rule),2019-01-07,2,2016-10-26=11月予定,,pdfplumber extract_tables,data-pipeline/raw/research/gaps/ketujitu-wb-20190513220230.pdf,http://web.archive.org/web/20190513220230id_/https://www.env.go.jp/nature/choju/effort/effort12/ketujitu.pdf,2019-01-07,header 平成31年1月7日
山形,Yamagata,ブナ,buna,2016,H28,fruiting,ほとんどの\n箇所が凶作,ほとんどの箇所が凶作,value,凶作,majority wording,2019-01-07,2,2016-10-26=凶作（春調査時の予測）,,pdfplumber extract_tables,data-pipeline/raw/research/gaps/ketujitu-wb-20190513220230.pdf,http://web.archive.org/web/20190513220230id_/https://www.env.go.jp/nature/choju/effort/effort12/ketujitu.pdf,2019-01-07,header 平成31年1月7日
山形,Yamagata,ミズナラ,mizunara,2016,H28,fruiting,凶作の箇所\nが多い,凶作の箇所が多い,value,凶作,majority wording,2019-01-07,2,2016-10-26=11月予定,,pdfplumber extract_tables,data-pipeline/raw/research/gaps/ketujitu-wb-20190513220230.pdf,http://web.archive.org/web/20190513220230id_/https://www.env.go.jp/nature/choju/effort/effort12/ketujitu.pdf,2019-01-07,header 平成31年1月7日
山形,Yamagata,コナラ,konara,2016,H28,fruiting,凶作の箇所\nが多い,凶作の箇所が多い,value,凶作,majority wording,2019-01-07,2,2016-10-26=11月予定,,pdfplumber extract_tables,data-pipeline/raw/research/gaps/ketujitu-wb-20190513220230.pdf,http://web.archive.org/web/20190513220230id_/https://www.env.go.jp/nature/choju/effort/effort12/ketujitu.pdf,2019-01-07,header 平成31年1月7日
福島,Fukushima,ブナ,buna,2016,H28,fruiting,凶作,凶作,value,凶作,exact; 不作/やや凶作 counted as 凶作 (MoE rule),2019-01-07,2,2016-10-26=結果取りまとめ中,,pdfplumber extract_tables,data-pipeline/raw/research/gaps/ketujitu-wb-20190513220230.pdf,http://web.archive.org/web/20190513220230id_/https://www.env.go.jp/nature/choju/effort/effort12/ketujitu.pdf,2019-01-07,header 平成31年1月7日
福島,Fukushima,ミズナラ,mizunara,2016,H28,fruiting,並作,並作,value,並作,exact; 並上/並下 are 並作 sub-grades,2019-01-07,2,2016-10-26=結果取りまとめ中,,pdfplumber extract_tables,data-pipeline/raw/research/gaps/ketujitu-wb-20190513220230.pdf,http://web.archive.org/web/20190513220230id_/https://www.env.go.jp/nature/choju/effort/effort12/ketujitu.pdf,2019-01-07,header 平成31年1月7日
福島,Fukushima,コナラ,konara,2016,H28,fruiting,並作,並作,value,並作,exact; 並上/並下 are 並作 sub-grades,2019-01-07,2,2016-10-26=結果取りまとめ中,,pdfplumber extract_tables,data-pipeline/raw/research/gaps/ketujitu-wb-20190513220230.pdf,http://web.archive.org/web/20190513220230id_/https://www.env.go.jp/nature/choju/effort/effort12/ketujitu.pdf,2019-01-07,header 平成31年1月7日
栃木,Tochigi,ブナ,buna,2016,H28,fruiting,並作,並作,value,並作,exact; 並上/並下 are 並作 sub-grades,2019-01-07,2,,,pdfplumber extract_tables,data-pipeline/raw/research/gaps/ketujitu-wb-20190513220230.pdf,http://web.archive.org/web/20190513220230id_/https://www.env.go.jp/nature/choju/effort/effort12/ketujitu.pdf,2019-01-07,header 平成31年1月7日
栃木,Tochigi,ミズナラ,mizunara,2016,H28,fruiting,凶作～不作,凶作～不作,value,凶作,range within 凶作/不作 bucket,2019-01-07,2,,,pdfplumber extract_tables,data-pipeline/raw/research/gaps/ketujitu-wb-20190513220230.pdf,http://web.archive.org/web/20190513220230id_/https://www.env.go.jp/nature/choju/effort/effort12/ketujitu.pdf,2019-01-07,header 平成31年1月7日
栃木,Tochigi,コナラ,konara,2016,H28,fruiting,不作,不作,value,凶作,exact; 不作/やや凶作 counted as 凶作 (MoE rule),2019-01-07,2,,,pdfplumber extract_tables,data-pipeline/raw/research/gaps/ketujitu-wb-20190513220230.pdf,http://web.archive.org/web/20190513220230id_/https://www.env.go.jp/nature/choju/effort/effort12/ketujitu.pdf,2019-01-07,header 平成31年1月7日
群馬,Gunma,ブナ,buna,2016,H28,fruiting,凶作,凶作,value,凶作,exact; 不作/やや凶作 counted as 凶作 (MoE rule),2019-01-07,2,,,pdfplumber extract_tables,data-pipeline/raw/research/gaps/ketujitu-wb-20190513220230.pdf,http://web.archive.org/web/20190513220230id_/https://www.env.go.jp/nature/choju/effort/effort12/ketujitu.pdf,2019-01-07,header 平成31年1月7日
群馬,Gunma,ミズナラ,mizunara,2016,H28,fruiting,凶作,凶作,value,凶作,exact; 不作/やや凶作 counted as 凶作 (MoE rule),2019-01-07,2,,,pdfplumber extract_tables,data-pipeline/raw/research/gaps/ketujitu-wb-20190513220230.pdf,http://web.archive.org/web/20190513220230id_/https://www.env.go.jp/nature/choju/effort/effort12/ketujitu.pdf,2019-01-07,header 平成31年1月7日
群馬,Gunma,コナラ,konara,2016,H28,fruiting,並作,並作,value,並作,exact; 並上/並下 are 並作 sub-grades,2019-01-07,2,,,pdfplumber extract_tables,data-pipeline/raw/research/gaps/ketujitu-wb-20190513220230.pdf,http://web.archive.org/web/20190513220230id_/https://www.env.go.jp/nature/choju/effort/effort12/ketujitu.pdf,2019-01-07,header 平成31年1月7日
埼玉,Saitama,ブナ,buna,2016,H28,fruiting,－,－,no_data,,,2019-01-07,2,,,pdfplumber extract_tables,data-pipeline/raw/research/gaps/ketujitu-wb-20190513220230.pdf,http://web.archive.org/web/20190513220230id_/https://www.env.go.jp/nature/choju/effort/effort12/ketujitu.pdf,2019-01-07,header 平成31年1月7日
埼玉,Saitama,ミズナラ,mizunara,2016,H28,fruiting,－,－,no_data,,,2019-01-07,2,,,pdfplumber extract_tables,data-pipeline/raw/research/gaps/ketujitu-wb-20190513220230.pdf,http://web.archive.org/web/20190513220230id_/https://www.env.go.jp/nature/choju/effort/effort12/ketujitu.pdf,2019-01-07,header 平成31年1月7日
埼玉,Saitama,コナラ,konara,2016,H28,fruiting,－,－,no_data,,,2019-01-07,2,,,pdfplumber extract_tables,data-pipeline/raw/research/gaps/ketujitu-wb-20190513220230.pdf,http://web.archive.org/web/20190513220230id_/https://www.env.go.jp/nature/choju/effort/effort12/ketujitu.pdf,2019-01-07,header 平成31年1月7日
東京,Tokyo,ブナ,buna,2016,H28,fruiting,凶作～並作,凶作～並作,value,並作,MoE rule 凶作～並作/凶作～豊作/不作～並作→並作,2019-01-07,2,,,pdfplumber extract_tables,data-pipeline/raw/research/gaps/ketujitu-wb-20190513220230.pdf,http://web.archive.org/web/20190513220230id_/https://www.env.go.jp/nature/choju/effort/effort12/ketujitu.pdf,2019-01-07,header 平成31年1月7日
東京,Tokyo,ミズナラ,mizunara,2016,H28,fruiting,凶作,凶作,value,凶作,exact; 不作/やや凶作 counted as 凶作 (MoE rule),2019-01-07,2,,,pdfplumber extract_tables,data-pipeline/raw/research/gaps/ketujitu-wb-20190513220230.pdf,http://web.archive.org/web/20190513220230id_/https://www.env.go.jp/nature/choju/effort/effort12/ketujitu.pdf,2019-01-07,header 平成31年1月7日
東京,Tokyo,コナラ,konara,2016,H28,fruiting,並作,並作,value,並作,exact; 並上/並下 are 並作 sub-grades,2019-01-07,2,,,pdfplumber extract_tables,data-pipeline/raw/research/gaps/ketujitu-wb-20190513220230.pdf,http://web.archive.org/web/20190513220230id_/https://www.env.go.jp/nature/choju/effort/effort12/ketujitu.pdf,2019-01-07,header 平成31年1月7日
神奈川,Kanagawa,ブナ,buna,2016,H28,fruiting,凶作,凶作,value,凶作,exact; 不作/やや凶作 counted as 凶作 (MoE rule),2019-01-07,2,,,pdfplumber extract_tables,data-pipeline/raw/research/gaps/ketujitu-wb-20190513220230.pdf,http://web.archive.org/web/20190513220230id_/https://www.env.go.jp/nature/choju/effort/effort12/ketujitu.pdf,2019-01-07,header 平成31年1月7日
神奈川,Kanagawa,ミズナラ,mizunara,2016,H28,fruiting,凶作～豊作,凶作～豊作,value,並作,MoE rule 凶作～並作/凶作～豊作/不作～並作→並作,2019-01-07,2,2016-10-26=10月予定,,pdfplumber extract_tables,data-pipeline/raw/research/gaps/ketujitu-wb-20190513220230.pdf,http://web.archive.org/web/20190513220230id_/https://www.env.go.jp/nature/choju/effort/effort12/ketujitu.pdf,2019-01-07,header 平成31年1月7日
神奈川,Kanagawa,コナラ,konara,2016,H28,fruiting,凶作,凶作,value,凶作,exact; 不作/やや凶作 counted as 凶作 (MoE rule),2019-01-07,2,2016-10-26=10月予定,,pdfplumber extract_tables,data-pipeline/raw/research/gaps/ketujitu-wb-20190513220230.pdf,http://web.archive.org/web/20190513220230id_/https://www.env.go.jp/nature/choju/effort/effort12/ketujitu.pdf,2019-01-07,header 平成31年1月7日
新潟,Niigata,ブナ,buna,2016,H28,fruiting,凶作～不作,凶作～不作,value,凶作,range within 凶作/不作 bucket,2019-01-07,2,,,pdfplumber extract_tables,data-pipeline/raw/research/gaps/ketujitu-wb-20190513220230.pdf,http://web.archive.org/web/20190513220230id_/https://www.env.go.jp/nature/choju/effort/effort12/ketujitu.pdf,2019-01-07,header 平成31年1月7日
新潟,Niigata,ミズナラ,mizunara,2016,H28,fruiting,不作～並作,不作～並作,value,並作,MoE rule 凶作～並作/凶作～豊作/不作～並作→並作,2019-01-07,2,,,pdfplumber extract_tables,data-pipeline/raw/research/gaps/ketujitu-wb-20190513220230.pdf,http://web.archive.org/web/20190513220230id_/https://www.env.go.jp/nature/choju/effort/effort12/ketujitu.pdf,2019-01-07,header 平成31年1月7日
新潟,Niigata,コナラ,konara,2016,H28,fruiting,不作～並作,不作～並作,value,並作,MoE rule 凶作～並作/凶作～豊作/不作～並作→並作,2019-01-07,2,,,pdfplumber extract_tables,data-pipeline/raw/research/gaps/ketujitu-wb-20190513220230.pdf,http://web.archive.org/web/20190513220230id_/https://www.env.go.jp/nature/choju/effort/effort12/ketujitu.pdf,2019-01-07,header 平成31年1月7日
富山,Toyama,ブナ,buna,2016,H28,fruiting,不作,不作,value,凶作,exact; 不作/やや凶作 counted as 凶作 (MoE rule),2019-01-07,2,,,pdfplumber extract_tables,data-pipeline/raw/research/gaps/ketujitu-wb-20190513220230.pdf,http://web.archive.org/web/20190513220230id_/https://www.env.go.jp/nature/choju/effort/effort12/ketujitu.pdf,2019-01-07,header 平成31年1月7日
富山,Toyama,ミズナラ,mizunara,2016,H28,fruiting,不作,不作,value,凶作,exact; 不作/やや凶作 counted as 凶作 (MoE rule),2019-01-07,2,,,pdfplumber extract_tables,data-pipeline/raw/research/gaps/ketujitu-wb-20190513220230.pdf,http://web.archive.org/web/20190513220230id_/https://www.env.go.jp/nature/choju/effort/effort12/ketujitu.pdf,2019-01-07,header 平成31年1月7日
富山,Toyama,コナラ,konara,2016,H28,fruiting,不作,不作,value,凶作,exact; 不作/やや凶作 counted as 凶作 (MoE rule),2019-01-07,2,,,pdfplumber extract_tables,data-pipeline/raw/research/gaps/ketujitu-wb-20190513220230.pdf,http://web.archive.org/web/20190513220230id_/https://www.env.go.jp/nature/choju/effort/effort12/ketujitu.pdf,2019-01-07,header 平成31年1月7日
石川,Ishikawa,ブナ,buna,2016,H28,fruiting,凶作,凶作,value,凶作,exact; 不作/やや凶作 counted as 凶作 (MoE rule),2019-01-07,2,,,pdfplumber extract_tables,data-pipeline/raw/research/gaps/ketujitu-wb-20190513220230.pdf,http://web.archive.org/web/20190513220230id_/https://www.env.go.jp/nature/choju/effort/effort12/ketujitu.pdf,2019-01-07,header 平成31年1月7日
石川,Ishikawa,ミズナラ,mizunara,2016,H28,fruiting,豊作,豊作,value,豊作,exact; 大豊作 counted as 豊作,2019-01-07,2,,,pdfplumber extract_tables,data-pipeline/raw/research/gaps/ketujitu-wb-20190513220230.pdf,http://web.archive.org/web/20190513220230id_/https://www.env.go.jp/nature/choju/effort/effort12/ketujitu.pdf,2019-01-07,header 平成31年1月7日
石川,Ishikawa,コナラ,konara,2016,H28,fruiting,豊作,豊作,value,豊作,exact; 大豊作 counted as 豊作,2019-01-07,2,,,pdfplumber extract_tables,data-pipeline/raw/research/gaps/ketujitu-wb-20190513220230.pdf,http://web.archive.org/web/20190513220230id_/https://www.env.go.jp/nature/choju/effort/effort12/ketujitu.pdf,2019-01-07,header 平成31年1月7日
福井,Fukui,ブナ,buna,2016,H28,fruiting,凶作,凶作,value,凶作,exact; 不作/やや凶作 counted as 凶作 (MoE rule),2019-01-07,2,,,pdfplumber extract_tables,data-pipeline/raw/research/gaps/ketujitu-wb-20190513220230.pdf,http://web.archive.org/web/20190513220230id_/https://www.env.go.jp/nature/choju/effort/effort12/ketujitu.pdf,2019-01-07,header 平成31年1月7日
福井,Fukui,ミズナラ,mizunara,2016,H28,fruiting,並作,並作,value,並作,exact; 並上/並下 are 並作 sub-grades,2019-01-07,2,,,pdfplumber extract_tables,data-pipeline/raw/research/gaps/ketujitu-wb-20190513220230.pdf,http://web.archive.org/web/20190513220230id_/https://www.env.go.jp/nature/choju/effort/effort12/ketujitu.pdf,2019-01-07,header 平成31年1月7日
福井,Fukui,コナラ,konara,2016,H28,fruiting,不作,不作,value,凶作,exact; 不作/やや凶作 counted as 凶作 (MoE rule),2019-01-07,2,,,pdfplumber extract_tables,data-pipeline/raw/research/gaps/ketujitu-wb-20190513220230.pdf,http://web.archive.org/web/20190513220230id_/https://www.env.go.jp/nature/choju/effort/effort12/ketujitu.pdf,2019-01-07,header 平成31年1月7日
山梨,Yamanashi,ブナ,buna,2016,H28,fruiting,凶作,凶作,value,凶作,exact; 不作/やや凶作 counted as 凶作 (MoE rule),2019-01-07,2,2016-10-26=(blank),,pdfplumber extract_tables,data-pipeline/raw/research/gaps/ketujitu-wb-20190513220230.pdf,http://web.archive.org/web/20190513220230id_/https://www.env.go.jp/nature/choju/effort/effort12/ketujitu.pdf,2019-01-07,header 平成31年1月7日
山梨,Yamanashi,ミズナラ,mizunara,2016,H28,fruiting,凶作～並作,凶作～並作,value,並作,MoE rule 凶作～並作/凶作～豊作/不作～並作→並作,2019-01-07,2,2016-10-26=(blank),,pdfplumber extract_tables,data-pipeline/raw/research/gaps/ketujitu-wb-20190513220230.pdf,http://web.archive.org/web/20190513220230id_/https://www.env.go.jp/nature/choju/effort/effort12/ketujitu.pdf,2019-01-07,header 平成31年1月7日
山梨,Yamanashi,コナラ,konara,2016,H28,fruiting,並作,並作,value,並作,exact; 並上/並下 are 並作 sub-grades,2019-01-07,2,2016-10-26=(blank),,pdfplumber extract_tables,data-pipeline/raw/research/gaps/ketujitu-wb-20190513220230.pdf,http://web.archive.org/web/20190513220230id_/https://www.env.go.jp/nature/choju/effort/effort12/ketujitu.pdf,2019-01-07,header 平成31年1月7日
長野,Nagano,ブナ,buna,2016,H28,fruiting,凶作～不作,凶作～不作,value,凶作,range within 凶作/不作 bucket,2019-01-07,2,,,pdfplumber extract_tables,data-pipeline/raw/research/gaps/ketujitu-wb-20190513220230.pdf,http://web.archive.org/web/20190513220230id_/https://www.env.go.jp/nature/choju/effort/effort12/ketujitu.pdf,2019-01-07,header 平成31年1月7日
長野,Nagano,ミズナラ,mizunara,2016,H28,fruiting,凶作～並下,凶作～並下,value,並作,MoE rule 凶作～並作/凶作～豊作/不作～並作→並作,2019-01-07,2,,,pdfplumber extract_tables,data-pipeline/raw/research/gaps/ketujitu-wb-20190513220230.pdf,http://web.archive.org/web/20190513220230id_/https://www.env.go.jp/nature/choju/effort/effort12/ketujitu.pdf,2019-01-07,header 平成31年1月7日
長野,Nagano,コナラ,konara,2016,H28,fruiting,並作～並上,並作～並上,value,並作,range within 並作 bucket,2019-01-07,2,,,pdfplumber extract_tables,data-pipeline/raw/research/gaps/ketujitu-wb-20190513220230.pdf,http://web.archive.org/web/20190513220230id_/https://www.env.go.jp/nature/choju/effort/effort12/ketujitu.pdf,2019-01-07,header 平成31年1月7日
岐阜,Gifu,ブナ,buna,2016,H28,fruiting,凶作,凶作,value,凶作,exact; 不作/やや凶作 counted as 凶作 (MoE rule),2019-01-07,2,,,pdfplumber extract_tables,data-pipeline/raw/research/gaps/ketujitu-wb-20190513220230.pdf,http://web.archive.org/web/20190513220230id_/https://www.env.go.jp/nature/choju/effort/effort12/ketujitu.pdf,2019-01-07,header 平成31年1月7日
岐阜,Gifu,ミズナラ,mizunara,2016,H28,fruiting,並作,並作,value,並作,exact; 並上/並下 are 並作 sub-grades,2019-01-07,2,,,pdfplumber extract_tables,data-pipeline/raw/research/gaps/ketujitu-wb-20190513220230.pdf,http://web.archive.org/web/20190513220230id_/https://www.env.go.jp/nature/choju/effort/effort12/ketujitu.pdf,2019-01-07,header 平成31年1月7日
岐阜,Gifu,コナラ,konara,2016,H28,fruiting,並作,並作,value,並作,exact; 並上/並下 are 並作 sub-grades,2019-01-07,2,,,pdfplumber extract_tables,data-pipeline/raw/research/gaps/ketujitu-wb-20190513220230.pdf,http://web.archive.org/web/20190513220230id_/https://www.env.go.jp/nature/choju/effort/effort12/ketujitu.pdf,2019-01-07,header 平成31年1月7日
静岡,Shizuoka,ブナ,buna,2016,H28,fruiting,－,－,no_data,,,2019-01-07,2,,,pdfplumber extract_tables,data-pipeline/raw/research/gaps/ketujitu-wb-20190513220230.pdf,http://web.archive.org/web/20190513220230id_/https://www.env.go.jp/nature/choju/effort/effort12/ketujitu.pdf,2019-01-07,header 平成31年1月7日
静岡,Shizuoka,ミズナラ,mizunara,2016,H28,fruiting,－,－,no_data,,,2019-01-07,2,,,pdfplumber extract_tables,data-pipeline/raw/research/gaps/ketujitu-wb-20190513220230.pdf,http://web.archive.org/web/20190513220230id_/https://www.env.go.jp/nature/choju/effort/effort12/ketujitu.pdf,2019-01-07,header 平成31年1月7日
静岡,Shizuoka,コナラ,konara,2016,H28,fruiting,－,－,no_data,,,2019-01-07,2,,,pdfplumber extract_tables,data-pipeline/raw/research/gaps/ketujitu-wb-20190513220230.pdf,http://web.archive.org/web/20190513220230id_/https://www.env.go.jp/nature/choju/effort/effort12/ketujitu.pdf,2019-01-07,header 平成31年1月7日
愛知,Aichi,ブナ,buna,2016,H28,fruiting,－,－,no_data,,,2019-01-07,2,,,pdfplumber extract_tables,data-pipeline/raw/research/gaps/ketujitu-wb-20190513220230.pdf,http://web.archive.org/web/20190513220230id_/https://www.env.go.jp/nature/choju/effort/effort12/ketujitu.pdf,2019-01-07,header 平成31年1月7日
愛知,Aichi,ミズナラ,mizunara,2016,H28,fruiting,並作,並作,value,並作,exact; 並上/並下 are 並作 sub-grades,2019-01-07,2,,,pdfplumber extract_tables,data-pipeline/raw/research/gaps/ketujitu-wb-20190513220230.pdf,http://web.archive.org/web/20190513220230id_/https://www.env.go.jp/nature/choju/effort/effort12/ketujitu.pdf,2019-01-07,header 平成31年1月7日
愛知,Aichi,コナラ,konara,2016,H28,fruiting,並作,並作,value,並作,exact; 並上/並下 are 並作 sub-grades,2019-01-07,2,,,pdfplumber extract_tables,data-pipeline/raw/research/gaps/ketujitu-wb-20190513220230.pdf,http://web.archive.org/web/20190513220230id_/https://www.env.go.jp/nature/choju/effort/effort12/ketujitu.pdf,2019-01-07,header 平成31年1月7日
三重,Mie,ブナ,buna,2016,H28,fruiting,－,－,no_data,,,2019-01-07,2,,,pdfplumber extract_tables,data-pipeline/raw/research/gaps/ketujitu-wb-20190513220230.pdf,http://web.archive.org/web/20190513220230id_/https://www.env.go.jp/nature/choju/effort/effort12/ketujitu.pdf,2019-01-07,header 平成31年1月7日
三重,Mie,ミズナラ,mizunara,2016,H28,fruiting,－,－,no_data,,,2019-01-07,2,,,pdfplumber extract_tables,data-pipeline/raw/research/gaps/ketujitu-wb-20190513220230.pdf,http://web.archive.org/web/20190513220230id_/https://www.env.go.jp/nature/choju/effort/effort12/ketujitu.pdf,2019-01-07,header 平成31年1月7日
三重,Mie,コナラ,konara,2016,H28,fruiting,－,－,no_data,,,2019-01-07,2,,,pdfplumber extract_tables,data-pipeline/raw/research/gaps/ketujitu-wb-20190513220230.pdf,http://web.archive.org/web/20190513220230id_/https://www.env.go.jp/nature/choju/effort/effort12/ketujitu.pdf,2019-01-07,header 平成31年1月7日
滋賀,Shiga,ブナ,buna,2016,H28,fruiting,凶作,凶作,value,凶作,exact; 不作/やや凶作 counted as 凶作 (MoE rule),2019-01-07,2,,,pdfplumber extract_tables,data-pipeline/raw/research/gaps/ketujitu-wb-20190513220230.pdf,http://web.archive.org/web/20190513220230id_/https://www.env.go.jp/nature/choju/effort/effort12/ketujitu.pdf,2019-01-07,header 平成31年1月7日
滋賀,Shiga,ミズナラ,mizunara,2016,H28,fruiting,凶作,凶作,value,凶作,exact; 不作/やや凶作 counted as 凶作 (MoE rule),2019-01-07,2,,,pdfplumber extract_tables,data-pipeline/raw/research/gaps/ketujitu-wb-20190513220230.pdf,http://web.archive.org/web/20190513220230id_/https://www.env.go.jp/nature/choju/effort/effort12/ketujitu.pdf,2019-01-07,header 平成31年1月7日
滋賀,Shiga,コナラ,konara,2016,H28,fruiting,凶作,凶作,value,凶作,exact; 不作/やや凶作 counted as 凶作 (MoE rule),2019-01-07,2,,,pdfplumber extract_tables,data-pipeline/raw/research/gaps/ketujitu-wb-20190513220230.pdf,http://web.archive.org/web/20190513220230id_/https://www.env.go.jp/nature/choju/effort/effort12/ketujitu.pdf,2019-01-07,header 平成31年1月7日
京都,Kyoto,ブナ,buna,2016,H28,fruiting,凶作,凶作,value,凶作,exact; 不作/やや凶作 counted as 凶作 (MoE rule),2019-01-07,2,,,pdfplumber extract_tables,data-pipeline/raw/research/gaps/ketujitu-wb-20190513220230.pdf,http://web.archive.org/web/20190513220230id_/https://www.env.go.jp/nature/choju/effort/effort12/ketujitu.pdf,2019-01-07,header 平成31年1月7日
京都,Kyoto,ミズナラ,mizunara,2016,H28,fruiting,凶作,凶作,value,凶作,exact; 不作/やや凶作 counted as 凶作 (MoE rule),2019-01-07,2,,,pdfplumber extract_tables,data-pipeline/raw/research/gaps/ketujitu-wb-20190513220230.pdf,http://web.archive.org/web/20190513220230id_/https://www.env.go.jp/nature/choju/effort/effort12/ketujitu.pdf,2019-01-07,header 平成31年1月7日
京都,Kyoto,コナラ,konara,2016,H28,fruiting,並作,並作,value,並作,exact; 並上/並下 are 並作 sub-grades,2019-01-07,2,,,pdfplumber extract_tables,data-pipeline/raw/research/gaps/ketujitu-wb-20190513220230.pdf,http://web.archive.org/web/20190513220230id_/https://www.env.go.jp/nature/choju/effort/effort12/ketujitu.pdf,2019-01-07,header 平成31年1月7日
大阪,Osaka,ブナ,buna,2016,H28,fruiting,－,－,no_data,,,2019-01-07,2,,,pdfplumber extract_tables,data-pipeline/raw/research/gaps/ketujitu-wb-20190513220230.pdf,http://web.archive.org/web/20190513220230id_/https://www.env.go.jp/nature/choju/effort/effort12/ketujitu.pdf,2019-01-07,header 平成31年1月7日
大阪,Osaka,ミズナラ,mizunara,2016,H28,fruiting,－,－,no_data,,,2019-01-07,2,,,pdfplumber extract_tables,data-pipeline/raw/research/gaps/ketujitu-wb-20190513220230.pdf,http://web.archive.org/web/20190513220230id_/https://www.env.go.jp/nature/choju/effort/effort12/ketujitu.pdf,2019-01-07,header 平成31年1月7日
大阪,Osaka,コナラ,konara,2016,H28,fruiting,－,－,no_data,,,2019-01-07,2,,,pdfplumber extract_tables,data-pipeline/raw/research/gaps/ketujitu-wb-20190513220230.pdf,http://web.archive.org/web/20190513220230id_/https://www.env.go.jp/nature/choju/effort/effort12/ketujitu.pdf,2019-01-07,header 平成31年1月7日
兵庫,Hyogo,ブナ,buna,2016,H28,fruiting,凶作,凶作,value,凶作,exact; 不作/やや凶作 counted as 凶作 (MoE rule),2019-01-07,2,,,pdfplumber extract_tables,data-pipeline/raw/research/gaps/ketujitu-wb-20190513220230.pdf,http://web.archive.org/web/20190513220230id_/https://www.env.go.jp/nature/choju/effort/effort12/ketujitu.pdf,2019-01-07,header 平成31年1月7日
兵庫,Hyogo,ミズナラ,mizunara,2016,H28,fruiting,大凶作,大凶作,value,大凶作,exact,2019-01-07,2,,,pdfplumber extract_tables,data-pipeline/raw/research/gaps/ketujitu-wb-20190513220230.pdf,http://web.archive.org/web/20190513220230id_/https://www.env.go.jp/nature/choju/effort/effort12/ketujitu.pdf,2019-01-07,header 平成31年1月7日
兵庫,Hyogo,コナラ,konara,2016,H28,fruiting,並下,並下,value,並作,exact; 並上/並下 are 並作 sub-grades,2019-01-07,2,,,pdfplumber extract_tables,data-pipeline/raw/research/gaps/ketujitu-wb-20190513220230.pdf,http://web.archive.org/web/20190513220230id_/https://www.env.go.jp/nature/choju/effort/effort12/ketujitu.pdf,2019-01-07,header 平成31年1月7日
奈良,Nara,ブナ,buna,2016,H28,fruiting,並下,並下,value,並作,exact; 並上/並下 are 並作 sub-grades,2019-01-07,2,2016-10-26=実施・集計中,,pdfplumber extract_tables,data-pipeline/raw/research/gaps/ketujitu-wb-20190513220230.pdf,http://web.archive.org/web/20190513220230id_/https://www.env.go.jp/nature/choju/effort/effort12/ketujitu.pdf,2019-01-07,header 平成31年1月7日
奈良,Nara,ミズナラ,mizunara,2016,H28,fruiting,並下,並下,value,並作,exact; 並上/並下 are 並作 sub-grades,2019-01-07,2,2016-10-26=実施・集計中,,pdfplumber extract_tables,data-pipeline/raw/research/gaps/ketujitu-wb-20190513220230.pdf,http://web.archive.org/web/20190513220230id_/https://www.env.go.jp/nature/choju/effort/effort12/ketujitu.pdf,2019-01-07,header 平成31年1月7日
奈良,Nara,コナラ,konara,2016,H28,fruiting,凶作,凶作,value,凶作,exact; 不作/やや凶作 counted as 凶作 (MoE rule),2019-01-07,2,2016-10-26=実施・集計中,,pdfplumber extract_tables,data-pipeline/raw/research/gaps/ketujitu-wb-20190513220230.pdf,http://web.archive.org/web/20190513220230id_/https://www.env.go.jp/nature/choju/effort/effort12/ketujitu.pdf,2019-01-07,header 平成31年1月7日
和歌山,Wakayama,ブナ,buna,2016,H28,fruiting,－,－,no_data,,,2019-01-07,2,,,pdfplumber extract_tables,data-pipeline/raw/research/gaps/ketujitu-wb-20190513220230.pdf,http://web.archive.org/web/20190513220230id_/https://www.env.go.jp/nature/choju/effort/effort12/ketujitu.pdf,2019-01-07,header 平成31年1月7日
和歌山,Wakayama,ミズナラ,mizunara,2016,H28,fruiting,－,－,no_data,,,2019-01-07,2,,,pdfplumber extract_tables,data-pipeline/raw/research/gaps/ketujitu-wb-20190513220230.pdf,http://web.archive.org/web/20190513220230id_/https://www.env.go.jp/nature/choju/effort/effort12/ketujitu.pdf,2019-01-07,header 平成31年1月7日
和歌山,Wakayama,コナラ,konara,2016,H28,fruiting,－,－,no_data,,,2019-01-07,2,,,pdfplumber extract_tables,data-pipeline/raw/research/gaps/ketujitu-wb-20190513220230.pdf,http://web.archive.org/web/20190513220230id_/https://www.env.go.jp/nature/choju/effort/effort12/ketujitu.pdf,2019-01-07,header 平成31年1月7日
鳥取,Tottori,ブナ,buna,2016,H28,fruiting,大凶作,大凶作,value,大凶作,exact,2019-01-07,2,,H29に判定基準を見直し （６区分）,pdfplumber extract_tables,data-pipeline/raw/research/gaps/ketujitu-wb-20190513220230.pdf,http://web.archive.org/web/20190513220230id_/https://www.env.go.jp/nature/choju/effort/effort12/ketujitu.pdf,2019-01-07,header 平成31年1月7日
鳥取,Tottori,ミズナラ,mizunara,2016,H28,fruiting,並下,並下,value,並作,exact; 並上/並下 are 並作 sub-grades,2019-01-07,2,2016-10-26=凶作,H29に判定基準を見直し （６区分）,pdfplumber extract_tables,data-pipeline/raw/research/gaps/ketujitu-wb-20190513220230.pdf,http://web.archive.org/web/20190513220230id_/https://www.env.go.jp/nature/choju/effort/effort12/ketujitu.pdf,2019-01-07,header 平成31年1月7日
鳥取,Tottori,コナラ,konara,2016,H28,fruiting,並下,並下,value,並作,exact; 並上/並下 are 並作 sub-grades,2019-01-07,2,2016-10-26=凶作,H29に判定基準を見直し （６区分）,pdfplumber extract_tables,data-pipeline/raw/research/gaps/ketujitu-wb-20190513220230.pdf,http://web.archive.org/web/20190513220230id_/https://www.env.go.jp/nature/choju/effort/effort12/ketujitu.pdf,2019-01-07,header 平成31年1月7日
島根,Shimane,ブナ,buna,2016,H28,fruiting,凶作,凶作,value,凶作,exact; 不作/やや凶作 counted as 凶作 (MoE rule),2019-01-07,2,,,pdfplumber extract_tables,data-pipeline/raw/research/gaps/ketujitu-wb-20190513220230.pdf,http://web.archive.org/web/20190513220230id_/https://www.env.go.jp/nature/choju/effort/effort12/ketujitu.pdf,2019-01-07,header 平成31年1月7日
島根,Shimane,ミズナラ,mizunara,2016,H28,fruiting,凶作～並作,凶作～並作,value,並作,MoE rule 凶作～並作/凶作～豊作/不作～並作→並作,2019-01-07,2,,,pdfplumber extract_tables,data-pipeline/raw/research/gaps/ketujitu-wb-20190513220230.pdf,http://web.archive.org/web/20190513220230id_/https://www.env.go.jp/nature/choju/effort/effort12/ketujitu.pdf,2019-01-07,header 平成31年1月7日
島根,Shimane,コナラ,konara,2016,H28,fruiting,並作,並作,value,並作,exact; 並上/並下 are 並作 sub-grades,2019-01-07,2,,,pdfplumber extract_tables,data-pipeline/raw/research/gaps/ketujitu-wb-20190513220230.pdf,http://web.archive.org/web/20190513220230id_/https://www.env.go.jp/nature/choju/effort/effort12/ketujitu.pdf,2019-01-07,header 平成31年1月7日
岡山,Okayama,ブナ,buna,2016,H28,fruiting,凶作,凶作,value,凶作,exact; 不作/やや凶作 counted as 凶作 (MoE rule),2019-01-07,2,,,pdfplumber extract_tables,data-pipeline/raw/research/gaps/ketujitu-wb-20190513220230.pdf,http://web.archive.org/web/20190513220230id_/https://www.env.go.jp/nature/choju/effort/effort12/ketujitu.pdf,2019-01-07,header 平成31年1月7日
岡山,Okayama,ミズナラ,mizunara,2016,H28,fruiting,並作,並作,value,並作,exact; 並上/並下 are 並作 sub-grades,2019-01-07,2,,,pdfplumber extract_tables,data-pipeline/raw/research/gaps/ketujitu-wb-20190513220230.pdf,http://web.archive.org/web/20190513220230id_/https://www.env.go.jp/nature/choju/effort/effort12/ketujitu.pdf,2019-01-07,header 平成31年1月7日
岡山,Okayama,コナラ,konara,2016,H28,fruiting,豊作,豊作,value,豊作,exact; 大豊作 counted as 豊作,2019-01-07,2,,,pdfplumber extract_tables,data-pipeline/raw/research/gaps/ketujitu-wb-20190513220230.pdf,http://web.archive.org/web/20190513220230id_/https://www.env.go.jp/nature/choju/effort/effort12/ketujitu.pdf,2019-01-07,header 平成31年1月7日
広島,Hiroshima,ブナ,buna,2016,H28,fruiting,－,－,no_data,,,2019-01-07,2,2016-10-26=(blank),調査実施の有無はH27以前のﾃﾞｰﾀ。H28は不明。,pdfplumber extract_tables,data-pipeline/raw/research/gaps/ketujitu-wb-20190513220230.pdf,http://web.archive.org/web/20190513220230id_/https://www.env.go.jp/nature/choju/effort/effort12/ketujitu.pdf,2019-01-07,header 平成31年1月7日
広島,Hiroshima,ミズナラ,mizunara,2016,H28,fruiting,－,－,no_data,,,2019-01-07,2,2016-10-26=(blank),調査実施の有無はH27以前のﾃﾞｰﾀ。H28は不明。,pdfplumber extract_tables,data-pipeline/raw/research/gaps/ketujitu-wb-20190513220230.pdf,http://web.archive.org/web/20190513220230id_/https://www.env.go.jp/nature/choju/effort/effort12/ketujitu.pdf,2019-01-07,header 平成31年1月7日
広島,Hiroshima,コナラ,konara,2016,H28,fruiting,－,－,no_data,,,2019-01-07,2,2016-10-26=(blank),調査実施の有無はH27以前のﾃﾞｰﾀ。H28は不明。,pdfplumber extract_tables,data-pipeline/raw/research/gaps/ketujitu-wb-20190513220230.pdf,http://web.archive.org/web/20190513220230id_/https://www.env.go.jp/nature/choju/effort/effort12/ketujitu.pdf,2019-01-07,header 平成31年1月7日
山口,Yamaguchi,ブナ,buna,2016,H28,fruiting,公表しない,公表しない,not_published,,,2019-01-07,2,,指標未定,pdfplumber extract_tables,data-pipeline/raw/research/gaps/ketujitu-wb-20190513220230.pdf,http://web.archive.org/web/20190513220230id_/https://www.env.go.jp/nature/choju/effort/effort12/ketujitu.pdf,2019-01-07,header 平成31年1月7日
山口,Yamaguchi,ミズナラ,mizunara,2016,H28,fruiting,公表しない,公表しない,not_published,,,2019-01-07,2,,指標未定,pdfplumber extract_tables,data-pipeline/raw/research/gaps/ketujitu-wb-20190513220230.pdf,http://web.archive.org/web/20190513220230id_/https://www.env.go.jp/nature/choju/effort/effort12/ketujitu.pdf,2019-01-07,header 平成31年1月7日
山口,Yamaguchi,コナラ,konara,2016,H28,fruiting,公表しない,公表しない,not_published,,,2019-01-07,2,,指標未定,pdfplumber extract_tables,data-pipeline/raw/research/gaps/ketujitu-wb-20190513220230.pdf,http://web.archive.org/web/20190513220230id_/https://www.env.go.jp/nature/choju/effort/effort12/ketujitu.pdf,2019-01-07,header 平成31年1月7日
北海道,Hokkaido,ブナ,buna,2017,H29,fruiting,不作・並作,不作・並作,value,並作,range spanning buckets→並作 (by analogy with MoE rule),2020-10-23,2,,ﾌﾞﾅは道南地方のみ分布,pdfplumber extract_tables,data-pipeline/raw/research/gaps/ketujitu-wb-20201101095717.pdf,http://web.archive.org/web/20201101095717id_/https://www.env.go.jp/nature/choju/effort/effort12/ketujitu.pdf,2020-10-23,pdf CreationDate (header undated)
北海道,Hokkaido,ミズナラ,mizunara,2017,H29,fruiting,不作・凶作,不作・凶作,value,凶作,range within 凶作/不作 bucket,2020-10-23,2,,ﾌﾞﾅは道南地方のみ分布,pdfplumber extract_tables,data-pipeline/raw/research/gaps/ketujitu-wb-20201101095717.pdf,http://web.archive.org/web/20201101095717id_/https://www.env.go.jp/nature/choju/effort/effort12/ketujitu.pdf,2020-10-23,pdf CreationDate (header undated)
北海道,Hokkaido,コナラ,konara,2017,H29,fruiting,－,－,no_data,,,2020-10-23,2,,ﾌﾞﾅは道南地方のみ分布,pdfplumber extract_tables,data-pipeline/raw/research/gaps/ketujitu-wb-20201101095717.pdf,http://web.archive.org/web/20201101095717id_/https://www.env.go.jp/nature/choju/effort/effort12/ketujitu.pdf,2020-10-23,pdf CreationDate (header undated)
青森,Aomori,ブナ,buna,2017,H29,fruiting,凶作,凶作,value,凶作,exact; 不作/やや凶作 counted as 凶作 (MoE rule),2020-10-23,2,,東北森林管理局実施,pdfplumber extract_tables,data-pipeline/raw/research/gaps/ketujitu-wb-20201101095717.pdf,http://web.archive.org/web/20201101095717id_/https://www.env.go.jp/nature/choju/effort/effort12/ketujitu.pdf,2020-10-23,pdf CreationDate (header undated)
青森,Aomori,ミズナラ,mizunara,2017,H29,fruiting,－,－,no_data,,,2020-10-23,2,,東北森林管理局実施,pdfplumber extract_tables,data-pipeline/raw/research/gaps/ketujitu-wb-20201101095717.pdf,http://web.archive.org/web/20201101095717id_/https://www.env.go.jp/nature/choju/effort/effort12/ketujitu.pdf,2020-10-23,pdf CreationDate (header undated)
青森,Aomori,コナラ,konara,2017,H29,fruiting,－,－,no_data,,,2020-10-23,2,,東北森林管理局実施,pdfplumber extract_tables,data-pipeline/raw/research/gaps/ketujitu-wb-20201101095717.pdf,http://web.archive.org/web/20201101095717id_/https://www.env.go.jp/nature/choju/effort/effort12/ketujitu.pdf,2020-10-23,pdf CreationDate (header undated)
岩手,Iwate,ブナ,buna,2017,H29,fruiting,不作,不作,value,凶作,exact; 不作/やや凶作 counted as 凶作 (MoE rule),2020-10-23,2,,,pdfplumber extract_tables,data-pipeline/raw/research/gaps/ketujitu-wb-20201101095717.pdf,http://web.archive.org/web/20201101095717id_/https://www.env.go.jp/nature/choju/effort/effort12/ketujitu.pdf,2020-10-23,pdf CreationDate (header undated)
岩手,Iwate,ミズナラ,mizunara,2017,H29,fruiting,不作,不作,value,凶作,exact; 不作/やや凶作 counted as 凶作 (MoE rule),2020-10-23,2,,,pdfplumber extract_tables,data-pipeline/raw/research/gaps/ketujitu-wb-20201101095717.pdf,http://web.archive.org/web/20201101095717id_/https://www.env.go.jp/nature/choju/effort/effort12/ketujitu.pdf,2020-10-23,pdf CreationDate (header undated)
岩手,Iwate,コナラ,konara,2017,H29,fruiting,不作,不作,value,凶作,exact; 不作/やや凶作 counted as 凶作 (MoE rule),2020-10-23,2,,,pdfplumber extract_tables,data-pipeline/raw/research/gaps/ketujitu-wb-20201101095717.pdf,http://web.archive.org/web/20201101095717id_/https://www.env.go.jp/nature/choju/effort/effort12/ketujitu.pdf,2020-10-23,pdf CreationDate (header undated)
宮城,Miyagi,ブナ,buna,2017,H29,fruiting,凶作,凶作,value,凶作,exact; 不作/やや凶作 counted as 凶作 (MoE rule),2020-10-23,2,,,pdfplumber extract_tables,data-pipeline/raw/research/gaps/ketujitu-wb-20201101095717.pdf,http://web.archive.org/web/20201101095717id_/https://www.env.go.jp/nature/choju/effort/effort12/ketujitu.pdf,2020-10-23,pdf CreationDate (header undated)
宮城,Miyagi,ミズナラ,mizunara,2017,H29,fruiting,豊作,豊作,value,豊作,exact; 大豊作 counted as 豊作,2020-10-23,2,,,pdfplumber extract_tables,data-pipeline/raw/research/gaps/ketujitu-wb-20201101095717.pdf,http://web.archive.org/web/20201101095717id_/https://www.env.go.jp/nature/choju/effort/effort12/ketujitu.pdf,2020-10-23,pdf CreationDate (header undated)
宮城,Miyagi,コナラ,konara,2017,H29,fruiting,－,－,no_data,,,2020-10-23,2,,,pdfplumber extract_tables,data-pipeline/raw/research/gaps/ketujitu-wb-20201101095717.pdf,http://web.archive.org/web/20201101095717id_/https://www.env.go.jp/nature/choju/effort/effort12/ketujitu.pdf,2020-10-23,pdf CreationDate (header undated)
秋田,Akita,ブナ,buna,2017,H29,fruiting,凶作,凶作,value,凶作,exact; 不作/やや凶作 counted as 凶作 (MoE rule),2020-10-23,2,,,pdfplumber extract_tables,data-pipeline/raw/research/gaps/ketujitu-wb-20201101095717.pdf,http://web.archive.org/web/20201101095717id_/https://www.env.go.jp/nature/choju/effort/effort12/ketujitu.pdf,2020-10-23,pdf CreationDate (header undated)
秋田,Akita,ミズナラ,mizunara,2017,H29,fruiting,凶作,凶作,value,凶作,exact; 不作/やや凶作 counted as 凶作 (MoE rule),2020-10-23,2,,,pdfplumber extract_tables,data-pipeline/raw/research/gaps/ketujitu-wb-20201101095717.pdf,http://web.archive.org/web/20201101095717id_/https://www.env.go.jp/nature/choju/effort/effort12/ketujitu.pdf,2020-10-23,pdf CreationDate (header undated)
秋田,Akita,コナラ,konara,2017,H29,fruiting,凶作,凶作,value,凶作,exact; 不作/やや凶作 counted as 凶作 (MoE rule),2020-10-23,2,,,pdfplumber extract_tables,data-pipeline/raw/research/gaps/ketujitu-wb-20201101095717.pdf,http://web.archive.org/web/20201101095717id_/https://www.env.go.jp/nature/choju/effort/effort12/ketujitu.pdf,2020-10-23,pdf CreationDate (header undated)
山形,Yamagata,ブナ,buna,2017,H29,fruiting,凶作,凶作,value,凶作,exact; 不作/やや凶作 counted as 凶作 (MoE rule),2020-10-23,2,,予測は凶作,pdfplumber extract_tables,data-pipeline/raw/research/gaps/ketujitu-wb-20201101095717.pdf,http://web.archive.org/web/20201101095717id_/https://www.env.go.jp/nature/choju/effort/effort12/ketujitu.pdf,2020-10-23,pdf CreationDate (header undated)
山形,Yamagata,ミズナラ,mizunara,2017,H29,fruiting,並作～豊\n作,並作～豊作,value,豊作,MoE rule 並作～豊作→豊作,2020-10-23,2,,予測は凶作,pdfplumber extract_tables,data-pipeline/raw/research/gaps/ketujitu-wb-20201101095717.pdf,http://web.archive.org/web/20201101095717id_/https://www.env.go.jp/nature/choju/effort/effort12/ketujitu.pdf,2020-10-23,pdf CreationDate (header undated)
山形,Yamagata,コナラ,konara,2017,H29,fruiting,ほとんどの\n箇所が豊\n作,ほとんどの箇所が豊作,value,豊作,majority wording,2020-10-23,2,,予測は凶作,pdfplumber extract_tables,data-pipeline/raw/research/gaps/ketujitu-wb-20201101095717.pdf,http://web.archive.org/web/20201101095717id_/https://www.env.go.jp/nature/choju/effort/effort12/ketujitu.pdf,2020-10-23,pdf CreationDate (header undated)
福島,Fukushima,ブナ,buna,2017,H29,fruiting,凶作,凶作,value,凶作,exact; 不作/やや凶作 counted as 凶作 (MoE rule),2020-10-23,2,,,pdfplumber extract_tables,data-pipeline/raw/research/gaps/ketujitu-wb-20201101095717.pdf,http://web.archive.org/web/20201101095717id_/https://www.env.go.jp/nature/choju/effort/effort12/ketujitu.pdf,2020-10-23,pdf CreationDate (header undated)
福島,Fukushima,ミズナラ,mizunara,2017,H29,fruiting,豊作,豊作,value,豊作,exact; 大豊作 counted as 豊作,2020-10-23,2,,,pdfplumber extract_tables,data-pipeline/raw/research/gaps/ketujitu-wb-20201101095717.pdf,http://web.archive.org/web/20201101095717id_/https://www.env.go.jp/nature/choju/effort/effort12/ketujitu.pdf,2020-10-23,pdf CreationDate (header undated)
福島,Fukushima,コナラ,konara,2017,H29,fruiting,並作,並作,value,並作,exact; 並上/並下 are 並作 sub-grades,2020-10-23,2,,,pdfplumber extract_tables,data-pipeline/raw/research/gaps/ketujitu-wb-20201101095717.pdf,http://web.archive.org/web/20201101095717id_/https://www.env.go.jp/nature/choju/effort/effort12/ketujitu.pdf,2020-10-23,pdf CreationDate (header undated)
栃木,Tochigi,ブナ,buna,2017,H29,fruiting,並作～豊\n作,並作～豊作,value,豊作,MoE rule 並作～豊作→豊作,2020-10-23,2,,ブナについては予測値,pdfplumber extract_tables,data-pipeline/raw/research/gaps/ketujitu-wb-20201101095717.pdf,http://web.archive.org/web/20201101095717id_/https://www.env.go.jp/nature/choju/effort/effort12/ketujitu.pdf,2020-10-23,pdf CreationDate (header undated)
栃木,Tochigi,ミズナラ,mizunara,2017,H29,fruiting,凶作～並\n作,凶作～並作,value,並作,MoE rule 凶作～並作/凶作～豊作/不作～並作→並作,2020-10-23,2,,ブナについては予測値,pdfplumber extract_tables,data-pipeline/raw/research/gaps/ketujitu-wb-20201101095717.pdf,http://web.archive.org/web/20201101095717id_/https://www.env.go.jp/nature/choju/effort/effort12/ketujitu.pdf,2020-10-23,pdf CreationDate (header undated)
栃木,Tochigi,コナラ,konara,2017,H29,fruiting,並作,並作,value,並作,exact; 並上/並下 are 並作 sub-grades,2020-10-23,2,,ブナについては予測値,pdfplumber extract_tables,data-pipeline/raw/research/gaps/ketujitu-wb-20201101095717.pdf,http://web.archive.org/web/20201101095717id_/https://www.env.go.jp/nature/choju/effort/effort12/ketujitu.pdf,2020-10-23,pdf CreationDate (header undated)
群馬,Gunma,ブナ,buna,2017,H29,fruiting,凶作,凶作,value,凶作,exact; 不作/やや凶作 counted as 凶作 (MoE rule),2020-10-23,2,,,pdfplumber extract_tables,data-pipeline/raw/research/gaps/ketujitu-wb-20201101095717.pdf,http://web.archive.org/web/20201101095717id_/https://www.env.go.jp/nature/choju/effort/effort12/ketujitu.pdf,2020-10-23,pdf CreationDate (header undated)
群馬,Gunma,ミズナラ,mizunara,2017,H29,fruiting,並作,並作,value,並作,exact; 並上/並下 are 並作 sub-grades,2020-10-23,2,,,pdfplumber extract_tables,data-pipeline/raw/research/gaps/ketujitu-wb-20201101095717.pdf,http://web.archive.org/web/20201101095717id_/https://www.env.go.jp/nature/choju/effort/effort12/ketujitu.pdf,2020-10-23,pdf CreationDate (header undated)
群馬,Gunma,コナラ,konara,2017,H29,fruiting,並作,並作,value,並作,exact; 並上/並下 are 並作 sub-grades,2020-10-23,2,,,pdfplumber extract_tables,data-pipeline/raw/research/gaps/ketujitu-wb-20201101095717.pdf,http://web.archive.org/web/20201101095717id_/https://www.env.go.jp/nature/choju/effort/effort12/ketujitu.pdf,2020-10-23,pdf CreationDate (header undated)
埼玉,Saitama,ブナ,buna,2017,H29,fruiting,－,－,no_data,,,2020-10-23,2,,,pdfplumber extract_tables,data-pipeline/raw/research/gaps/ketujitu-wb-20201101095717.pdf,http://web.archive.org/web/20201101095717id_/https://www.env.go.jp/nature/choju/effort/effort12/ketujitu.pdf,2020-10-23,pdf CreationDate (header undated)
埼玉,Saitama,ミズナラ,mizunara,2017,H29,fruiting,－,－,no_data,,,2020-10-23,2,,,pdfplumber extract_tables,data-pipeline/raw/research/gaps/ketujitu-wb-20201101095717.pdf,http://web.archive.org/web/20201101095717id_/https://www.env.go.jp/nature/choju/effort/effort12/ketujitu.pdf,2020-10-23,pdf CreationDate (header undated)
埼玉,Saitama,コナラ,konara,2017,H29,fruiting,－,－,no_data,,,2020-10-23,2,,,pdfplumber extract_tables,data-pipeline/raw/research/gaps/ketujitu-wb-20201101095717.pdf,http://web.archive.org/web/20201101095717id_/https://www.env.go.jp/nature/choju/effort/effort12/ketujitu.pdf,2020-10-23,pdf CreationDate (header undated)
東京,Tokyo,ブナ,buna,2017,H29,fruiting,凶作～並\n作,凶作～並作,value,並作,MoE rule 凶作～並作/凶作～豊作/不作～並作→並作,2020-10-23,2,,,pdfplumber extract_tables,data-pipeline/raw/research/gaps/ketujitu-wb-20201101095717.pdf,http://web.archive.org/web/20201101095717id_/https://www.env.go.jp/nature/choju/effort/effort12/ketujitu.pdf,2020-10-23,pdf CreationDate (header undated)
東京,Tokyo,ミズナラ,mizunara,2017,H29,fruiting,並作～豊\n作,並作～豊作,value,豊作,MoE rule 並作～豊作→豊作,2020-10-23,2,,,pdfplumber extract_tables,data-pipeline/raw/research/gaps/ketujitu-wb-20201101095717.pdf,http://web.archive.org/web/20201101095717id_/https://www.env.go.jp/nature/choju/effort/effort12/ketujitu.pdf,2020-10-23,pdf CreationDate (header undated)
東京,Tokyo,コナラ,konara,2017,H29,fruiting,並作～豊\n作,並作～豊作,value,豊作,MoE rule 並作～豊作→豊作,2020-10-23,2,,,pdfplumber extract_tables,data-pipeline/raw/research/gaps/ketujitu-wb-20201101095717.pdf,http://web.archive.org/web/20201101095717id_/https://www.env.go.jp/nature/choju/effort/effort12/ketujitu.pdf,2020-10-23,pdf CreationDate (header undated)
神奈川,Kanagawa,ブナ,buna,2017,H29,fruiting,豊作,豊作,value,豊作,exact; 大豊作 counted as 豊作,2020-10-23,2,,,pdfplumber extract_tables,data-pipeline/raw/research/gaps/ketujitu-wb-20201101095717.pdf,http://web.archive.org/web/20201101095717id_/https://www.env.go.jp/nature/choju/effort/effort12/ketujitu.pdf,2020-10-23,pdf CreationDate (header undated)
神奈川,Kanagawa,ミズナラ,mizunara,2017,H29,fruiting,並作,並作,value,並作,exact; 並上/並下 are 並作 sub-grades,2020-10-23,2,,,pdfplumber extract_tables,data-pipeline/raw/research/gaps/ketujitu-wb-20201101095717.pdf,http://web.archive.org/web/20201101095717id_/https://www.env.go.jp/nature/choju/effort/effort12/ketujitu.pdf,2020-10-23,pdf CreationDate (header undated)
神奈川,Kanagawa,コナラ,konara,2017,H29,fruiting,凶作,凶作,value,凶作,exact; 不作/やや凶作 counted as 凶作 (MoE rule),2020-10-23,2,,,pdfplumber extract_tables,data-pipeline/raw/research/gaps/ketujitu-wb-20201101095717.pdf,http://web.archive.org/web/20201101095717id_/https://www.env.go.jp/nature/choju/effort/effort12/ketujitu.pdf,2020-10-23,pdf CreationDate (header undated)
新潟,Niigata,ブナ,buna,2017,H29,fruiting,凶作～不\n作,凶作～不作,value,凶作,range within 凶作/不作 bucket,2020-10-23,2,,,pdfplumber extract_tables,data-pipeline/raw/research/gaps/ketujitu-wb-20201101095717.pdf,http://web.archive.org/web/20201101095717id_/https://www.env.go.jp/nature/choju/effort/effort12/ketujitu.pdf,2020-10-23,pdf CreationDate (header undated)
新潟,Niigata,ミズナラ,mizunara,2017,H29,fruiting,不作～並\n作,不作～並作,value,並作,MoE rule 凶作～並作/凶作～豊作/不作～並作→並作,2020-10-23,2,,,pdfplumber extract_tables,data-pipeline/raw/research/gaps/ketujitu-wb-20201101095717.pdf,http://web.archive.org/web/20201101095717id_/https://www.env.go.jp/nature/choju/effort/effort12/ketujitu.pdf,2020-10-23,pdf CreationDate (header undated)
新潟,Niigata,コナラ,konara,2017,H29,fruiting,不作～並\n作,不作～並作,value,並作,MoE rule 凶作～並作/凶作～豊作/不作～並作→並作,2020-10-23,2,,,pdfplumber extract_tables,data-pipeline/raw/research/gaps/ketujitu-wb-20201101095717.pdf,http://web.archive.org/web/20201101095717id_/https://www.env.go.jp/nature/choju/effort/effort12/ketujitu.pdf,2020-10-23,pdf CreationDate (header undated)
富山,Toyama,ブナ,buna,2017,H29,fruiting,不作,不作,value,凶作,exact; 不作/やや凶作 counted as 凶作 (MoE rule),2020-10-23,2,,,pdfplumber extract_tables,data-pipeline/raw/research/gaps/ketujitu-wb-20201101095717.pdf,http://web.archive.org/web/20201101095717id_/https://www.env.go.jp/nature/choju/effort/effort12/ketujitu.pdf,2020-10-23,pdf CreationDate (header undated)
富山,Toyama,ミズナラ,mizunara,2017,H29,fruiting,不作,不作,value,凶作,exact; 不作/やや凶作 counted as 凶作 (MoE rule),2020-10-23,2,,,pdfplumber extract_tables,data-pipeline/raw/research/gaps/ketujitu-wb-20201101095717.pdf,http://web.archive.org/web/20201101095717id_/https://www.env.go.jp/nature/choju/effort/effort12/ketujitu.pdf,2020-10-23,pdf CreationDate (header undated)
富山,Toyama,コナラ,konara,2017,H29,fruiting,並作,並作,value,並作,exact; 並上/並下 are 並作 sub-grades,2020-10-23,2,,,pdfplumber extract_tables,data-pipeline/raw/research/gaps/ketujitu-wb-20201101095717.pdf,http://web.archive.org/web/20201101095717id_/https://www.env.go.jp/nature/choju/effort/effort12/ketujitu.pdf,2020-10-23,pdf CreationDate (header undated)
石川,Ishikawa,ブナ,buna,2017,H29,fruiting,並作,並作,value,並作,exact; 並上/並下 are 並作 sub-grades,2020-10-23,2,,,pdfplumber extract_tables,data-pipeline/raw/research/gaps/ketujitu-wb-20201101095717.pdf,http://web.archive.org/web/20201101095717id_/https://www.env.go.jp/nature/choju/effort/effort12/ketujitu.pdf,2020-10-23,pdf CreationDate (header undated)
石川,Ishikawa,ミズナラ,mizunara,2017,H29,fruiting,豊作,豊作,value,豊作,exact; 大豊作 counted as 豊作,2020-10-23,2,,,pdfplumber extract_tables,data-pipeline/raw/research/gaps/ketujitu-wb-20201101095717.pdf,http://web.archive.org/web/20201101095717id_/https://www.env.go.jp/nature/choju/effort/effort12/ketujitu.pdf,2020-10-23,pdf CreationDate (header undated)
石川,Ishikawa,コナラ,konara,2017,H29,fruiting,並作,並作,value,並作,exact; 並上/並下 are 並作 sub-grades,2020-10-23,2,,,pdfplumber extract_tables,data-pipeline/raw/research/gaps/ketujitu-wb-20201101095717.pdf,http://web.archive.org/web/20201101095717id_/https://www.env.go.jp/nature/choju/effort/effort12/ketujitu.pdf,2020-10-23,pdf CreationDate (header undated)
福井,Fukui,ブナ,buna,2017,H29,fruiting,不作,不作,value,凶作,exact; 不作/やや凶作 counted as 凶作 (MoE rule),2020-10-23,2,,,pdfplumber extract_tables,data-pipeline/raw/research/gaps/ketujitu-wb-20201101095717.pdf,http://web.archive.org/web/20201101095717id_/https://www.env.go.jp/nature/choju/effort/effort12/ketujitu.pdf,2020-10-23,pdf CreationDate (header undated)
福井,Fukui,ミズナラ,mizunara,2017,H29,fruiting,不作,不作,value,凶作,exact; 不作/やや凶作 counted as 凶作 (MoE rule),2020-10-23,2,,,pdfplumber extract_tables,data-pipeline/raw/research/gaps/ketujitu-wb-20201101095717.pdf,http://web.archive.org/web/20201101095717id_/https://www.env.go.jp/nature/choju/effort/effort12/ketujitu.pdf,2020-10-23,pdf CreationDate (header undated)
福井,Fukui,コナラ,konara,2017,H29,fruiting,並作,並作,value,並作,exact; 並上/並下 are 並作 sub-grades,2020-10-23,2,,,pdfplumber extract_tables,data-pipeline/raw/research/gaps/ketujitu-wb-20201101095717.pdf,http://web.archive.org/web/20201101095717id_/https://www.env.go.jp/nature/choju/effort/effort12/ketujitu.pdf,2020-10-23,pdf CreationDate (header undated)
山梨,Yamanashi,ブナ,buna,2017,H29,fruiting,凶作\n(北杜市、南ア\nルプス市),凶作 (北杜市、南アルプス市),value,凶作,exact; 不作/やや凶作 counted as 凶作 (MoE rule),2020-10-23,2,,,pdfplumber extract_tables,data-pipeline/raw/research/gaps/ketujitu-wb-20201101095717.pdf,http://web.archive.org/web/20201101095717id_/https://www.env.go.jp/nature/choju/effort/effort12/ketujitu.pdf,2020-10-23,pdf CreationDate (header undated)
山梨,Yamanashi,ミズナラ,mizunara,2017,H29,fruiting,並作\n(北杜市、南ア\nルプス市),並作 (北杜市、南アルプス市),value,並作,exact; 並上/並下 are 並作 sub-grades,2020-10-23,2,,,pdfplumber extract_tables,data-pipeline/raw/research/gaps/ketujitu-wb-20201101095717.pdf,http://web.archive.org/web/20201101095717id_/https://www.env.go.jp/nature/choju/effort/effort12/ketujitu.pdf,2020-10-23,pdf CreationDate (header undated)
山梨,Yamanashi,コナラ,konara,2017,H29,fruiting,並作\n(富士川町),並作 (富士川町),value,並作,exact; 並上/並下 are 並作 sub-grades,2020-10-23,2,,,pdfplumber extract_tables,data-pipeline/raw/research/gaps/ketujitu-wb-20201101095717.pdf,http://web.archive.org/web/20201101095717id_/https://www.env.go.jp/nature/choju/effort/effort12/ketujitu.pdf,2020-10-23,pdf CreationDate (header undated)
長野,Nagano,ブナ,buna,2017,H29,fruiting,凶作～不\n作,凶作～不作,value,凶作,range within 凶作/不作 bucket,2020-10-23,2,,,pdfplumber extract_tables,data-pipeline/raw/research/gaps/ketujitu-wb-20201101095717.pdf,http://web.archive.org/web/20201101095717id_/https://www.env.go.jp/nature/choju/effort/effort12/ketujitu.pdf,2020-10-23,pdf CreationDate (header undated)
長野,Nagano,ミズナラ,mizunara,2017,H29,fruiting,凶作～豊\n作,凶作～豊作,value,並作,MoE rule 凶作～並作/凶作～豊作/不作～並作→並作,2020-10-23,2,,,pdfplumber extract_tables,data-pipeline/raw/research/gaps/ketujitu-wb-20201101095717.pdf,http://web.archive.org/web/20201101095717id_/https://www.env.go.jp/nature/choju/effort/effort12/ketujitu.pdf,2020-10-23,pdf CreationDate (header undated)
長野,Nagano,コナラ,konara,2017,H29,fruiting,不作～豊\n作,不作～豊作,value,並作,range spanning buckets→並作 (by analogy with MoE rule),2020-10-23,2,,,pdfplumber extract_tables,data-pipeline/raw/research/gaps/ketujitu-wb-20201101095717.pdf,http://web.archive.org/web/20201101095717id_/https://www.env.go.jp/nature/choju/effort/effort12/ketujitu.pdf,2020-10-23,pdf CreationDate (header undated)
岐阜,Gifu,ブナ,buna,2017,H29,fruiting,並作,並作,value,並作,exact; 並上/並下 are 並作 sub-grades,2020-10-23,2,,,pdfplumber extract_tables,data-pipeline/raw/research/gaps/ketujitu-wb-20201101095717.pdf,http://web.archive.org/web/20201101095717id_/https://www.env.go.jp/nature/choju/effort/effort12/ketujitu.pdf,2020-10-23,pdf CreationDate (header undated)
岐阜,Gifu,ミズナラ,mizunara,2017,H29,fruiting,並作,並作,value,並作,exact; 並上/並下 are 並作 sub-grades,2020-10-23,2,,,pdfplumber extract_tables,data-pipeline/raw/research/gaps/ketujitu-wb-20201101095717.pdf,http://web.archive.org/web/20201101095717id_/https://www.env.go.jp/nature/choju/effort/effort12/ketujitu.pdf,2020-10-23,pdf CreationDate (header undated)
岐阜,Gifu,コナラ,konara,2017,H29,fruiting,並作,並作,value,並作,exact; 並上/並下 are 並作 sub-grades,2020-10-23,2,,,pdfplumber extract_tables,data-pipeline/raw/research/gaps/ketujitu-wb-20201101095717.pdf,http://web.archive.org/web/20201101095717id_/https://www.env.go.jp/nature/choju/effort/effort12/ketujitu.pdf,2020-10-23,pdf CreationDate (header undated)
静岡,Shizuoka,ブナ,buna,2017,H29,fruiting,－,－,no_data,,,2020-10-23,2,,,pdfplumber extract_tables,data-pipeline/raw/research/gaps/ketujitu-wb-20201101095717.pdf,http://web.archive.org/web/20201101095717id_/https://www.env.go.jp/nature/choju/effort/effort12/ketujitu.pdf,2020-10-23,pdf CreationDate (header undated)
静岡,Shizuoka,ミズナラ,mizunara,2017,H29,fruiting,－,－,no_data,,,2020-10-23,2,,,pdfplumber extract_tables,data-pipeline/raw/research/gaps/ketujitu-wb-20201101095717.pdf,http://web.archive.org/web/20201101095717id_/https://www.env.go.jp/nature/choju/effort/effort12/ketujitu.pdf,2020-10-23,pdf CreationDate (header undated)
静岡,Shizuoka,コナラ,konara,2017,H29,fruiting,－,－,no_data,,,2020-10-23,2,,,pdfplumber extract_tables,data-pipeline/raw/research/gaps/ketujitu-wb-20201101095717.pdf,http://web.archive.org/web/20201101095717id_/https://www.env.go.jp/nature/choju/effort/effort12/ketujitu.pdf,2020-10-23,pdf CreationDate (header undated)
愛知,Aichi,ブナ,buna,2017,H29,fruiting,－,－,no_data,,,2020-10-23,2,,,pdfplumber extract_tables,data-pipeline/raw/research/gaps/ketujitu-wb-20201101095717.pdf,http://web.archive.org/web/20201101095717id_/https://www.env.go.jp/nature/choju/effort/effort12/ketujitu.pdf,2020-10-23,pdf CreationDate (header undated)
愛知,Aichi,ミズナラ,mizunara,2017,H29,fruiting,並作,並作,value,並作,exact; 並上/並下 are 並作 sub-grades,2020-10-23,2,,,pdfplumber extract_tables,data-pipeline/raw/research/gaps/ketujitu-wb-20201101095717.pdf,http://web.archive.org/web/20201101095717id_/https://www.env.go.jp/nature/choju/effort/effort12/ketujitu.pdf,2020-10-23,pdf CreationDate (header undated)
愛知,Aichi,コナラ,konara,2017,H29,fruiting,並作,並作,value,並作,exact; 並上/並下 are 並作 sub-grades,2020-10-23,2,,,pdfplumber extract_tables,data-pipeline/raw/research/gaps/ketujitu-wb-20201101095717.pdf,http://web.archive.org/web/20201101095717id_/https://www.env.go.jp/nature/choju/effort/effort12/ketujitu.pdf,2020-10-23,pdf CreationDate (header undated)
三重,Mie,ブナ,buna,2017,H29,fruiting,－,－,no_data,,,2020-10-23,2,,,pdfplumber extract_tables,data-pipeline/raw/research/gaps/ketujitu-wb-20201101095717.pdf,http://web.archive.org/web/20201101095717id_/https://www.env.go.jp/nature/choju/effort/effort12/ketujitu.pdf,2020-10-23,pdf CreationDate (header undated)
三重,Mie,ミズナラ,mizunara,2017,H29,fruiting,－,－,no_data,,,2020-10-23,2,,,pdfplumber extract_tables,data-pipeline/raw/research/gaps/ketujitu-wb-20201101095717.pdf,http://web.archive.org/web/20201101095717id_/https://www.env.go.jp/nature/choju/effort/effort12/ketujitu.pdf,2020-10-23,pdf CreationDate (header undated)
三重,Mie,コナラ,konara,2017,H29,fruiting,－,－,no_data,,,2020-10-23,2,,,pdfplumber extract_tables,data-pipeline/raw/research/gaps/ketujitu-wb-20201101095717.pdf,http://web.archive.org/web/20201101095717id_/https://www.env.go.jp/nature/choju/effort/effort12/ketujitu.pdf,2020-10-23,pdf CreationDate (header undated)
滋賀,Shiga,ブナ,buna,2017,H29,fruiting,凶作,凶作,value,凶作,exact; 不作/やや凶作 counted as 凶作 (MoE rule),2020-10-23,2,,,pdfplumber extract_tables,data-pipeline/raw/research/gaps/ketujitu-wb-20201101095717.pdf,http://web.archive.org/web/20201101095717id_/https://www.env.go.jp/nature/choju/effort/effort12/ketujitu.pdf,2020-10-23,pdf CreationDate (header undated)
滋賀,Shiga,ミズナラ,mizunara,2017,H29,fruiting,並作,並作,value,並作,exact; 並上/並下 are 並作 sub-grades,2020-10-23,2,,,pdfplumber extract_tables,data-pipeline/raw/research/gaps/ketujitu-wb-20201101095717.pdf,http://web.archive.org/web/20201101095717id_/https://www.env.go.jp/nature/choju/effort/effort12/ketujitu.pdf,2020-10-23,pdf CreationDate (header undated)
滋賀,Shiga,コナラ,konara,2017,H29,fruiting,不作,不作,value,凶作,exact; 不作/やや凶作 counted as 凶作 (MoE rule),2020-10-23,2,,,pdfplumber extract_tables,data-pipeline/raw/research/gaps/ketujitu-wb-20201101095717.pdf,http://web.archive.org/web/20201101095717id_/https://www.env.go.jp/nature/choju/effort/effort12/ketujitu.pdf,2020-10-23,pdf CreationDate (header undated)
京都,Kyoto,ブナ,buna,2017,H29,fruiting,並作,並作,value,並作,exact; 並上/並下 are 並作 sub-grades,2020-10-23,2,,,pdfplumber extract_tables,data-pipeline/raw/research/gaps/ketujitu-wb-20201101095717.pdf,http://web.archive.org/web/20201101095717id_/https://www.env.go.jp/nature/choju/effort/effort12/ketujitu.pdf,2020-10-23,pdf CreationDate (header undated)
京都,Kyoto,ミズナラ,mizunara,2017,H29,fruiting,並作,並作,value,並作,exact; 並上/並下 are 並作 sub-grades,2020-10-23,2,,,pdfplumber extract_tables,data-pipeline/raw/research/gaps/ketujitu-wb-20201101095717.pdf,http://web.archive.org/web/20201101095717id_/https://www.env.go.jp/nature/choju/effort/effort12/ketujitu.pdf,2020-10-23,pdf CreationDate (header undated)
京都,Kyoto,コナラ,konara,2017,H29,fruiting,並作,並作,value,並作,exact; 並上/並下 are 並作 sub-grades,2020-10-23,2,,,pdfplumber extract_tables,data-pipeline/raw/research/gaps/ketujitu-wb-20201101095717.pdf,http://web.archive.org/web/20201101095717id_/https://www.env.go.jp/nature/choju/effort/effort12/ketujitu.pdf,2020-10-23,pdf CreationDate (header undated)
大阪,Osaka,ブナ,buna,2017,H29,fruiting,－,－,no_data,,,2020-10-23,2,,,pdfplumber extract_tables,data-pipeline/raw/research/gaps/ketujitu-wb-20201101095717.pdf,http://web.archive.org/web/20201101095717id_/https://www.env.go.jp/nature/choju/effort/effort12/ketujitu.pdf,2020-10-23,pdf CreationDate (header undated)
大阪,Osaka,ミズナラ,mizunara,2017,H29,fruiting,－,－,no_data,,,2020-10-23,2,,,pdfplumber extract_tables,data-pipeline/raw/research/gaps/ketujitu-wb-20201101095717.pdf,http://web.archive.org/web/20201101095717id_/https://www.env.go.jp/nature/choju/effort/effort12/ketujitu.pdf,2020-10-23,pdf CreationDate (header undated)
大阪,Osaka,コナラ,konara,2017,H29,fruiting,－,－,no_data,,,2020-10-23,2,,,pdfplumber extract_tables,data-pipeline/raw/research/gaps/ketujitu-wb-20201101095717.pdf,http://web.archive.org/web/20201101095717id_/https://www.env.go.jp/nature/choju/effort/effort12/ketujitu.pdf,2020-10-23,pdf CreationDate (header undated)
兵庫,Hyogo,ブナ,buna,2017,H29,fruiting,並作,並作,value,並作,exact; 並上/並下 are 並作 sub-grades,2020-10-23,2,,,pdfplumber extract_tables,data-pipeline/raw/research/gaps/ketujitu-wb-20201101095717.pdf,http://web.archive.org/web/20201101095717id_/https://www.env.go.jp/nature/choju/effort/effort12/ketujitu.pdf,2020-10-23,pdf CreationDate (header undated)
兵庫,Hyogo,ミズナラ,mizunara,2017,H29,fruiting,豊作,豊作,value,豊作,exact; 大豊作 counted as 豊作,2020-10-23,2,,,pdfplumber extract_tables,data-pipeline/raw/research/gaps/ketujitu-wb-20201101095717.pdf,http://web.archive.org/web/20201101095717id_/https://www.env.go.jp/nature/choju/effort/effort12/ketujitu.pdf,2020-10-23,pdf CreationDate (header undated)
兵庫,Hyogo,コナラ,konara,2017,H29,fruiting,豊作,豊作,value,豊作,exact; 大豊作 counted as 豊作,2020-10-23,2,,,pdfplumber extract_tables,data-pipeline/raw/research/gaps/ketujitu-wb-20201101095717.pdf,http://web.archive.org/web/20201101095717id_/https://www.env.go.jp/nature/choju/effort/effort12/ketujitu.pdf,2020-10-23,pdf CreationDate (header undated)
奈良,Nara,ブナ,buna,2017,H29,fruiting,並上,並上,value,並作,exact; 並上/並下 are 並作 sub-grades,2020-10-23,2,,,pdfplumber extract_tables,data-pipeline/raw/research/gaps/ketujitu-wb-20201101095717.pdf,http://web.archive.org/web/20201101095717id_/https://www.env.go.jp/nature/choju/effort/effort12/ketujitu.pdf,2020-10-23,pdf CreationDate (header undated)
奈良,Nara,ミズナラ,mizunara,2017,H29,fruiting,並上,並上,value,並作,exact; 並上/並下 are 並作 sub-grades,2020-10-23,2,,,pdfplumber extract_tables,data-pipeline/raw/research/gaps/ketujitu-wb-20201101095717.pdf,http://web.archive.org/web/20201101095717id_/https://www.env.go.jp/nature/choju/effort/effort12/ketujitu.pdf,2020-10-23,pdf CreationDate (header undated)
奈良,Nara,コナラ,konara,2017,H29,fruiting,並上,並上,value,並作,exact; 並上/並下 are 並作 sub-grades,2020-10-23,2,,,pdfplumber extract_tables,data-pipeline/raw/research/gaps/ketujitu-wb-20201101095717.pdf,http://web.archive.org/web/20201101095717id_/https://www.env.go.jp/nature/choju/effort/effort12/ketujitu.pdf,2020-10-23,pdf CreationDate (header undated)
和歌山,Wakayama,ブナ,buna,2017,H29,fruiting,－,－,no_data,,,2020-10-23,2,,,pdfplumber extract_tables,data-pipeline/raw/research/gaps/ketujitu-wb-20201101095717.pdf,http://web.archive.org/web/20201101095717id_/https://www.env.go.jp/nature/choju/effort/effort12/ketujitu.pdf,2020-10-23,pdf CreationDate (header undated)
和歌山,Wakayama,ミズナラ,mizunara,2017,H29,fruiting,－,－,no_data,,,2020-10-23,2,,,pdfplumber extract_tables,data-pipeline/raw/research/gaps/ketujitu-wb-20201101095717.pdf,http://web.archive.org/web/20201101095717id_/https://www.env.go.jp/nature/choju/effort/effort12/ketujitu.pdf,2020-10-23,pdf CreationDate (header undated)
和歌山,Wakayama,コナラ,konara,2017,H29,fruiting,－,－,no_data,,,2020-10-23,2,,,pdfplumber extract_tables,data-pipeline/raw/research/gaps/ketujitu-wb-20201101095717.pdf,http://web.archive.org/web/20201101095717id_/https://www.env.go.jp/nature/choju/effort/effort12/ketujitu.pdf,2020-10-23,pdf CreationDate (header undated)
鳥取,Tottori,ブナ,buna,2017,H29,fruiting,並上,並上,value,並作,exact; 並上/並下 are 並作 sub-grades,2020-10-23,2,,9月中旬調査までの中間報告に基づく,pdfplumber extract_tables,data-pipeline/raw/research/gaps/ketujitu-wb-20201101095717.pdf,http://web.archive.org/web/20201101095717id_/https://www.env.go.jp/nature/choju/effort/effort12/ketujitu.pdf,2020-10-23,pdf CreationDate (header undated)
鳥取,Tottori,ミズナラ,mizunara,2017,H29,fruiting,豊作,豊作,value,豊作,exact; 大豊作 counted as 豊作,2020-10-23,2,,9月中旬調査までの中間報告に基づく,pdfplumber extract_tables,data-pipeline/raw/research/gaps/ketujitu-wb-20201101095717.pdf,http://web.archive.org/web/20201101095717id_/https://www.env.go.jp/nature/choju/effort/effort12/ketujitu.pdf,2020-10-23,pdf CreationDate (header undated)
鳥取,Tottori,コナラ,konara,2017,H29,fruiting,豊作,豊作,value,豊作,exact; 大豊作 counted as 豊作,2020-10-23,2,,9月中旬調査までの中間報告に基づく,pdfplumber extract_tables,data-pipeline/raw/research/gaps/ketujitu-wb-20201101095717.pdf,http://web.archive.org/web/20201101095717id_/https://www.env.go.jp/nature/choju/effort/effort12/ketujitu.pdf,2020-10-23,pdf CreationDate (header undated)
島根,Shimane,ブナ,buna,2017,H29,fruiting,凶作（東部）並昨（西部）,凶作（東部）並昨（西部）,ambiguous,,east/west split with different categories,2020-10-23,2,2019-01-07=(blank),目視による,pdfplumber extract_tables; split cell re-merged by hand from pdftotext -layout,data-pipeline/raw/research/gaps/ketujitu-wb-20201101095717.pdf,http://web.archive.org/web/20201101095717id_/https://www.env.go.jp/nature/choju/effort/effort12/ketujitu.pdf,2020-10-23,pdf CreationDate (header undated)
島根,Shimane,ミズナラ,mizunara,2017,H29,fruiting,並昨,並昨,value,並作,exact; 並上/並下 are 並作 sub-grades,2020-10-23,2,2019-01-07=(blank),目視による,pdfplumber extract_tables,data-pipeline/raw/research/gaps/ketujitu-wb-20201101095717.pdf,http://web.archive.org/web/20201101095717id_/https://www.env.go.jp/nature/choju/effort/effort12/ketujitu.pdf,2020-10-23,pdf CreationDate (header undated)
島根,Shimane,コナラ,konara,2017,H29,fruiting,豊作,豊作,value,豊作,exact; 大豊作 counted as 豊作,2020-10-23,2,2019-01-07=(blank),目視による,pdfplumber extract_tables,data-pipeline/raw/research/gaps/ketujitu-wb-20201101095717.pdf,http://web.archive.org/web/20201101095717id_/https://www.env.go.jp/nature/choju/effort/effort12/ketujitu.pdf,2020-10-23,pdf CreationDate (header undated)
岡山,Okayama,ブナ,buna,2017,H29,fruiting,豊作,豊作,value,豊作,exact; 大豊作 counted as 豊作,2020-10-23,2,,,pdfplumber extract_tables; split cell re-merged by hand from pdftotext -layout,data-pipeline/raw/research/gaps/ketujitu-wb-20201101095717.pdf,http://web.archive.org/web/20201101095717id_/https://www.env.go.jp/nature/choju/effort/effort12/ketujitu.pdf,2020-10-23,pdf CreationDate (header undated)
岡山,Okayama,ミズナラ,mizunara,2017,H29,fruiting,豊作,豊作,value,豊作,exact; 大豊作 counted as 豊作,2020-10-23,2,,,pdfplumber extract_tables,data-pipeline/raw/research/gaps/ketujitu-wb-20201101095717.pdf,http://web.archive.org/web/20201101095717id_/https://www.env.go.jp/nature/choju/effort/effort12/ketujitu.pdf,2020-10-23,pdf CreationDate (header undated)
岡山,Okayama,コナラ,konara,2017,H29,fruiting,豊作,豊作,value,豊作,exact; 大豊作 counted as 豊作,2020-10-23,2,,,pdfplumber extract_tables,data-pipeline/raw/research/gaps/ketujitu-wb-20201101095717.pdf,http://web.archive.org/web/20201101095717id_/https://www.env.go.jp/nature/choju/effort/effort12/ketujitu.pdf,2020-10-23,pdf CreationDate (header undated)
広島,Hiroshima,ブナ,buna,2017,H29,fruiting,－,－,no_data,,,2020-10-23,2,,適宜，簡易的な調査を実施することとしているが，結果は公表していない。,pdfplumber extract_tables,data-pipeline/raw/research/gaps/ketujitu-wb-20201101095717.pdf,http://web.archive.org/web/20201101095717id_/https://www.env.go.jp/nature/choju/effort/effort12/ketujitu.pdf,2020-10-23,pdf CreationDate (header undated)
広島,Hiroshima,ミズナラ,mizunara,2017,H29,fruiting,－,－,no_data,,,2020-10-23,2,,適宜，簡易的な調査を実施することとしているが，結果は公表していない。,pdfplumber extract_tables,data-pipeline/raw/research/gaps/ketujitu-wb-20201101095717.pdf,http://web.archive.org/web/20201101095717id_/https://www.env.go.jp/nature/choju/effort/effort12/ketujitu.pdf,2020-10-23,pdf CreationDate (header undated)
広島,Hiroshima,コナラ,konara,2017,H29,fruiting,－,－,no_data,,,2020-10-23,2,,適宜，簡易的な調査を実施することとしているが，結果は公表していない。,pdfplumber extract_tables,data-pipeline/raw/research/gaps/ketujitu-wb-20201101095717.pdf,http://web.archive.org/web/20201101095717id_/https://www.env.go.jp/nature/choju/effort/effort12/ketujitu.pdf,2020-10-23,pdf CreationDate (header undated)
山口,Yamaguchi,ブナ,buna,2017,H29,fruiting,公表しない,公表しない,not_published,,,2020-10-23,2,,指標が未定のため,pdfplumber extract_tables,data-pipeline/raw/research/gaps/ketujitu-wb-20201101095717.pdf,http://web.archive.org/web/20201101095717id_/https://www.env.go.jp/nature/choju/effort/effort12/ketujitu.pdf,2020-10-23,pdf CreationDate (header undated)
山口,Yamaguchi,ミズナラ,mizunara,2017,H29,fruiting,公表しない,公表しない,not_published,,,2020-10-23,2,,指標が未定のため,pdfplumber extract_tables,data-pipeline/raw/research/gaps/ketujitu-wb-20201101095717.pdf,http://web.archive.org/web/20201101095717id_/https://www.env.go.jp/nature/choju/effort/effort12/ketujitu.pdf,2020-10-23,pdf CreationDate (header undated)
山口,Yamaguchi,コナラ,konara,2017,H29,fruiting,公表しない,公表しない,not_published,,,2020-10-23,2,,指標が未定のため,pdfplumber extract_tables,data-pipeline/raw/research/gaps/ketujitu-wb-20201101095717.pdf,http://web.archive.org/web/20201101095717id_/https://www.env.go.jp/nature/choju/effort/effort12/ketujitu.pdf,2020-10-23,pdf CreationDate (header undated)
北海道,Hokkaido,ブナ,buna,2018,H30,fruiting,不作・凶作,不作・凶作,value,凶作,range within 凶作/不作 bucket,2022-09-07,3,,ﾌﾞﾅは道南地方のみ分布,pdfplumber extract_tables,data-pipeline/raw/research/gaps/ketujitu-wb-20221022220755.pdf,http://web.archive.org/web/20221022220755id_/https://www.env.go.jp/nature/choju/effort/effort12/ketujitu.pdf,2022-09-07,"pdf CreationDate (header undated, marked 別添３)"
北海道,Hokkaido,ミズナラ,mizunara,2018,H30,fruiting,不作・凶作,不作・凶作,value,凶作,range within 凶作/不作 bucket,2022-09-07,3,,ﾌﾞﾅは道南地方のみ分布,pdfplumber extract_tables,data-pipeline/raw/research/gaps/ketujitu-wb-20221022220755.pdf,http://web.archive.org/web/20221022220755id_/https://www.env.go.jp/nature/choju/effort/effort12/ketujitu.pdf,2022-09-07,"pdf CreationDate (header undated, marked 別添３)"
北海道,Hokkaido,コナラ,konara,2018,H30,fruiting,―,―,no_data,,,2022-09-07,3,2019-01-07=－; 2020-10-23=－,ﾌﾞﾅは道南地方のみ分布,pdfplumber extract_tables,data-pipeline/raw/research/gaps/ketujitu-wb-20221022220755.pdf,http://web.archive.org/web/20221022220755id_/https://www.env.go.jp/nature/choju/effort/effort12/ketujitu.pdf,2022-09-07,"pdf CreationDate (header undated, marked 別添３)"
青森,Aomori,ブナ,buna,2018,H30,fruiting,凶作,凶作,value,凶作,exact; 不作/やや凶作 counted as 凶作 (MoE rule),2022-09-07,3,2019-01-07=並作,東北森林管理局実施,pdfplumber extract_tables,data-pipeline/raw/research/gaps/ketujitu-wb-20221022220755.pdf,http://web.archive.org/web/20221022220755id_/https://www.env.go.jp/nature/choju/effort/effort12/ketujitu.pdf,2022-09-07,"pdf CreationDate (header undated, marked 別添３)"
青森,Aomori,ミズナラ,mizunara,2018,H30,fruiting,―,―,no_data,,,2022-09-07,3,2019-01-07=－; 2020-10-23=－,東北森林管理局実施,pdfplumber extract_tables,data-pipeline/raw/research/gaps/ketujitu-wb-20221022220755.pdf,http://web.archive.org/web/20221022220755id_/https://www.env.go.jp/nature/choju/effort/effort12/ketujitu.pdf,2022-09-07,"pdf CreationDate (header undated, marked 別添３)"
青森,Aomori,コナラ,konara,2018,H30,fruiting,―,―,no_data,,,2022-09-07,3,2019-01-07=－; 2020-10-23=－,東北森林管理局実施,pdfplumber extract_tables,data-pipeline/raw/research/gaps/ketujitu-wb-20221022220755.pdf,http://web.archive.org/web/20221022220755id_/https://www.env.go.jp/nature/choju/effort/effort12/ketujitu.pdf,2022-09-07,"pdf CreationDate (header undated, marked 別添３)"
岩手,Iwate,ブナ,buna,2018,H30,fruiting,並作,並作,value,並作,exact; 並上/並下 are 並作 sub-grades,2022-09-07,3,,,pdfplumber extract_tables,data-pipeline/raw/research/gaps/ketujitu-wb-20221022220755.pdf,http://web.archive.org/web/20221022220755id_/https://www.env.go.jp/nature/choju/effort/effort12/ketujitu.pdf,2022-09-07,"pdf CreationDate (header undated, marked 別添３)"
岩手,Iwate,ミズナラ,mizunara,2018,H30,fruiting,不作,不作,value,凶作,exact; 不作/やや凶作 counted as 凶作 (MoE rule),2022-09-07,3,,,pdfplumber extract_tables,data-pipeline/raw/research/gaps/ketujitu-wb-20221022220755.pdf,http://web.archive.org/web/20221022220755id_/https://www.env.go.jp/nature/choju/effort/effort12/ketujitu.pdf,2022-09-07,"pdf CreationDate (header undated, marked 別添３)"
岩手,Iwate,コナラ,konara,2018,H30,fruiting,不作,不作,value,凶作,exact; 不作/やや凶作 counted as 凶作 (MoE rule),2022-09-07,3,,,pdfplumber extract_tables,data-pipeline/raw/research/gaps/ketujitu-wb-20221022220755.pdf,http://web.archive.org/web/20221022220755id_/https://www.env.go.jp/nature/choju/effort/effort12/ketujitu.pdf,2022-09-07,"pdf CreationDate (header undated, marked 別添３)"
宮城,Miyagi,ブナ,buna,2018,H30,fruiting,豊作,豊作,value,豊作,exact; 大豊作 counted as 豊作,2022-09-07,3,2019-01-07=(blank),,pdfplumber extract_tables,data-pipeline/raw/research/gaps/ketujitu-wb-20221022220755.pdf,http://web.archive.org/web/20221022220755id_/https://www.env.go.jp/nature/choju/effort/effort12/ketujitu.pdf,2022-09-07,"pdf CreationDate (header undated, marked 別添３)"
宮城,Miyagi,ミズナラ,mizunara,2018,H30,fruiting,凶作,凶作,value,凶作,exact; 不作/やや凶作 counted as 凶作 (MoE rule),2022-09-07,3,2019-01-07=(blank),,pdfplumber extract_tables,data-pipeline/raw/research/gaps/ketujitu-wb-20221022220755.pdf,http://web.archive.org/web/20221022220755id_/https://www.env.go.jp/nature/choju/effort/effort12/ketujitu.pdf,2022-09-07,"pdf CreationDate (header undated, marked 別添３)"
宮城,Miyagi,コナラ,konara,2018,H30,fruiting,―,―,no_data,,,2022-09-07,3,2019-01-07=(blank); 2020-10-23=－,,pdfplumber extract_tables,data-pipeline/raw/research/gaps/ketujitu-wb-20221022220755.pdf,http://web.archive.org/web/20221022220755id_/https://www.env.go.jp/nature/choju/effort/effort12/ketujitu.pdf,2022-09-07,"pdf CreationDate (header undated, marked 別添３)"
秋田,Akita,ブナ,buna,2018,H30,fruiting,並作,並作,value,並作,exact; 並上/並下 are 並作 sub-grades,2022-09-07,3,2019-01-07=調査中,,pdfplumber extract_tables,data-pipeline/raw/research/gaps/ketujitu-wb-20221022220755.pdf,http://web.archive.org/web/20221022220755id_/https://www.env.go.jp/nature/choju/effort/effort12/ketujitu.pdf,2022-09-07,"pdf CreationDate (header undated, marked 別添３)"
秋田,Akita,ミズナラ,mizunara,2018,H30,fruiting,豊作,豊作,value,豊作,exact; 大豊作 counted as 豊作,2022-09-07,3,2019-01-07=調査中,,pdfplumber extract_tables,data-pipeline/raw/research/gaps/ketujitu-wb-20221022220755.pdf,http://web.archive.org/web/20221022220755id_/https://www.env.go.jp/nature/choju/effort/effort12/ketujitu.pdf,2022-09-07,"pdf CreationDate (header undated, marked 別添３)"
秋田,Akita,コナラ,konara,2018,H30,fruiting,並作,並作,value,並作,exact; 並上/並下 are 並作 sub-grades,2022-09-07,3,2019-01-07=調査中,,pdfplumber extract_tables,data-pipeline/raw/research/gaps/ketujitu-wb-20221022220755.pdf,http://web.archive.org/web/20221022220755id_/https://www.env.go.jp/nature/choju/effort/effort12/ketujitu.pdf,2022-09-07,"pdf CreationDate (header undated, marked 別添３)"
山形,Yamagata,ブナ,buna,2018,H30,fruiting,並作の箇所が\n多い,並作の箇所が多い,value,並作,majority wording,2022-09-07,3,2019-01-07=並作,,pdfplumber extract_tables,data-pipeline/raw/research/gaps/ketujitu-wb-20221022220755.pdf,http://web.archive.org/web/20221022220755id_/https://www.env.go.jp/nature/choju/effort/effort12/ketujitu.pdf,2022-09-07,"pdf CreationDate (header undated, marked 別添３)"
山形,Yamagata,ミズナラ,mizunara,2018,H30,fruiting,豊作の箇所が\n多い,豊作の箇所が多い,value,豊作,majority wording,2022-09-07,3,2019-01-07=豊作,,pdfplumber extract_tables,data-pipeline/raw/research/gaps/ketujitu-wb-20221022220755.pdf,http://web.archive.org/web/20221022220755id_/https://www.env.go.jp/nature/choju/effort/effort12/ketujitu.pdf,2022-09-07,"pdf CreationDate (header undated, marked 別添３)"
山形,Yamagata,コナラ,konara,2018,H30,fruiting,豊作の箇所が\n多い,豊作の箇所が多い,value,豊作,majority wording,2022-09-07,3,2019-01-07=豊作,,pdfplumber extract_tables,data-pipeline/raw/research/gaps/ketujitu-wb-20221022220755.pdf,http://web.archive.org/web/20221022220755id_/https://www.env.go.jp/nature/choju/effort/effort12/ketujitu.pdf,2022-09-07,"pdf CreationDate (header undated, marked 別添３)"
福島,Fukushima,ブナ,buna,2018,H30,fruiting,豊作,豊作,value,豊作,exact; 大豊作 counted as 豊作,2022-09-07,3,,,pdfplumber extract_tables,data-pipeline/raw/research/gaps/ketujitu-wb-20221022220755.pdf,http://web.archive.org/web/20221022220755id_/https://www.env.go.jp/nature/choju/effort/effort12/ketujitu.pdf,2022-09-07,"pdf CreationDate (header undated, marked 別添３)"
福島,Fukushima,ミズナラ,mizunara,2018,H30,fruiting,並作,並作,value,並作,exact; 並上/並下 are 並作 sub-grades,2022-09-07,3,,,pdfplumber extract_tables,data-pipeline/raw/research/gaps/ketujitu-wb-20221022220755.pdf,http://web.archive.org/web/20221022220755id_/https://www.env.go.jp/nature/choju/effort/effort12/ketujitu.pdf,2022-09-07,"pdf CreationDate (header undated, marked 別添３)"
福島,Fukushima,コナラ,konara,2018,H30,fruiting,並作,並作,value,並作,exact; 並上/並下 are 並作 sub-grades,2022-09-07,3,,,pdfplumber extract_tables,data-pipeline/raw/research/gaps/ketujitu-wb-20221022220755.pdf,http://web.archive.org/web/20221022220755id_/https://www.env.go.jp/nature/choju/effort/effort12/ketujitu.pdf,2022-09-07,"pdf CreationDate (header undated, marked 別添３)"
栃木,Tochigi,ブナ,buna,2018,H30,fruiting,並作,並作,value,並作,exact; 並上/並下 are 並作 sub-grades,2022-09-07,3,,,pdfplumber extract_tables,data-pipeline/raw/research/gaps/ketujitu-wb-20221022220755.pdf,http://web.archive.org/web/20221022220755id_/https://www.env.go.jp/nature/choju/effort/effort12/ketujitu.pdf,2022-09-07,"pdf CreationDate (header undated, marked 別添３)"
栃木,Tochigi,ミズナラ,mizunara,2018,H30,fruiting,凶作～並作,凶作～並作,value,並作,MoE rule 凶作～並作/凶作～豊作/不作～並作→並作,2022-09-07,3,,,pdfplumber extract_tables,data-pipeline/raw/research/gaps/ketujitu-wb-20221022220755.pdf,http://web.archive.org/web/20221022220755id_/https://www.env.go.jp/nature/choju/effort/effort12/ketujitu.pdf,2022-09-07,"pdf CreationDate (header undated, marked 別添３)"
栃木,Tochigi,コナラ,konara,2018,H30,fruiting,不作～並作,不作～並作,value,並作,MoE rule 凶作～並作/凶作～豊作/不作～並作→並作,2022-09-07,3,,,pdfplumber extract_tables,data-pipeline/raw/research/gaps/ketujitu-wb-20221022220755.pdf,http://web.archive.org/web/20221022220755id_/https://www.env.go.jp/nature/choju/effort/effort12/ketujitu.pdf,2022-09-07,"pdf CreationDate (header undated, marked 別添３)"
群馬,Gunma,ブナ,buna,2018,H30,fruiting,並作,並作,value,並作,exact; 並上/並下 are 並作 sub-grades,2022-09-07,3,,,pdfplumber extract_tables,data-pipeline/raw/research/gaps/ketujitu-wb-20221022220755.pdf,http://web.archive.org/web/20221022220755id_/https://www.env.go.jp/nature/choju/effort/effort12/ketujitu.pdf,2022-09-07,"pdf CreationDate (header undated, marked 別添３)"
群馬,Gunma,ミズナラ,mizunara,2018,H30,fruiting,不作,不作,value,凶作,exact; 不作/やや凶作 counted as 凶作 (MoE rule),2022-09-07,3,2019-01-07=並作,,pdfplumber extract_tables,data-pipeline/raw/research/gaps/ketujitu-wb-20221022220755.pdf,http://web.archive.org/web/20221022220755id_/https://www.env.go.jp/nature/choju/effort/effort12/ketujitu.pdf,2022-09-07,"pdf CreationDate (header undated, marked 別添３)"
群馬,Gunma,コナラ,konara,2018,H30,fruiting,不作,不作,value,凶作,exact; 不作/やや凶作 counted as 凶作 (MoE rule),2022-09-07,3,2019-01-07=並作,,pdfplumber extract_tables,data-pipeline/raw/research/gaps/ketujitu-wb-20221022220755.pdf,http://web.archive.org/web/20221022220755id_/https://www.env.go.jp/nature/choju/effort/effort12/ketujitu.pdf,2022-09-07,"pdf CreationDate (header undated, marked 別添３)"
埼玉,Saitama,ブナ,buna,2018,H30,fruiting,―,―,no_data,,,2022-09-07,3,2019-01-07=－; 2020-10-23=－,,pdfplumber extract_tables,data-pipeline/raw/research/gaps/ketujitu-wb-20221022220755.pdf,http://web.archive.org/web/20221022220755id_/https://www.env.go.jp/nature/choju/effort/effort12/ketujitu.pdf,2022-09-07,"pdf CreationDate (header undated, marked 別添３)"
埼玉,Saitama,ミズナラ,mizunara,2018,H30,fruiting,―,―,no_data,,,2022-09-07,3,2019-01-07=－; 2020-10-23=－,,pdfplumber extract_tables,data-pipeline/raw/research/gaps/ketujitu-wb-20221022220755.pdf,http://web.archive.org/web/20221022220755id_/https://www.env.go.jp/nature/choju/effort/effort12/ketujitu.pdf,2022-09-07,"pdf CreationDate (header undated, marked 別添３)"
埼玉,Saitama,コナラ,konara,2018,H30,fruiting,―,―,no_data,,,2022-09-07,3,2019-01-07=－; 2020-10-23=－,,pdfplumber extract_tables,data-pipeline/raw/research/gaps/ketujitu-wb-20221022220755.pdf,http://web.archive.org/web/20221022220755id_/https://www.env.go.jp/nature/choju/effort/effort12/ketujitu.pdf,2022-09-07,"pdf CreationDate (header undated, marked 別添３)"
東京,Tokyo,ブナ,buna,2018,H30,fruiting,凶作～並作,凶作～並作,value,並作,MoE rule 凶作～並作/凶作～豊作/不作～並作→並作,2022-09-07,3,,,pdfplumber extract_tables,data-pipeline/raw/research/gaps/ketujitu-wb-20221022220755.pdf,http://web.archive.org/web/20221022220755id_/https://www.env.go.jp/nature/choju/effort/effort12/ketujitu.pdf,2022-09-07,"pdf CreationDate (header undated, marked 別添３)"
東京,Tokyo,ミズナラ,mizunara,2018,H30,fruiting,並作～豊作,並作～豊作,value,豊作,MoE rule 並作～豊作→豊作,2022-09-07,3,,,pdfplumber extract_tables,data-pipeline/raw/research/gaps/ketujitu-wb-20221022220755.pdf,http://web.archive.org/web/20221022220755id_/https://www.env.go.jp/nature/choju/effort/effort12/ketujitu.pdf,2022-09-07,"pdf CreationDate (header undated, marked 別添３)"
東京,Tokyo,コナラ,konara,2018,H30,fruiting,並作～豊作,並作～豊作,value,豊作,MoE rule 並作～豊作→豊作,2022-09-07,3,,,pdfplumber extract_tables,data-pipeline/raw/research/gaps/ketujitu-wb-20221022220755.pdf,http://web.archive.org/web/20221022220755id_/https://www.env.go.jp/nature/choju/effort/effort12/ketujitu.pdf,2022-09-07,"pdf CreationDate (header undated, marked 別添３)"
神奈川,Kanagawa,ブナ,buna,2018,H30,fruiting,凶作～並作,凶作～並作,value,並作,MoE rule 凶作～並作/凶作～豊作/不作～並作→並作,2022-09-07,3,,,pdfplumber extract_tables,data-pipeline/raw/research/gaps/ketujitu-wb-20221022220755.pdf,http://web.archive.org/web/20221022220755id_/https://www.env.go.jp/nature/choju/effort/effort12/ketujitu.pdf,2022-09-07,"pdf CreationDate (header undated, marked 別添３)"
神奈川,Kanagawa,ミズナラ,mizunara,2018,H30,fruiting,並作,並作,value,並作,exact; 並上/並下 are 並作 sub-grades,2022-09-07,3,,,pdfplumber extract_tables,data-pipeline/raw/research/gaps/ketujitu-wb-20221022220755.pdf,http://web.archive.org/web/20221022220755id_/https://www.env.go.jp/nature/choju/effort/effort12/ketujitu.pdf,2022-09-07,"pdf CreationDate (header undated, marked 別添３)"
神奈川,Kanagawa,コナラ,konara,2018,H30,fruiting,並作,並作,value,並作,exact; 並上/並下 are 並作 sub-grades,2022-09-07,3,,,pdfplumber extract_tables,data-pipeline/raw/research/gaps/ketujitu-wb-20221022220755.pdf,http://web.archive.org/web/20221022220755id_/https://www.env.go.jp/nature/choju/effort/effort12/ketujitu.pdf,2022-09-07,"pdf CreationDate (header undated, marked 別添３)"
新潟,Niigata,ブナ,buna,2018,H30,fruiting,並作～豊作,並作～豊作,value,豊作,MoE rule 並作～豊作→豊作,2022-09-07,3,2019-01-07=(blank),,pdfplumber extract_tables,data-pipeline/raw/research/gaps/ketujitu-wb-20221022220755.pdf,http://web.archive.org/web/20221022220755id_/https://www.env.go.jp/nature/choju/effort/effort12/ketujitu.pdf,2022-09-07,"pdf CreationDate (header undated, marked 別添３)"
新潟,Niigata,ミズナラ,mizunara,2018,H30,fruiting,不作～並作,不作～並作,value,並作,MoE rule 凶作～並作/凶作～豊作/不作～並作→並作,2022-09-07,3,2019-01-07=(blank),,pdfplumber extract_tables,data-pipeline/raw/research/gaps/ketujitu-wb-20221022220755.pdf,http://web.archive.org/web/20221022220755id_/https://www.env.go.jp/nature/choju/effort/effort12/ketujitu.pdf,2022-09-07,"pdf CreationDate (header undated, marked 別添３)"
新潟,Niigata,コナラ,konara,2018,H30,fruiting,不作～並作,不作～並作,value,並作,MoE rule 凶作～並作/凶作～豊作/不作～並作→並作,2022-09-07,3,2019-01-07=(blank),,pdfplumber extract_tables,data-pipeline/raw/research/gaps/ketujitu-wb-20221022220755.pdf,http://web.archive.org/web/20221022220755id_/https://www.env.go.jp/nature/choju/effort/effort12/ketujitu.pdf,2022-09-07,"pdf CreationDate (header undated, marked 別添３)"
富山,Toyama,ブナ,buna,2018,H30,fruiting,並作,並作,value,並作,exact; 並上/並下 are 並作 sub-grades,2022-09-07,3,,,pdfplumber extract_tables,data-pipeline/raw/research/gaps/ketujitu-wb-20221022220755.pdf,http://web.archive.org/web/20221022220755id_/https://www.env.go.jp/nature/choju/effort/effort12/ketujitu.pdf,2022-09-07,"pdf CreationDate (header undated, marked 別添３)"
富山,Toyama,ミズナラ,mizunara,2018,H30,fruiting,不作～並作,不作～並作,value,並作,MoE rule 凶作～並作/凶作～豊作/不作～並作→並作,2022-09-07,3,,,pdfplumber extract_tables,data-pipeline/raw/research/gaps/ketujitu-wb-20221022220755.pdf,http://web.archive.org/web/20221022220755id_/https://www.env.go.jp/nature/choju/effort/effort12/ketujitu.pdf,2022-09-07,"pdf CreationDate (header undated, marked 別添３)"
富山,Toyama,コナラ,konara,2018,H30,fruiting,不作～並作,不作～並作,value,並作,MoE rule 凶作～並作/凶作～豊作/不作～並作→並作,2022-09-07,3,,,pdfplumber extract_tables,data-pipeline/raw/research/gaps/ketujitu-wb-20221022220755.pdf,http://web.archive.org/web/20221022220755id_/https://www.env.go.jp/nature/choju/effort/effort12/ketujitu.pdf,2022-09-07,"pdf CreationDate (header undated, marked 別添３)"
石川,Ishikawa,ブナ,buna,2018,H30,fruiting,豊作,豊作,value,豊作,exact; 大豊作 counted as 豊作,2022-09-07,3,,,pdfplumber extract_tables,data-pipeline/raw/research/gaps/ketujitu-wb-20221022220755.pdf,http://web.archive.org/web/20221022220755id_/https://www.env.go.jp/nature/choju/effort/effort12/ketujitu.pdf,2022-09-07,"pdf CreationDate (header undated, marked 別添３)"
石川,Ishikawa,ミズナラ,mizunara,2018,H30,fruiting,豊作,豊作,value,豊作,exact; 大豊作 counted as 豊作,2022-09-07,3,,,pdfplumber extract_tables,data-pipeline/raw/research/gaps/ketujitu-wb-20221022220755.pdf,http://web.archive.org/web/20221022220755id_/https://www.env.go.jp/nature/choju/effort/effort12/ketujitu.pdf,2022-09-07,"pdf CreationDate (header undated, marked 別添３)"
石川,Ishikawa,コナラ,konara,2018,H30,fruiting,並作,並作,value,並作,exact; 並上/並下 are 並作 sub-grades,2022-09-07,3,,,pdfplumber extract_tables,data-pipeline/raw/research/gaps/ketujitu-wb-20221022220755.pdf,http://web.archive.org/web/20221022220755id_/https://www.env.go.jp/nature/choju/effort/effort12/ketujitu.pdf,2022-09-07,"pdf CreationDate (header undated, marked 別添３)"
福井,Fukui,ブナ,buna,2018,H30,fruiting,不作,不作,value,凶作,exact; 不作/やや凶作 counted as 凶作 (MoE rule),2022-09-07,3,2019-01-07=(blank),,pdfplumber extract_tables,data-pipeline/raw/research/gaps/ketujitu-wb-20221022220755.pdf,http://web.archive.org/web/20221022220755id_/https://www.env.go.jp/nature/choju/effort/effort12/ketujitu.pdf,2022-09-07,"pdf CreationDate (header undated, marked 別添３)"
福井,Fukui,ミズナラ,mizunara,2018,H30,fruiting,並作,並作,value,並作,exact; 並上/並下 are 並作 sub-grades,2022-09-07,3,2019-01-07=(blank),,pdfplumber extract_tables,data-pipeline/raw/research/gaps/ketujitu-wb-20221022220755.pdf,http://web.archive.org/web/20221022220755id_/https://www.env.go.jp/nature/choju/effort/effort12/ketujitu.pdf,2022-09-07,"pdf CreationDate (header undated, marked 別添３)"
福井,Fukui,コナラ,konara,2018,H30,fruiting,並作,並作,value,並作,exact; 並上/並下 are 並作 sub-grades,2022-09-07,3,2019-01-07=(blank),,pdfplumber extract_tables,data-pipeline/raw/research/gaps/ketujitu-wb-20221022220755.pdf,http://web.archive.org/web/20221022220755id_/https://www.env.go.jp/nature/choju/effort/effort12/ketujitu.pdf,2022-09-07,"pdf CreationDate (header undated, marked 別添３)"
山梨,Yamanashi,ブナ,buna,2018,H30,fruiting,凶作\n(北杜市、南アル\nプス市),凶作 (北杜市、南アルプス市),value,凶作,exact; 不作/やや凶作 counted as 凶作 (MoE rule),2022-09-07,3,,,pdfplumber extract_tables,data-pipeline/raw/research/gaps/ketujitu-wb-20221022220755.pdf,http://web.archive.org/web/20221022220755id_/https://www.env.go.jp/nature/choju/effort/effort12/ketujitu.pdf,2022-09-07,"pdf CreationDate (header undated, marked 別添３)"
山梨,Yamanashi,ミズナラ,mizunara,2018,H30,fruiting,並作～凶作\n(北杜市、南アル\nプス市),並作～凶作 (北杜市、南アルプス市),value,並作,MoE rule 凶作～並作/凶作～豊作/不作～並作→並作,2022-09-07,3,,,pdfplumber extract_tables,data-pipeline/raw/research/gaps/ketujitu-wb-20221022220755.pdf,http://web.archive.org/web/20221022220755id_/https://www.env.go.jp/nature/choju/effort/effort12/ketujitu.pdf,2022-09-07,"pdf CreationDate (header undated, marked 別添３)"
山梨,Yamanashi,コナラ,konara,2018,H30,fruiting,並作\n(富士川町),並作 (富士川町),value,並作,exact; 並上/並下 are 並作 sub-grades,2022-09-07,3,,,pdfplumber extract_tables,data-pipeline/raw/research/gaps/ketujitu-wb-20221022220755.pdf,http://web.archive.org/web/20221022220755id_/https://www.env.go.jp/nature/choju/effort/effort12/ketujitu.pdf,2022-09-07,"pdf CreationDate (header undated, marked 別添３)"
長野,Nagano,ブナ,buna,2018,H30,fruiting,大凶作～\n並作,大凶作～並作,value,並作,range spanning buckets→並作 (by analogy with MoE rule),2022-09-07,3,,,pdfplumber extract_tables,data-pipeline/raw/research/gaps/ketujitu-wb-20221022220755.pdf,http://web.archive.org/web/20221022220755id_/https://www.env.go.jp/nature/choju/effort/effort12/ketujitu.pdf,2022-09-07,"pdf CreationDate (header undated, marked 別添３)"
長野,Nagano,ミズナラ,mizunara,2018,H30,fruiting,凶作～\n大豊作,凶作～大豊作,value,並作,range spanning buckets→並作 (by analogy with MoE rule),2022-09-07,3,,,pdfplumber extract_tables,data-pipeline/raw/research/gaps/ketujitu-wb-20221022220755.pdf,http://web.archive.org/web/20221022220755id_/https://www.env.go.jp/nature/choju/effort/effort12/ketujitu.pdf,2022-09-07,"pdf CreationDate (header undated, marked 別添３)"
長野,Nagano,コナラ,konara,2018,H30,fruiting,凶作～\n大豊作,凶作～大豊作,value,並作,range spanning buckets→並作 (by analogy with MoE rule),2022-09-07,3,,,pdfplumber extract_tables,data-pipeline/raw/research/gaps/ketujitu-wb-20221022220755.pdf,http://web.archive.org/web/20221022220755id_/https://www.env.go.jp/nature/choju/effort/effort12/ketujitu.pdf,2022-09-07,"pdf CreationDate (header undated, marked 別添３)"
岐阜,Gifu,ブナ,buna,2018,H30,fruiting,凶作,凶作,value,凶作,exact; 不作/やや凶作 counted as 凶作 (MoE rule),2022-09-07,3,,,pdfplumber extract_tables,data-pipeline/raw/research/gaps/ketujitu-wb-20221022220755.pdf,http://web.archive.org/web/20221022220755id_/https://www.env.go.jp/nature/choju/effort/effort12/ketujitu.pdf,2022-09-07,"pdf CreationDate (header undated, marked 別添３)"
岐阜,Gifu,ミズナラ,mizunara,2018,H30,fruiting,並作,並作,value,並作,exact; 並上/並下 are 並作 sub-grades,2022-09-07,3,,,pdfplumber extract_tables,data-pipeline/raw/research/gaps/ketujitu-wb-20221022220755.pdf,http://web.archive.org/web/20221022220755id_/https://www.env.go.jp/nature/choju/effort/effort12/ketujitu.pdf,2022-09-07,"pdf CreationDate (header undated, marked 別添３)"
岐阜,Gifu,コナラ,konara,2018,H30,fruiting,並作,並作,value,並作,exact; 並上/並下 are 並作 sub-grades,2022-09-07,3,,,pdfplumber extract_tables,data-pipeline/raw/research/gaps/ketujitu-wb-20221022220755.pdf,http://web.archive.org/web/20221022220755id_/https://www.env.go.jp/nature/choju/effort/effort12/ketujitu.pdf,2022-09-07,"pdf CreationDate (header undated, marked 別添３)"
静岡,Shizuoka,ブナ,buna,2018,H30,fruiting,―,―,no_data,,,2022-09-07,3,2019-01-07=－; 2020-10-23=－,,pdfplumber extract_tables,data-pipeline/raw/research/gaps/ketujitu-wb-20221022220755.pdf,http://web.archive.org/web/20221022220755id_/https://www.env.go.jp/nature/choju/effort/effort12/ketujitu.pdf,2022-09-07,"pdf CreationDate (header undated, marked 別添３)"
静岡,Shizuoka,ミズナラ,mizunara,2018,H30,fruiting,―,―,no_data,,,2022-09-07,3,2019-01-07=－; 2020-10-23=－,,pdfplumber extract_tables,data-pipeline/raw/research/gaps/ketujitu-wb-20221022220755.pdf,http://web.archive.org/web/20221022220755id_/https://www.env.go.jp/nature/choju/effort/effort12/ketujitu.pdf,2022-09-07,"pdf CreationDate (header undated, marked 別添３)"
静岡,Shizuoka,コナラ,konara,2018,H30,fruiting,―,―,no_data,,,2022-09-07,3,2019-01-07=－; 2020-10-23=－,,pdfplumber extract_tables,data-pipeline/raw/research/gaps/ketujitu-wb-20221022220755.pdf,http://web.archive.org/web/20221022220755id_/https://www.env.go.jp/nature/choju/effort/effort12/ketujitu.pdf,2022-09-07,"pdf CreationDate (header undated, marked 別添３)"
愛知,Aichi,ブナ,buna,2018,H30,fruiting,―,―,no_data,,,2022-09-07,3,2019-01-07=－; 2020-10-23=－,,pdfplumber extract_tables,data-pipeline/raw/research/gaps/ketujitu-wb-20221022220755.pdf,http://web.archive.org/web/20221022220755id_/https://www.env.go.jp/nature/choju/effort/effort12/ketujitu.pdf,2022-09-07,"pdf CreationDate (header undated, marked 別添３)"
愛知,Aichi,ミズナラ,mizunara,2018,H30,fruiting,並作,並作,value,並作,exact; 並上/並下 are 並作 sub-grades,2022-09-07,3,,,pdfplumber extract_tables,data-pipeline/raw/research/gaps/ketujitu-wb-20221022220755.pdf,http://web.archive.org/web/20221022220755id_/https://www.env.go.jp/nature/choju/effort/effort12/ketujitu.pdf,2022-09-07,"pdf CreationDate (header undated, marked 別添３)"
愛知,Aichi,コナラ,konara,2018,H30,fruiting,並作,並作,value,並作,exact; 並上/並下 are 並作 sub-grades,2022-09-07,3,,,pdfplumber extract_tables,data-pipeline/raw/research/gaps/ketujitu-wb-20221022220755.pdf,http://web.archive.org/web/20221022220755id_/https://www.env.go.jp/nature/choju/effort/effort12/ketujitu.pdf,2022-09-07,"pdf CreationDate (header undated, marked 別添３)"
三重,Mie,ブナ,buna,2018,H30,fruiting,―,―,no_data,,,2022-09-07,3,2019-01-07=－; 2020-10-23=－,,pdfplumber extract_tables,data-pipeline/raw/research/gaps/ketujitu-wb-20221022220755.pdf,http://web.archive.org/web/20221022220755id_/https://www.env.go.jp/nature/choju/effort/effort12/ketujitu.pdf,2022-09-07,"pdf CreationDate (header undated, marked 別添３)"
三重,Mie,ミズナラ,mizunara,2018,H30,fruiting,―,―,no_data,,,2022-09-07,3,2019-01-07=－; 2020-10-23=－,,pdfplumber extract_tables,data-pipeline/raw/research/gaps/ketujitu-wb-20221022220755.pdf,http://web.archive.org/web/20221022220755id_/https://www.env.go.jp/nature/choju/effort/effort12/ketujitu.pdf,2022-09-07,"pdf CreationDate (header undated, marked 別添３)"
三重,Mie,コナラ,konara,2018,H30,fruiting,―,―,no_data,,,2022-09-07,3,2019-01-07=－; 2020-10-23=－,,pdfplumber extract_tables,data-pipeline/raw/research/gaps/ketujitu-wb-20221022220755.pdf,http://web.archive.org/web/20221022220755id_/https://www.env.go.jp/nature/choju/effort/effort12/ketujitu.pdf,2022-09-07,"pdf CreationDate (header undated, marked 別添３)"
滋賀,Shiga,ブナ,buna,2018,H30,fruiting,不作,不作,value,凶作,exact; 不作/やや凶作 counted as 凶作 (MoE rule),2022-09-07,3,2019-01-07=調査中,,pdfplumber extract_tables,data-pipeline/raw/research/gaps/ketujitu-wb-20221022220755.pdf,http://web.archive.org/web/20221022220755id_/https://www.env.go.jp/nature/choju/effort/effort12/ketujitu.pdf,2022-09-07,"pdf CreationDate (header undated, marked 別添３)"
滋賀,Shiga,ミズナラ,mizunara,2018,H30,fruiting,不作,不作,value,凶作,exact; 不作/やや凶作 counted as 凶作 (MoE rule),2022-09-07,3,2019-01-07=調査中,,pdfplumber extract_tables,data-pipeline/raw/research/gaps/ketujitu-wb-20221022220755.pdf,http://web.archive.org/web/20221022220755id_/https://www.env.go.jp/nature/choju/effort/effort12/ketujitu.pdf,2022-09-07,"pdf CreationDate (header undated, marked 別添３)"
滋賀,Shiga,コナラ,konara,2018,H30,fruiting,不作,不作,value,凶作,exact; 不作/やや凶作 counted as 凶作 (MoE rule),2022-09-07,3,2019-01-07=調査中,,pdfplumber extract_tables,data-pipeline/raw/research/gaps/ketujitu-wb-20221022220755.pdf,http://web.archive.org/web/20221022220755id_/https://www.env.go.jp/nature/choju/effort/effort12/ketujitu.pdf,2022-09-07,"pdf CreationDate (header undated, marked 別添３)"
京都,Kyoto,ブナ,buna,2018,H30,fruiting,凶作,凶作,value,凶作,exact; 不作/やや凶作 counted as 凶作 (MoE rule),2022-09-07,3,,,pdfplumber extract_tables,data-pipeline/raw/research/gaps/ketujitu-wb-20221022220755.pdf,http://web.archive.org/web/20221022220755id_/https://www.env.go.jp/nature/choju/effort/effort12/ketujitu.pdf,2022-09-07,"pdf CreationDate (header undated, marked 別添３)"
京都,Kyoto,ミズナラ,mizunara,2018,H30,fruiting,並作,並作,value,並作,exact; 並上/並下 are 並作 sub-grades,2022-09-07,3,,,pdfplumber extract_tables,data-pipeline/raw/research/gaps/ketujitu-wb-20221022220755.pdf,http://web.archive.org/web/20221022220755id_/https://www.env.go.jp/nature/choju/effort/effort12/ketujitu.pdf,2022-09-07,"pdf CreationDate (header undated, marked 別添３)"
京都,Kyoto,コナラ,konara,2018,H30,fruiting,並作,並作,value,並作,exact; 並上/並下 are 並作 sub-grades,2022-09-07,3,,,pdfplumber extract_tables,data-pipeline/raw/research/gaps/ketujitu-wb-20221022220755.pdf,http://web.archive.org/web/20221022220755id_/https://www.env.go.jp/nature/choju/effort/effort12/ketujitu.pdf,2022-09-07,"pdf CreationDate (header undated, marked 別添３)"
大阪,Osaka,ブナ,buna,2018,H30,fruiting,―,―,no_data,,,2022-09-07,3,2019-01-07=－; 2020-10-23=-,,pdfplumber extract_tables,data-pipeline/raw/research/gaps/ketujitu-wb-20221022220755.pdf,http://web.archive.org/web/20221022220755id_/https://www.env.go.jp/nature/choju/effort/effort12/ketujitu.pdf,2022-09-07,"pdf CreationDate (header undated, marked 別添３)"
大阪,Osaka,ミズナラ,mizunara,2018,H30,fruiting,―,―,no_data,,,2022-09-07,3,2019-01-07=－; 2020-10-23=-,,pdfplumber extract_tables,data-pipeline/raw/research/gaps/ketujitu-wb-20221022220755.pdf,http://web.archive.org/web/20221022220755id_/https://www.env.go.jp/nature/choju/effort/effort12/ketujitu.pdf,2022-09-07,"pdf CreationDate (header undated, marked 別添３)"
大阪,Osaka,コナラ,konara,2018,H30,fruiting,―,―,no_data,,,2022-09-07,3,2019-01-07=－; 2020-10-23=-,,pdfplumber extract_tables,data-pipeline/raw/research/gaps/ketujitu-wb-20221022220755.pdf,http://web.archive.org/web/20221022220755id_/https://www.env.go.jp/nature/choju/effort/effort12/ketujitu.pdf,2022-09-07,"pdf CreationDate (header undated, marked 別添３)"
兵庫,Hyogo,ブナ,buna,2018,H30,fruiting,凶作,凶作,value,凶作,exact; 不作/やや凶作 counted as 凶作 (MoE rule),2022-09-07,3,2019-01-07=(blank),,pdfplumber extract_tables,data-pipeline/raw/research/gaps/ketujitu-wb-20221022220755.pdf,http://web.archive.org/web/20221022220755id_/https://www.env.go.jp/nature/choju/effort/effort12/ketujitu.pdf,2022-09-07,"pdf CreationDate (header undated, marked 別添３)"
兵庫,Hyogo,ミズナラ,mizunara,2018,H30,fruiting,並作,並作,value,並作,exact; 並上/並下 are 並作 sub-grades,2022-09-07,3,2019-01-07=(blank),,pdfplumber extract_tables,data-pipeline/raw/research/gaps/ketujitu-wb-20221022220755.pdf,http://web.archive.org/web/20221022220755id_/https://www.env.go.jp/nature/choju/effort/effort12/ketujitu.pdf,2022-09-07,"pdf CreationDate (header undated, marked 別添３)"
兵庫,Hyogo,コナラ,konara,2018,H30,fruiting,並作,並作,value,並作,exact; 並上/並下 are 並作 sub-grades,2022-09-07,3,2019-01-07=(blank),,pdfplumber extract_tables,data-pipeline/raw/research/gaps/ketujitu-wb-20221022220755.pdf,http://web.archive.org/web/20221022220755id_/https://www.env.go.jp/nature/choju/effort/effort12/ketujitu.pdf,2022-09-07,"pdf CreationDate (header undated, marked 別添３)"
奈良,Nara,ブナ,buna,2018,H30,fruiting,凶作～並作下,凶作～並作下,value,並作,range spanning buckets→並作 (by analogy with MoE rule),2022-09-07,3,2019-01-07=実施・集計中,,pdfplumber extract_tables,data-pipeline/raw/research/gaps/ketujitu-wb-20221022220755.pdf,http://web.archive.org/web/20221022220755id_/https://www.env.go.jp/nature/choju/effort/effort12/ketujitu.pdf,2022-09-07,"pdf CreationDate (header undated, marked 別添３)"
奈良,Nara,ミズナラ,mizunara,2018,H30,fruiting,並作下,並作下,value,並作,exact; 並上/並下 are 並作 sub-grades,2022-09-07,3,2019-01-07=実施・集計中,,pdfplumber extract_tables,data-pipeline/raw/research/gaps/ketujitu-wb-20221022220755.pdf,http://web.archive.org/web/20221022220755id_/https://www.env.go.jp/nature/choju/effort/effort12/ketujitu.pdf,2022-09-07,"pdf CreationDate (header undated, marked 別添３)"
奈良,Nara,コナラ,konara,2018,H30,fruiting,並作下,並作下,value,並作,exact; 並上/並下 are 並作 sub-grades,2022-09-07,3,2019-01-07=実施・集計中,,pdfplumber extract_tables,data-pipeline/raw/research/gaps/ketujitu-wb-20221022220755.pdf,http://web.archive.org/web/20221022220755id_/https://www.env.go.jp/nature/choju/effort/effort12/ketujitu.pdf,2022-09-07,"pdf CreationDate (header undated, marked 別添３)"
和歌山,Wakayama,ブナ,buna,2018,H30,fruiting,―,―,no_data,,,2022-09-07,3,2019-01-07=－; 2020-10-23=－,,pdfplumber extract_tables,data-pipeline/raw/research/gaps/ketujitu-wb-20221022220755.pdf,http://web.archive.org/web/20221022220755id_/https://www.env.go.jp/nature/choju/effort/effort12/ketujitu.pdf,2022-09-07,"pdf CreationDate (header undated, marked 別添３)"
和歌山,Wakayama,ミズナラ,mizunara,2018,H30,fruiting,―,―,no_data,,,2022-09-07,3,2019-01-07=－; 2020-10-23=－,,pdfplumber extract_tables,data-pipeline/raw/research/gaps/ketujitu-wb-20221022220755.pdf,http://web.archive.org/web/20221022220755id_/https://www.env.go.jp/nature/choju/effort/effort12/ketujitu.pdf,2022-09-07,"pdf CreationDate (header undated, marked 別添３)"
和歌山,Wakayama,コナラ,konara,2018,H30,fruiting,―,―,no_data,,,2022-09-07,3,2019-01-07=－; 2020-10-23=－,,pdfplumber extract_tables,data-pipeline/raw/research/gaps/ketujitu-wb-20221022220755.pdf,http://web.archive.org/web/20221022220755id_/https://www.env.go.jp/nature/choju/effort/effort12/ketujitu.pdf,2022-09-07,"pdf CreationDate (header undated, marked 別添３)"
鳥取,Tottori,ブナ,buna,2018,H30,fruiting,大凶作,大凶作,value,大凶作,exact,2022-09-07,3,,,pdfplumber extract_tables,data-pipeline/raw/research/gaps/ketujitu-wb-20221022220755.pdf,http://web.archive.org/web/20221022220755id_/https://www.env.go.jp/nature/choju/effort/effort12/ketujitu.pdf,2022-09-07,"pdf CreationDate (header undated, marked 別添３)"
鳥取,Tottori,ミズナラ,mizunara,2018,H30,fruiting,豊作,豊作,value,豊作,exact; 大豊作 counted as 豊作,2022-09-07,3,,,pdfplumber extract_tables,data-pipeline/raw/research/gaps/ketujitu-wb-20221022220755.pdf,http://web.archive.org/web/20221022220755id_/https://www.env.go.jp/nature/choju/effort/effort12/ketujitu.pdf,2022-09-07,"pdf CreationDate (header undated, marked 別添３)"
鳥取,Tottori,コナラ,konara,2018,H30,fruiting,並下,並下,value,並作,exact; 並上/並下 are 並作 sub-grades,2022-09-07,3,,,pdfplumber extract_tables,data-pipeline/raw/research/gaps/ketujitu-wb-20221022220755.pdf,http://web.archive.org/web/20221022220755id_/https://www.env.go.jp/nature/choju/effort/effort12/ketujitu.pdf,2022-09-07,"pdf CreationDate (header undated, marked 別添３)"
島根,Shimane,ブナ,buna,2018,H30,fruiting,凶作,凶作,value,凶作,exact; 不作/やや凶作 counted as 凶作 (MoE rule),2022-09-07,3,,,pdfplumber extract_tables,data-pipeline/raw/research/gaps/ketujitu-wb-20221022220755.pdf,http://web.archive.org/web/20221022220755id_/https://www.env.go.jp/nature/choju/effort/effort12/ketujitu.pdf,2022-09-07,"pdf CreationDate (header undated, marked 別添３)"
島根,Shimane,ミズナラ,mizunara,2018,H30,fruiting,並作,並作,value,並作,exact; 並上/並下 are 並作 sub-grades,2022-09-07,3,,,pdfplumber extract_tables,data-pipeline/raw/research/gaps/ketujitu-wb-20221022220755.pdf,http://web.archive.org/web/20221022220755id_/https://www.env.go.jp/nature/choju/effort/effort12/ketujitu.pdf,2022-09-07,"pdf CreationDate (header undated, marked 別添３)"
島根,Shimane,コナラ,konara,2018,H30,fruiting,並作,並作,value,並作,exact; 並上/並下 are 並作 sub-grades,2022-09-07,3,,,pdfplumber extract_tables,data-pipeline/raw/research/gaps/ketujitu-wb-20221022220755.pdf,http://web.archive.org/web/20221022220755id_/https://www.env.go.jp/nature/choju/effort/effort12/ketujitu.pdf,2022-09-07,"pdf CreationDate (header undated, marked 別添３)"
岡山,Okayama,ブナ,buna,2018,H30,fruiting,凶作,凶作,value,凶作,exact; 不作/やや凶作 counted as 凶作 (MoE rule),2022-09-07,3,,,pdfplumber extract_tables,data-pipeline/raw/research/gaps/ketujitu-wb-20221022220755.pdf,http://web.archive.org/web/20221022220755id_/https://www.env.go.jp/nature/choju/effort/effort12/ketujitu.pdf,2022-09-07,"pdf CreationDate (header undated, marked 別添３)"
岡山,Okayama,ミズナラ,mizunara,2018,H30,fruiting,豊作,豊作,value,豊作,exact; 大豊作 counted as 豊作,2022-09-07,3,,,pdfplumber extract_tables,data-pipeline/raw/research/gaps/ketujitu-wb-20221022220755.pdf,http://web.archive.org/web/20221022220755id_/https://www.env.go.jp/nature/choju/effort/effort12/ketujitu.pdf,2022-09-07,"pdf CreationDate (header undated, marked 別添３)"
岡山,Okayama,コナラ,konara,2018,H30,fruiting,豊作,豊作,value,豊作,exact; 大豊作 counted as 豊作,2022-09-07,3,,,pdfplumber extract_tables,data-pipeline/raw/research/gaps/ketujitu-wb-20221022220755.pdf,http://web.archive.org/web/20221022220755id_/https://www.env.go.jp/nature/choju/effort/effort12/ketujitu.pdf,2022-09-07,"pdf CreationDate (header undated, marked 別添３)"
広島,Hiroshima,ブナ,buna,2018,H30,fruiting,―,―,no_data,,,2022-09-07,3,2019-01-07=－; 2020-10-23=－,,pdfplumber extract_tables,data-pipeline/raw/research/gaps/ketujitu-wb-20221022220755.pdf,http://web.archive.org/web/20221022220755id_/https://www.env.go.jp/nature/choju/effort/effort12/ketujitu.pdf,2022-09-07,"pdf CreationDate (header undated, marked 別添３)"
広島,Hiroshima,ミズナラ,mizunara,2018,H30,fruiting,―,―,no_data,,,2022-09-07,3,2019-01-07=－; 2020-10-23=－,,pdfplumber extract_tables,data-pipeline/raw/research/gaps/ketujitu-wb-20221022220755.pdf,http://web.archive.org/web/20221022220755id_/https://www.env.go.jp/nature/choju/effort/effort12/ketujitu.pdf,2022-09-07,"pdf CreationDate (header undated, marked 別添３)"
広島,Hiroshima,コナラ,konara,2018,H30,fruiting,―,―,no_data,,,2022-09-07,3,2019-01-07=－; 2020-10-23=－,,pdfplumber extract_tables,data-pipeline/raw/research/gaps/ketujitu-wb-20221022220755.pdf,http://web.archive.org/web/20221022220755id_/https://www.env.go.jp/nature/choju/effort/effort12/ketujitu.pdf,2022-09-07,"pdf CreationDate (header undated, marked 別添３)"
山口,Yamaguchi,ブナ,buna,2018,H30,fruiting,公表しない,公表しない,not_published,,,2022-09-07,3,,指標が未定のため,pdfplumber extract_tables,data-pipeline/raw/research/gaps/ketujitu-wb-20221022220755.pdf,http://web.archive.org/web/20221022220755id_/https://www.env.go.jp/nature/choju/effort/effort12/ketujitu.pdf,2022-09-07,"pdf CreationDate (header undated, marked 別添３)"
山口,Yamaguchi,ミズナラ,mizunara,2018,H30,fruiting,公表しない,公表しない,not_published,,,2022-09-07,3,,指標が未定のため,pdfplumber extract_tables,data-pipeline/raw/research/gaps/ketujitu-wb-20221022220755.pdf,http://web.archive.org/web/20221022220755id_/https://www.env.go.jp/nature/choju/effort/effort12/ketujitu.pdf,2022-09-07,"pdf CreationDate (header undated, marked 別添３)"
山口,Yamaguchi,コナラ,konara,2018,H30,fruiting,公表しない,公表しない,not_published,,,2022-09-07,3,,指標が未定のため,pdfplumber extract_tables,data-pipeline/raw/research/gaps/ketujitu-wb-20221022220755.pdf,http://web.archive.org/web/20221022220755id_/https://www.env.go.jp/nature/choju/effort/effort12/ketujitu.pdf,2022-09-07,"pdf CreationDate (header undated, marked 別添３)"
北海道,Hokkaido,ブナ,buna,2019,R1,fruiting,凶作,凶作,value,凶作,exact; 不作/やや凶作 counted as 凶作 (MoE rule),2022-09-07,3,,ﾌﾞﾅは道南地方のみ分布,pdfplumber extract_tables,data-pipeline/raw/research/gaps/ketujitu-wb-20221022220755.pdf,http://web.archive.org/web/20221022220755id_/https://www.env.go.jp/nature/choju/effort/effort12/ketujitu.pdf,2022-09-07,"pdf CreationDate (header undated, marked 別添３)"
北海道,Hokkaido,ミズナラ,mizunara,2019,R1,fruiting,凶作,凶作,value,凶作,exact; 不作/やや凶作 counted as 凶作 (MoE rule),2022-09-07,3,,ﾌﾞﾅは道南地方のみ分布,pdfplumber extract_tables,data-pipeline/raw/research/gaps/ketujitu-wb-20221022220755.pdf,http://web.archive.org/web/20221022220755id_/https://www.env.go.jp/nature/choju/effort/effort12/ketujitu.pdf,2022-09-07,"pdf CreationDate (header undated, marked 別添３)"
北海道,Hokkaido,コナラ,konara,2019,R1,fruiting,―,―,no_data,,,2022-09-07,3,,ﾌﾞﾅは道南地方のみ分布,pdfplumber extract_tables,data-pipeline/raw/research/gaps/ketujitu-wb-20221022220755.pdf,http://web.archive.org/web/20221022220755id_/https://www.env.go.jp/nature/choju/effort/effort12/ketujitu.pdf,2022-09-07,"pdf CreationDate (header undated, marked 別添３)"
青森,Aomori,ブナ,buna,2019,R1,fruiting,凶作,凶作,value,凶作,exact; 不作/やや凶作 counted as 凶作 (MoE rule),2022-09-07,3,,東北森林管理局実施,pdfplumber extract_tables,data-pipeline/raw/research/gaps/ketujitu-wb-20221022220755.pdf,http://web.archive.org/web/20221022220755id_/https://www.env.go.jp/nature/choju/effort/effort12/ketujitu.pdf,2022-09-07,"pdf CreationDate (header undated, marked 別添３)"
青森,Aomori,ミズナラ,mizunara,2019,R1,fruiting,―,―,no_data,,,2022-09-07,3,,東北森林管理局実施,pdfplumber extract_tables,data-pipeline/raw/research/gaps/ketujitu-wb-20221022220755.pdf,http://web.archive.org/web/20221022220755id_/https://www.env.go.jp/nature/choju/effort/effort12/ketujitu.pdf,2022-09-07,"pdf CreationDate (header undated, marked 別添３)"
青森,Aomori,コナラ,konara,2019,R1,fruiting,―,―,no_data,,,2022-09-07,3,,東北森林管理局実施,pdfplumber extract_tables,data-pipeline/raw/research/gaps/ketujitu-wb-20221022220755.pdf,http://web.archive.org/web/20221022220755id_/https://www.env.go.jp/nature/choju/effort/effort12/ketujitu.pdf,2022-09-07,"pdf CreationDate (header undated, marked 別添３)"
岩手,Iwate,ブナ,buna,2019,R1,fruiting,凶作,凶作,value,凶作,exact; 不作/やや凶作 counted as 凶作 (MoE rule),2022-09-07,3,,,pdfplumber extract_tables,data-pipeline/raw/research/gaps/ketujitu-wb-20221022220755.pdf,http://web.archive.org/web/20221022220755id_/https://www.env.go.jp/nature/choju/effort/effort12/ketujitu.pdf,2022-09-07,"pdf CreationDate (header undated, marked 別添３)"
岩手,Iwate,ミズナラ,mizunara,2019,R1,fruiting,凶作,凶作,value,凶作,exact; 不作/やや凶作 counted as 凶作 (MoE rule),2022-09-07,3,,,pdfplumber extract_tables,data-pipeline/raw/research/gaps/ketujitu-wb-20221022220755.pdf,http://web.archive.org/web/20221022220755id_/https://www.env.go.jp/nature/choju/effort/effort12/ketujitu.pdf,2022-09-07,"pdf CreationDate (header undated, marked 別添３)"
岩手,Iwate,コナラ,konara,2019,R1,fruiting,凶作,凶作,value,凶作,exact; 不作/やや凶作 counted as 凶作 (MoE rule),2022-09-07,3,,,pdfplumber extract_tables,data-pipeline/raw/research/gaps/ketujitu-wb-20221022220755.pdf,http://web.archive.org/web/20221022220755id_/https://www.env.go.jp/nature/choju/effort/effort12/ketujitu.pdf,2022-09-07,"pdf CreationDate (header undated, marked 別添３)"
宮城,Miyagi,ブナ,buna,2019,R1,fruiting,凶作,凶作,value,凶作,exact; 不作/やや凶作 counted as 凶作 (MoE rule),2022-09-07,3,,,pdfplumber extract_tables,data-pipeline/raw/research/gaps/ketujitu-wb-20221022220755.pdf,http://web.archive.org/web/20221022220755id_/https://www.env.go.jp/nature/choju/effort/effort12/ketujitu.pdf,2022-09-07,"pdf CreationDate (header undated, marked 別添３)"
宮城,Miyagi,ミズナラ,mizunara,2019,R1,fruiting,並作,並作,value,並作,exact; 並上/並下 are 並作 sub-grades,2022-09-07,3,,,pdfplumber extract_tables,data-pipeline/raw/research/gaps/ketujitu-wb-20221022220755.pdf,http://web.archive.org/web/20221022220755id_/https://www.env.go.jp/nature/choju/effort/effort12/ketujitu.pdf,2022-09-07,"pdf CreationDate (header undated, marked 別添３)"
宮城,Miyagi,コナラ,konara,2019,R1,fruiting,―,―,no_data,,,2022-09-07,3,,,pdfplumber extract_tables,data-pipeline/raw/research/gaps/ketujitu-wb-20221022220755.pdf,http://web.archive.org/web/20221022220755id_/https://www.env.go.jp/nature/choju/effort/effort12/ketujitu.pdf,2022-09-07,"pdf CreationDate (header undated, marked 別添３)"
秋田,Akita,ブナ,buna,2019,R1,fruiting,凶作,凶作,value,凶作,exact; 不作/やや凶作 counted as 凶作 (MoE rule),2022-09-07,3,,,pdfplumber extract_tables,data-pipeline/raw/research/gaps/ketujitu-wb-20221022220755.pdf,http://web.archive.org/web/20221022220755id_/https://www.env.go.jp/nature/choju/effort/effort12/ketujitu.pdf,2022-09-07,"pdf CreationDate (header undated, marked 別添３)"
秋田,Akita,ミズナラ,mizunara,2019,R1,fruiting,凶作,凶作,value,凶作,exact; 不作/やや凶作 counted as 凶作 (MoE rule),2022-09-07,3,,,pdfplumber extract_tables,data-pipeline/raw/research/gaps/ketujitu-wb-20221022220755.pdf,http://web.archive.org/web/20221022220755id_/https://www.env.go.jp/nature/choju/effort/effort12/ketujitu.pdf,2022-09-07,"pdf CreationDate (header undated, marked 別添３)"
秋田,Akita,コナラ,konara,2019,R1,fruiting,凶作,凶作,value,凶作,exact; 不作/やや凶作 counted as 凶作 (MoE rule),2022-09-07,3,,,pdfplumber extract_tables,data-pipeline/raw/research/gaps/ketujitu-wb-20221022220755.pdf,http://web.archive.org/web/20221022220755id_/https://www.env.go.jp/nature/choju/effort/effort12/ketujitu.pdf,2022-09-07,"pdf CreationDate (header undated, marked 別添３)"
山形,Yamagata,ブナ,buna,2019,R1,fruiting,凶作,凶作,value,凶作,exact; 不作/やや凶作 counted as 凶作 (MoE rule),2022-09-07,3,,,pdfplumber extract_tables,data-pipeline/raw/research/gaps/ketujitu-wb-20221022220755.pdf,http://web.archive.org/web/20221022220755id_/https://www.env.go.jp/nature/choju/effort/effort12/ketujitu.pdf,2022-09-07,"pdf CreationDate (header undated, marked 別添３)"
山形,Yamagata,ミズナラ,mizunara,2019,R1,fruiting,並作～豊作,並作～豊作,value,豊作,MoE rule 並作～豊作→豊作,2022-09-07,3,,,pdfplumber extract_tables,data-pipeline/raw/research/gaps/ketujitu-wb-20221022220755.pdf,http://web.archive.org/web/20221022220755id_/https://www.env.go.jp/nature/choju/effort/effort12/ketujitu.pdf,2022-09-07,"pdf CreationDate (header undated, marked 別添３)"
山形,Yamagata,コナラ,konara,2019,R1,fruiting,並作～豊作,並作～豊作,value,豊作,MoE rule 並作～豊作→豊作,2022-09-07,3,,,pdfplumber extract_tables,data-pipeline/raw/research/gaps/ketujitu-wb-20221022220755.pdf,http://web.archive.org/web/20221022220755id_/https://www.env.go.jp/nature/choju/effort/effort12/ketujitu.pdf,2022-09-07,"pdf CreationDate (header undated, marked 別添３)"
福島,Fukushima,ブナ,buna,2019,R1,fruiting,凶作,凶作,value,凶作,exact; 不作/やや凶作 counted as 凶作 (MoE rule),2022-09-07,3,,,pdfplumber extract_tables,data-pipeline/raw/research/gaps/ketujitu-wb-20221022220755.pdf,http://web.archive.org/web/20221022220755id_/https://www.env.go.jp/nature/choju/effort/effort12/ketujitu.pdf,2022-09-07,"pdf CreationDate (header undated, marked 別添３)"
福島,Fukushima,ミズナラ,mizunara,2019,R1,fruiting,並作,並作,value,並作,exact; 並上/並下 are 並作 sub-grades,2022-09-07,3,,,pdfplumber extract_tables,data-pipeline/raw/research/gaps/ketujitu-wb-20221022220755.pdf,http://web.archive.org/web/20221022220755id_/https://www.env.go.jp/nature/choju/effort/effort12/ketujitu.pdf,2022-09-07,"pdf CreationDate (header undated, marked 別添３)"
福島,Fukushima,コナラ,konara,2019,R1,fruiting,並作,並作,value,並作,exact; 並上/並下 are 並作 sub-grades,2022-09-07,3,,,pdfplumber extract_tables,data-pipeline/raw/research/gaps/ketujitu-wb-20221022220755.pdf,http://web.archive.org/web/20221022220755id_/https://www.env.go.jp/nature/choju/effort/effort12/ketujitu.pdf,2022-09-07,"pdf CreationDate (header undated, marked 別添３)"
栃木,Tochigi,ブナ,buna,2019,R1,fruiting,並作,並作,value,並作,exact; 並上/並下 are 並作 sub-grades,2022-09-07,3,,,pdfplumber extract_tables,data-pipeline/raw/research/gaps/ketujitu-wb-20221022220755.pdf,http://web.archive.org/web/20221022220755id_/https://www.env.go.jp/nature/choju/effort/effort12/ketujitu.pdf,2022-09-07,"pdf CreationDate (header undated, marked 別添３)"
栃木,Tochigi,ミズナラ,mizunara,2019,R1,fruiting,凶作～並作,凶作～並作,value,並作,MoE rule 凶作～並作/凶作～豊作/不作～並作→並作,2022-09-07,3,,,pdfplumber extract_tables,data-pipeline/raw/research/gaps/ketujitu-wb-20221022220755.pdf,http://web.archive.org/web/20221022220755id_/https://www.env.go.jp/nature/choju/effort/effort12/ketujitu.pdf,2022-09-07,"pdf CreationDate (header undated, marked 別添３)"
栃木,Tochigi,コナラ,konara,2019,R1,fruiting,不作～並作,不作～並作,value,並作,MoE rule 凶作～並作/凶作～豊作/不作～並作→並作,2022-09-07,3,,,pdfplumber extract_tables,data-pipeline/raw/research/gaps/ketujitu-wb-20221022220755.pdf,http://web.archive.org/web/20221022220755id_/https://www.env.go.jp/nature/choju/effort/effort12/ketujitu.pdf,2022-09-07,"pdf CreationDate (header undated, marked 別添３)"
群馬,Gunma,ブナ,buna,2019,R1,fruiting,凶作,凶作,value,凶作,exact; 不作/やや凶作 counted as 凶作 (MoE rule),2022-09-07,3,,,pdfplumber extract_tables,data-pipeline/raw/research/gaps/ketujitu-wb-20221022220755.pdf,http://web.archive.org/web/20221022220755id_/https://www.env.go.jp/nature/choju/effort/effort12/ketujitu.pdf,2022-09-07,"pdf CreationDate (header undated, marked 別添３)"
群馬,Gunma,ミズナラ,mizunara,2019,R1,fruiting,並作,並作,value,並作,exact; 並上/並下 are 並作 sub-grades,2022-09-07,3,,,pdfplumber extract_tables,data-pipeline/raw/research/gaps/ketujitu-wb-20221022220755.pdf,http://web.archive.org/web/20221022220755id_/https://www.env.go.jp/nature/choju/effort/effort12/ketujitu.pdf,2022-09-07,"pdf CreationDate (header undated, marked 別添３)"
群馬,Gunma,コナラ,konara,2019,R1,fruiting,凶作～並作,凶作～並作,value,並作,MoE rule 凶作～並作/凶作～豊作/不作～並作→並作,2022-09-07,3,,,pdfplumber extract_tables,data-pipeline/raw/research/gaps/ketujitu-wb-20221022220755.pdf,http://web.archive.org/web/20221022220755id_/https://www.env.go.jp/nature/choju/effort/effort12/ketujitu.pdf,2022-09-07,"pdf CreationDate (header undated, marked 別添３)"
埼玉,Saitama,ブナ,buna,2019,R1,fruiting,―,―,no_data,,,2022-09-07,3,,,pdfplumber extract_tables,data-pipeline/raw/research/gaps/ketujitu-wb-20221022220755.pdf,http://web.archive.org/web/20221022220755id_/https://www.env.go.jp/nature/choju/effort/effort12/ketujitu.pdf,2022-09-07,"pdf CreationDate (header undated, marked 別添３)"
埼玉,Saitama,ミズナラ,mizunara,2019,R1,fruiting,―,―,no_data,,,2022-09-07,3,,,pdfplumber extract_tables,data-pipeline/raw/research/gaps/ketujitu-wb-20221022220755.pdf,http://web.archive.org/web/20221022220755id_/https://www.env.go.jp/nature/choju/effort/effort12/ketujitu.pdf,2022-09-07,"pdf CreationDate (header undated, marked 別添３)"
埼玉,Saitama,コナラ,konara,2019,R1,fruiting,―,―,no_data,,,2022-09-07,3,,,pdfplumber extract_tables,data-pipeline/raw/research/gaps/ketujitu-wb-20221022220755.pdf,http://web.archive.org/web/20221022220755id_/https://www.env.go.jp/nature/choju/effort/effort12/ketujitu.pdf,2022-09-07,"pdf CreationDate (header undated, marked 別添３)"
東京,Tokyo,ブナ,buna,2019,R1,fruiting,凶作,凶作,value,凶作,exact; 不作/やや凶作 counted as 凶作 (MoE rule),2022-09-07,3,,,pdfplumber extract_tables,data-pipeline/raw/research/gaps/ketujitu-wb-20221022220755.pdf,http://web.archive.org/web/20221022220755id_/https://www.env.go.jp/nature/choju/effort/effort12/ketujitu.pdf,2022-09-07,"pdf CreationDate (header undated, marked 別添３)"
東京,Tokyo,ミズナラ,mizunara,2019,R1,fruiting,豊作,豊作,value,豊作,exact; 大豊作 counted as 豊作,2022-09-07,3,,,pdfplumber extract_tables,data-pipeline/raw/research/gaps/ketujitu-wb-20221022220755.pdf,http://web.archive.org/web/20221022220755id_/https://www.env.go.jp/nature/choju/effort/effort12/ketujitu.pdf,2022-09-07,"pdf CreationDate (header undated, marked 別添３)"
東京,Tokyo,コナラ,konara,2019,R1,fruiting,凶作～並作,凶作～並作,value,並作,MoE rule 凶作～並作/凶作～豊作/不作～並作→並作,2022-09-07,3,,,pdfplumber extract_tables,data-pipeline/raw/research/gaps/ketujitu-wb-20221022220755.pdf,http://web.archive.org/web/20221022220755id_/https://www.env.go.jp/nature/choju/effort/effort12/ketujitu.pdf,2022-09-07,"pdf CreationDate (header undated, marked 別添３)"
神奈川,Kanagawa,ブナ,buna,2019,R1,fruiting,凶作,凶作,value,凶作,exact; 不作/やや凶作 counted as 凶作 (MoE rule),2022-09-07,3,,,pdfplumber extract_tables,data-pipeline/raw/research/gaps/ketujitu-wb-20221022220755.pdf,http://web.archive.org/web/20221022220755id_/https://www.env.go.jp/nature/choju/effort/effort12/ketujitu.pdf,2022-09-07,"pdf CreationDate (header undated, marked 別添３)"
神奈川,Kanagawa,ミズナラ,mizunara,2019,R1,fruiting,凶作,凶作,value,凶作,exact; 不作/やや凶作 counted as 凶作 (MoE rule),2022-09-07,3,,,pdfplumber extract_tables,data-pipeline/raw/research/gaps/ketujitu-wb-20221022220755.pdf,http://web.archive.org/web/20221022220755id_/https://www.env.go.jp/nature/choju/effort/effort12/ketujitu.pdf,2022-09-07,"pdf CreationDate (header undated, marked 別添３)"
神奈川,Kanagawa,コナラ,konara,2019,R1,fruiting,凶作～並作,凶作～並作,value,並作,MoE rule 凶作～並作/凶作～豊作/不作～並作→並作,2022-09-07,3,,,pdfplumber extract_tables,data-pipeline/raw/research/gaps/ketujitu-wb-20221022220755.pdf,http://web.archive.org/web/20221022220755id_/https://www.env.go.jp/nature/choju/effort/effort12/ketujitu.pdf,2022-09-07,"pdf CreationDate (header undated, marked 別添３)"
新潟,Niigata,ブナ,buna,2019,R1,fruiting,凶作～不作,凶作～不作,value,凶作,range within 凶作/不作 bucket,2022-09-07,3,,,pdfplumber extract_tables,data-pipeline/raw/research/gaps/ketujitu-wb-20221022220755.pdf,http://web.archive.org/web/20221022220755id_/https://www.env.go.jp/nature/choju/effort/effort12/ketujitu.pdf,2022-09-07,"pdf CreationDate (header undated, marked 別添３)"
新潟,Niigata,ミズナラ,mizunara,2019,R1,fruiting,不作～並作,不作～並作,value,並作,MoE rule 凶作～並作/凶作～豊作/不作～並作→並作,2022-09-07,3,,,pdfplumber extract_tables,data-pipeline/raw/research/gaps/ketujitu-wb-20221022220755.pdf,http://web.archive.org/web/20221022220755id_/https://www.env.go.jp/nature/choju/effort/effort12/ketujitu.pdf,2022-09-07,"pdf CreationDate (header undated, marked 別添３)"
新潟,Niigata,コナラ,konara,2019,R1,fruiting,凶作～不作,凶作～不作,value,凶作,range within 凶作/不作 bucket,2022-09-07,3,,,pdfplumber extract_tables,data-pipeline/raw/research/gaps/ketujitu-wb-20221022220755.pdf,http://web.archive.org/web/20221022220755id_/https://www.env.go.jp/nature/choju/effort/effort12/ketujitu.pdf,2022-09-07,"pdf CreationDate (header undated, marked 別添３)"
富山,Toyama,ブナ,buna,2019,R1,fruiting,凶作,凶作,value,凶作,exact; 不作/やや凶作 counted as 凶作 (MoE rule),2022-09-07,3,,,pdfplumber extract_tables,data-pipeline/raw/research/gaps/ketujitu-wb-20221022220755.pdf,http://web.archive.org/web/20221022220755id_/https://www.env.go.jp/nature/choju/effort/effort12/ketujitu.pdf,2022-09-07,"pdf CreationDate (header undated, marked 別添３)"
富山,Toyama,ミズナラ,mizunara,2019,R1,fruiting,全県：凶作\n東部：不作\n西部：凶作,全県：凶作 東部：不作 西部：凶作,value,凶作,全県 value,2022-09-07,3,,,pdfplumber extract_tables,data-pipeline/raw/research/gaps/ketujitu-wb-20221022220755.pdf,http://web.archive.org/web/20221022220755id_/https://www.env.go.jp/nature/choju/effort/effort12/ketujitu.pdf,2022-09-07,"pdf CreationDate (header undated, marked 別添３)"
富山,Toyama,コナラ,konara,2019,R1,fruiting,凶作～並作,凶作～並作,value,並作,MoE rule 凶作～並作/凶作～豊作/不作～並作→並作,2022-09-07,3,,,pdfplumber extract_tables,data-pipeline/raw/research/gaps/ketujitu-wb-20221022220755.pdf,http://web.archive.org/web/20221022220755id_/https://www.env.go.jp/nature/choju/effort/effort12/ketujitu.pdf,2022-09-07,"pdf CreationDate (header undated, marked 別添３)"
石川,Ishikawa,ブナ,buna,2019,R1,fruiting,凶作,凶作,value,凶作,exact; 不作/やや凶作 counted as 凶作 (MoE rule),2022-09-07,3,,,pdfplumber extract_tables,data-pipeline/raw/research/gaps/ketujitu-wb-20221022220755.pdf,http://web.archive.org/web/20221022220755id_/https://www.env.go.jp/nature/choju/effort/effort12/ketujitu.pdf,2022-09-07,"pdf CreationDate (header undated, marked 別添３)"
石川,Ishikawa,ミズナラ,mizunara,2019,R1,fruiting,凶作,凶作,value,凶作,exact; 不作/やや凶作 counted as 凶作 (MoE rule),2022-09-07,3,,,pdfplumber extract_tables,data-pipeline/raw/research/gaps/ketujitu-wb-20221022220755.pdf,http://web.archive.org/web/20221022220755id_/https://www.env.go.jp/nature/choju/effort/effort12/ketujitu.pdf,2022-09-07,"pdf CreationDate (header undated, marked 別添３)"
石川,Ishikawa,コナラ,konara,2019,R1,fruiting,並作,並作,value,並作,exact; 並上/並下 are 並作 sub-grades,2022-09-07,3,,,pdfplumber extract_tables,data-pipeline/raw/research/gaps/ketujitu-wb-20221022220755.pdf,http://web.archive.org/web/20221022220755id_/https://www.env.go.jp/nature/choju/effort/effort12/ketujitu.pdf,2022-09-07,"pdf CreationDate (header undated, marked 別添３)"
福井,Fukui,ブナ,buna,2019,R1,fruiting,凶作,凶作,value,凶作,exact; 不作/やや凶作 counted as 凶作 (MoE rule),2022-09-07,3,,,pdfplumber extract_tables,data-pipeline/raw/research/gaps/ketujitu-wb-20221022220755.pdf,http://web.archive.org/web/20221022220755id_/https://www.env.go.jp/nature/choju/effort/effort12/ketujitu.pdf,2022-09-07,"pdf CreationDate (header undated, marked 別添３)"
福井,Fukui,ミズナラ,mizunara,2019,R1,fruiting,凶作,凶作,value,凶作,exact; 不作/やや凶作 counted as 凶作 (MoE rule),2022-09-07,3,,,pdfplumber extract_tables,data-pipeline/raw/research/gaps/ketujitu-wb-20221022220755.pdf,http://web.archive.org/web/20221022220755id_/https://www.env.go.jp/nature/choju/effort/effort12/ketujitu.pdf,2022-09-07,"pdf CreationDate (header undated, marked 別添３)"
福井,Fukui,コナラ,konara,2019,R1,fruiting,不作,不作,value,凶作,exact; 不作/やや凶作 counted as 凶作 (MoE rule),2022-09-07,3,,,pdfplumber extract_tables,data-pipeline/raw/research/gaps/ketujitu-wb-20221022220755.pdf,http://web.archive.org/web/20221022220755id_/https://www.env.go.jp/nature/choju/effort/effort12/ketujitu.pdf,2022-09-07,"pdf CreationDate (header undated, marked 別添３)"
山梨,Yamanashi,ブナ,buna,2019,R1,fruiting,凶作\n(南アルプス市、\n山梨市),凶作 (南アルプス市、山梨市),value,凶作,exact; 不作/やや凶作 counted as 凶作 (MoE rule),2022-09-07,3,,,pdfplumber extract_tables,data-pipeline/raw/research/gaps/ketujitu-wb-20221022220755.pdf,http://web.archive.org/web/20221022220755id_/https://www.env.go.jp/nature/choju/effort/effort12/ketujitu.pdf,2022-09-07,"pdf CreationDate (header undated, marked 別添３)"
山梨,Yamanashi,ミズナラ,mizunara,2019,R1,fruiting,凶作\n(甲府市、山梨市),凶作 (甲府市、山梨市),value,凶作,exact; 不作/やや凶作 counted as 凶作 (MoE rule),2022-09-07,3,,,pdfplumber extract_tables,data-pipeline/raw/research/gaps/ketujitu-wb-20221022220755.pdf,http://web.archive.org/web/20221022220755id_/https://www.env.go.jp/nature/choju/effort/effort12/ketujitu.pdf,2022-09-07,"pdf CreationDate (header undated, marked 別添３)"
山梨,Yamanashi,コナラ,konara,2019,R1,fruiting,並作\n(富士川町),並作 (富士川町),value,並作,exact; 並上/並下 are 並作 sub-grades,2022-09-07,3,,,pdfplumber extract_tables,data-pipeline/raw/research/gaps/ketujitu-wb-20221022220755.pdf,http://web.archive.org/web/20221022220755id_/https://www.env.go.jp/nature/choju/effort/effort12/ketujitu.pdf,2022-09-07,"pdf CreationDate (header undated, marked 別添３)"
長野,Nagano,ブナ,buna,2019,R1,fruiting,大凶作～\n不作,大凶作～不作,value,凶作,range 大凶作～不作→凶作 (spans 大凶作/凶作 buckets; MoE's 計 row tallies 大凶作 as 凶作),2022-09-07,3,,,pdfplumber extract_tables,data-pipeline/raw/research/gaps/ketujitu-wb-20221022220755.pdf,http://web.archive.org/web/20221022220755id_/https://www.env.go.jp/nature/choju/effort/effort12/ketujitu.pdf,2022-09-07,"pdf CreationDate (header undated, marked 別添３)"
長野,Nagano,ミズナラ,mizunara,2019,R1,fruiting,大凶作～\n大豊作,大凶作～大豊作,value,並作,range spanning buckets→並作 (by analogy with MoE rule),2022-09-07,3,,,pdfplumber extract_tables,data-pipeline/raw/research/gaps/ketujitu-wb-20221022220755.pdf,http://web.archive.org/web/20221022220755id_/https://www.env.go.jp/nature/choju/effort/effort12/ketujitu.pdf,2022-09-07,"pdf CreationDate (header undated, marked 別添３)"
長野,Nagano,コナラ,konara,2019,R1,fruiting,大凶作～\n大豊作,大凶作～大豊作,value,並作,range spanning buckets→並作 (by analogy with MoE rule),2022-09-07,3,,,pdfplumber extract_tables,data-pipeline/raw/research/gaps/ketujitu-wb-20221022220755.pdf,http://web.archive.org/web/20221022220755id_/https://www.env.go.jp/nature/choju/effort/effort12/ketujitu.pdf,2022-09-07,"pdf CreationDate (header undated, marked 別添３)"
岐阜,Gifu,ブナ,buna,2019,R1,fruiting,凶作,凶作,value,凶作,exact; 不作/やや凶作 counted as 凶作 (MoE rule),2022-09-07,3,,,pdfplumber extract_tables,data-pipeline/raw/research/gaps/ketujitu-wb-20221022220755.pdf,http://web.archive.org/web/20221022220755id_/https://www.env.go.jp/nature/choju/effort/effort12/ketujitu.pdf,2022-09-07,"pdf CreationDate (header undated, marked 別添３)"
岐阜,Gifu,ミズナラ,mizunara,2019,R1,fruiting,凶作,凶作,value,凶作,exact; 不作/やや凶作 counted as 凶作 (MoE rule),2022-09-07,3,,,pdfplumber extract_tables,data-pipeline/raw/research/gaps/ketujitu-wb-20221022220755.pdf,http://web.archive.org/web/20221022220755id_/https://www.env.go.jp/nature/choju/effort/effort12/ketujitu.pdf,2022-09-07,"pdf CreationDate (header undated, marked 別添３)"
岐阜,Gifu,コナラ,konara,2019,R1,fruiting,凶作,凶作,value,凶作,exact; 不作/やや凶作 counted as 凶作 (MoE rule),2022-09-07,3,,,pdfplumber extract_tables,data-pipeline/raw/research/gaps/ketujitu-wb-20221022220755.pdf,http://web.archive.org/web/20221022220755id_/https://www.env.go.jp/nature/choju/effort/effort12/ketujitu.pdf,2022-09-07,"pdf CreationDate (header undated, marked 別添３)"
静岡,Shizuoka,ブナ,buna,2019,R1,fruiting,―,―,no_data,,,2022-09-07,3,,,pdfplumber extract_tables,data-pipeline/raw/research/gaps/ketujitu-wb-20221022220755.pdf,http://web.archive.org/web/20221022220755id_/https://www.env.go.jp/nature/choju/effort/effort12/ketujitu.pdf,2022-09-07,"pdf CreationDate (header undated, marked 別添３)"
静岡,Shizuoka,ミズナラ,mizunara,2019,R1,fruiting,―,―,no_data,,,2022-09-07,3,,,pdfplumber extract_tables,data-pipeline/raw/research/gaps/ketujitu-wb-20221022220755.pdf,http://web.archive.org/web/20221022220755id_/https://www.env.go.jp/nature/choju/effort/effort12/ketujitu.pdf,2022-09-07,"pdf CreationDate (header undated, marked 別添３)"
静岡,Shizuoka,コナラ,konara,2019,R1,fruiting,―,―,no_data,,,2022-09-07,3,,,pdfplumber extract_tables,data-pipeline/raw/research/gaps/ketujitu-wb-20221022220755.pdf,http://web.archive.org/web/20221022220755id_/https://www.env.go.jp/nature/choju/effort/effort12/ketujitu.pdf,2022-09-07,"pdf CreationDate (header undated, marked 別添３)"
愛知,Aichi,ブナ,buna,2019,R1,fruiting,―,―,no_data,,,2022-09-07,3,,,pdfplumber extract_tables,data-pipeline/raw/research/gaps/ketujitu-wb-20221022220755.pdf,http://web.archive.org/web/20221022220755id_/https://www.env.go.jp/nature/choju/effort/effort12/ketujitu.pdf,2022-09-07,"pdf CreationDate (header undated, marked 別添３)"
愛知,Aichi,ミズナラ,mizunara,2019,R1,fruiting,並作,並作,value,並作,exact; 並上/並下 are 並作 sub-grades,2022-09-07,3,,,pdfplumber extract_tables,data-pipeline/raw/research/gaps/ketujitu-wb-20221022220755.pdf,http://web.archive.org/web/20221022220755id_/https://www.env.go.jp/nature/choju/effort/effort12/ketujitu.pdf,2022-09-07,"pdf CreationDate (header undated, marked 別添３)"
愛知,Aichi,コナラ,konara,2019,R1,fruiting,凶作,凶作,value,凶作,exact; 不作/やや凶作 counted as 凶作 (MoE rule),2022-09-07,3,,,pdfplumber extract_tables,data-pipeline/raw/research/gaps/ketujitu-wb-20221022220755.pdf,http://web.archive.org/web/20221022220755id_/https://www.env.go.jp/nature/choju/effort/effort12/ketujitu.pdf,2022-09-07,"pdf CreationDate (header undated, marked 別添３)"
三重,Mie,ブナ,buna,2019,R1,fruiting,―,―,no_data,,,2022-09-07,3,,,pdfplumber extract_tables,data-pipeline/raw/research/gaps/ketujitu-wb-20221022220755.pdf,http://web.archive.org/web/20221022220755id_/https://www.env.go.jp/nature/choju/effort/effort12/ketujitu.pdf,2022-09-07,"pdf CreationDate (header undated, marked 別添３)"
三重,Mie,ミズナラ,mizunara,2019,R1,fruiting,―,―,no_data,,,2022-09-07,3,,,pdfplumber extract_tables,data-pipeline/raw/research/gaps/ketujitu-wb-20221022220755.pdf,http://web.archive.org/web/20221022220755id_/https://www.env.go.jp/nature/choju/effort/effort12/ketujitu.pdf,2022-09-07,"pdf CreationDate (header undated, marked 別添３)"
三重,Mie,コナラ,konara,2019,R1,fruiting,―,―,no_data,,,2022-09-07,3,,,pdfplumber extract_tables,data-pipeline/raw/research/gaps/ketujitu-wb-20221022220755.pdf,http://web.archive.org/web/20221022220755id_/https://www.env.go.jp/nature/choju/effort/effort12/ketujitu.pdf,2022-09-07,"pdf CreationDate (header undated, marked 別添３)"
滋賀,Shiga,ブナ,buna,2019,R1,fruiting,凶作,凶作,value,凶作,exact; 不作/やや凶作 counted as 凶作 (MoE rule),2022-09-07,3,,,pdfplumber extract_tables,data-pipeline/raw/research/gaps/ketujitu-wb-20221022220755.pdf,http://web.archive.org/web/20221022220755id_/https://www.env.go.jp/nature/choju/effort/effort12/ketujitu.pdf,2022-09-07,"pdf CreationDate (header undated, marked 別添３)"
滋賀,Shiga,ミズナラ,mizunara,2019,R1,fruiting,凶作,凶作,value,凶作,exact; 不作/やや凶作 counted as 凶作 (MoE rule),2022-09-07,3,,,pdfplumber extract_tables,data-pipeline/raw/research/gaps/ketujitu-wb-20221022220755.pdf,http://web.archive.org/web/20221022220755id_/https://www.env.go.jp/nature/choju/effort/effort12/ketujitu.pdf,2022-09-07,"pdf CreationDate (header undated, marked 別添３)"
滋賀,Shiga,コナラ,konara,2019,R1,fruiting,凶作,凶作,value,凶作,exact; 不作/やや凶作 counted as 凶作 (MoE rule),2022-09-07,3,,,pdfplumber extract_tables,data-pipeline/raw/research/gaps/ketujitu-wb-20221022220755.pdf,http://web.archive.org/web/20221022220755id_/https://www.env.go.jp/nature/choju/effort/effort12/ketujitu.pdf,2022-09-07,"pdf CreationDate (header undated, marked 別添３)"
京都,Kyoto,ブナ,buna,2019,R1,fruiting,凶作,凶作,value,凶作,exact; 不作/やや凶作 counted as 凶作 (MoE rule),2022-09-07,3,,,pdfplumber extract_tables,data-pipeline/raw/research/gaps/ketujitu-wb-20221022220755.pdf,http://web.archive.org/web/20221022220755id_/https://www.env.go.jp/nature/choju/effort/effort12/ketujitu.pdf,2022-09-07,"pdf CreationDate (header undated, marked 別添３)"
京都,Kyoto,ミズナラ,mizunara,2019,R1,fruiting,凶作,凶作,value,凶作,exact; 不作/やや凶作 counted as 凶作 (MoE rule),2022-09-07,3,,,pdfplumber extract_tables,data-pipeline/raw/research/gaps/ketujitu-wb-20221022220755.pdf,http://web.archive.org/web/20221022220755id_/https://www.env.go.jp/nature/choju/effort/effort12/ketujitu.pdf,2022-09-07,"pdf CreationDate (header undated, marked 別添３)"
京都,Kyoto,コナラ,konara,2019,R1,fruiting,凶作,凶作,value,凶作,exact; 不作/やや凶作 counted as 凶作 (MoE rule),2022-09-07,3,,,pdfplumber extract_tables,data-pipeline/raw/research/gaps/ketujitu-wb-20221022220755.pdf,http://web.archive.org/web/20221022220755id_/https://www.env.go.jp/nature/choju/effort/effort12/ketujitu.pdf,2022-09-07,"pdf CreationDate (header undated, marked 別添３)"
大阪,Osaka,ブナ,buna,2019,R1,fruiting,―,―,no_data,,,2022-09-07,3,,,pdfplumber extract_tables,data-pipeline/raw/research/gaps/ketujitu-wb-20221022220755.pdf,http://web.archive.org/web/20221022220755id_/https://www.env.go.jp/nature/choju/effort/effort12/ketujitu.pdf,2022-09-07,"pdf CreationDate (header undated, marked 別添３)"
大阪,Osaka,ミズナラ,mizunara,2019,R1,fruiting,―,―,no_data,,,2022-09-07,3,,,pdfplumber extract_tables,data-pipeline/raw/research/gaps/ketujitu-wb-20221022220755.pdf,http://web.archive.org/web/20221022220755id_/https://www.env.go.jp/nature/choju/effort/effort12/ketujitu.pdf,2022-09-07,"pdf CreationDate (header undated, marked 別添３)"
大阪,Osaka,コナラ,konara,2019,R1,fruiting,―,―,no_data,,,2022-09-07,3,,,pdfplumber extract_tables,data-pipeline/raw/research/gaps/ketujitu-wb-20221022220755.pdf,http://web.archive.org/web/20221022220755id_/https://www.env.go.jp/nature/choju/effort/effort12/ketujitu.pdf,2022-09-07,"pdf CreationDate (header undated, marked 別添３)"
兵庫,Hyogo,ブナ,buna,2019,R1,fruiting,大凶作\n極小値を基準とした場合、\n平年値の1/3未満,大凶作 極小値を基準とした場合、平年値の1/3未満,value,大凶作,headline before threshold note,2022-09-07,3,2020-10-23=大凶作; 2021-11-01=大凶作,,pdfplumber extract_tables,data-pipeline/raw/research/gaps/ketujitu-wb-20221022220755.pdf,http://web.archive.org/web/20221022220755id_/https://www.env.go.jp/nature/choju/effort/effort12/ketujitu.pdf,2022-09-07,"pdf CreationDate (header undated, marked 別添３)"
兵庫,Hyogo,ミズナラ,mizunara,2019,R1,fruiting,凶\n極小値を基準とした場合、\n平年値の1/3以上2/3未満,凶 極小値を基準とした場合、平年値の1/3以上2/3未満,value,凶作,headline before threshold note,2022-09-07,3,2020-10-23=凶作; 2021-11-01=凶,,pdfplumber extract_tables,data-pipeline/raw/research/gaps/ketujitu-wb-20221022220755.pdf,http://web.archive.org/web/20221022220755id_/https://www.env.go.jp/nature/choju/effort/effort12/ketujitu.pdf,2022-09-07,"pdf CreationDate (header undated, marked 別添３)"
兵庫,Hyogo,コナラ,konara,2019,R1,fruiting,並下\n極小値を基準とした場合、\n平年値の2/3以上,並下 極小値を基準とした場合、平年値の2/3以上,value,並作,headline before threshold note,2022-09-07,3,2020-10-23=並下; 2021-11-01=並下,,pdfplumber extract_tables,data-pipeline/raw/research/gaps/ketujitu-wb-20221022220755.pdf,http://web.archive.org/web/20221022220755id_/https://www.env.go.jp/nature/choju/effort/effort12/ketujitu.pdf,2022-09-07,"pdf CreationDate (header undated, marked 別添３)"
奈良,Nara,ブナ,buna,2019,R1,fruiting,凶作,凶作,value,凶作,exact; 不作/やや凶作 counted as 凶作 (MoE rule),2022-09-07,3,,,pdfplumber extract_tables,data-pipeline/raw/research/gaps/ketujitu-wb-20221022220755.pdf,http://web.archive.org/web/20221022220755id_/https://www.env.go.jp/nature/choju/effort/effort12/ketujitu.pdf,2022-09-07,"pdf CreationDate (header undated, marked 別添３)"
奈良,Nara,ミズナラ,mizunara,2019,R1,fruiting,凶作,凶作,value,凶作,exact; 不作/やや凶作 counted as 凶作 (MoE rule),2022-09-07,3,,,pdfplumber extract_tables,data-pipeline/raw/research/gaps/ketujitu-wb-20221022220755.pdf,http://web.archive.org/web/20221022220755id_/https://www.env.go.jp/nature/choju/effort/effort12/ketujitu.pdf,2022-09-07,"pdf CreationDate (header undated, marked 別添３)"
奈良,Nara,コナラ,konara,2019,R1,fruiting,並作,並作,value,並作,exact; 並上/並下 are 並作 sub-grades,2022-09-07,3,,,pdfplumber extract_tables,data-pipeline/raw/research/gaps/ketujitu-wb-20221022220755.pdf,http://web.archive.org/web/20221022220755id_/https://www.env.go.jp/nature/choju/effort/effort12/ketujitu.pdf,2022-09-07,"pdf CreationDate (header undated, marked 別添３)"
和歌山,Wakayama,ブナ,buna,2019,R1,fruiting,―,―,no_data,,,2022-09-07,3,,,pdfplumber extract_tables,data-pipeline/raw/research/gaps/ketujitu-wb-20221022220755.pdf,http://web.archive.org/web/20221022220755id_/https://www.env.go.jp/nature/choju/effort/effort12/ketujitu.pdf,2022-09-07,"pdf CreationDate (header undated, marked 別添３)"
和歌山,Wakayama,ミズナラ,mizunara,2019,R1,fruiting,―,―,no_data,,,2022-09-07,3,,,pdfplumber extract_tables,data-pipeline/raw/research/gaps/ketujitu-wb-20221022220755.pdf,http://web.archive.org/web/20221022220755id_/https://www.env.go.jp/nature/choju/effort/effort12/ketujitu.pdf,2022-09-07,"pdf CreationDate (header undated, marked 別添３)"
和歌山,Wakayama,コナラ,konara,2019,R1,fruiting,―,―,no_data,,,2022-09-07,3,,,pdfplumber extract_tables,data-pipeline/raw/research/gaps/ketujitu-wb-20221022220755.pdf,http://web.archive.org/web/20221022220755id_/https://www.env.go.jp/nature/choju/effort/effort12/ketujitu.pdf,2022-09-07,"pdf CreationDate (header undated, marked 別添３)"
鳥取,Tottori,ブナ,buna,2019,R1,fruiting,大凶作,大凶作,value,大凶作,exact,2022-09-07,3,,,pdfplumber extract_tables,data-pipeline/raw/research/gaps/ketujitu-wb-20221022220755.pdf,http://web.archive.org/web/20221022220755id_/https://www.env.go.jp/nature/choju/effort/effort12/ketujitu.pdf,2022-09-07,"pdf CreationDate (header undated, marked 別添３)"
鳥取,Tottori,ミズナラ,mizunara,2019,R1,fruiting,並作下,並作下,value,並作,exact; 並上/並下 are 並作 sub-grades,2022-09-07,3,,,pdfplumber extract_tables,data-pipeline/raw/research/gaps/ketujitu-wb-20221022220755.pdf,http://web.archive.org/web/20221022220755id_/https://www.env.go.jp/nature/choju/effort/effort12/ketujitu.pdf,2022-09-07,"pdf CreationDate (header undated, marked 別添３)"
鳥取,Tottori,コナラ,konara,2019,R1,fruiting,並作上,並作上,value,並作,exact; 並上/並下 are 並作 sub-grades,2022-09-07,3,,,pdfplumber extract_tables,data-pipeline/raw/research/gaps/ketujitu-wb-20221022220755.pdf,http://web.archive.org/web/20221022220755id_/https://www.env.go.jp/nature/choju/effort/effort12/ketujitu.pdf,2022-09-07,"pdf CreationDate (header undated, marked 別添３)"
島根,Shimane,ブナ,buna,2019,R1,fruiting,凶作,凶作,value,凶作,exact; 不作/やや凶作 counted as 凶作 (MoE rule),2022-09-07,3,,,pdfplumber extract_tables,data-pipeline/raw/research/gaps/ketujitu-wb-20221022220755.pdf,http://web.archive.org/web/20221022220755id_/https://www.env.go.jp/nature/choju/effort/effort12/ketujitu.pdf,2022-09-07,"pdf CreationDate (header undated, marked 別添３)"
島根,Shimane,ミズナラ,mizunara,2019,R1,fruiting,凶作,凶作,value,凶作,exact; 不作/やや凶作 counted as 凶作 (MoE rule),2022-09-07,3,,,pdfplumber extract_tables,data-pipeline/raw/research/gaps/ketujitu-wb-20221022220755.pdf,http://web.archive.org/web/20221022220755id_/https://www.env.go.jp/nature/choju/effort/effort12/ketujitu.pdf,2022-09-07,"pdf CreationDate (header undated, marked 別添３)"
島根,Shimane,コナラ,konara,2019,R1,fruiting,豊作\n（結実はモザイク状）,豊作 （結実はモザイク状）,value,豊作,exact; 大豊作 counted as 豊作,2022-09-07,3,2020-10-23=並作 （結実はモザイク状）; 2021-11-01=並作 （結実はモザイク状）,,pdfplumber extract_tables,data-pipeline/raw/research/gaps/ketujitu-wb-20221022220755.pdf,http://web.archive.org/web/20221022220755id_/https://www.env.go.jp/nature/choju/effort/effort12/ketujitu.pdf,2022-09-07,"pdf CreationDate (header undated, marked 別添３)"
岡山,Okayama,ブナ,buna,2019,R1,fruiting,凶作,凶作,value,凶作,exact; 不作/やや凶作 counted as 凶作 (MoE rule),2022-09-07,3,,,pdfplumber extract_tables,data-pipeline/raw/research/gaps/ketujitu-wb-20221022220755.pdf,http://web.archive.org/web/20221022220755id_/https://www.env.go.jp/nature/choju/effort/effort12/ketujitu.pdf,2022-09-07,"pdf CreationDate (header undated, marked 別添３)"
岡山,Okayama,ミズナラ,mizunara,2019,R1,fruiting,並作,並作,value,並作,exact; 並上/並下 are 並作 sub-grades,2022-09-07,3,,,pdfplumber extract_tables,data-pipeline/raw/research/gaps/ketujitu-wb-20221022220755.pdf,http://web.archive.org/web/20221022220755id_/https://www.env.go.jp/nature/choju/effort/effort12/ketujitu.pdf,2022-09-07,"pdf CreationDate (header undated, marked 別添３)"
岡山,Okayama,コナラ,konara,2019,R1,fruiting,並作,並作,value,並作,exact; 並上/並下 are 並作 sub-grades,2022-09-07,3,,,pdfplumber extract_tables,data-pipeline/raw/research/gaps/ketujitu-wb-20221022220755.pdf,http://web.archive.org/web/20221022220755id_/https://www.env.go.jp/nature/choju/effort/effort12/ketujitu.pdf,2022-09-07,"pdf CreationDate (header undated, marked 別添３)"
広島,Hiroshima,ブナ,buna,2019,R1,fruiting,―,―,no_data,,,2022-09-07,3,,,pdfplumber extract_tables,data-pipeline/raw/research/gaps/ketujitu-wb-20221022220755.pdf,http://web.archive.org/web/20221022220755id_/https://www.env.go.jp/nature/choju/effort/effort12/ketujitu.pdf,2022-09-07,"pdf CreationDate (header undated, marked 別添３)"
広島,Hiroshima,ミズナラ,mizunara,2019,R1,fruiting,―,―,no_data,,,2022-09-07,3,,,pdfplumber extract_tables,data-pipeline/raw/research/gaps/ketujitu-wb-20221022220755.pdf,http://web.archive.org/web/20221022220755id_/https://www.env.go.jp/nature/choju/effort/effort12/ketujitu.pdf,2022-09-07,"pdf CreationDate (header undated, marked 別添３)"
広島,Hiroshima,コナラ,konara,2019,R1,fruiting,―,―,no_data,,,2022-09-07,3,,,pdfplumber extract_tables,data-pipeline/raw/research/gaps/ketujitu-wb-20221022220755.pdf,http://web.archive.org/web/20221022220755id_/https://www.env.go.jp/nature/choju/effort/effort12/ketujitu.pdf,2022-09-07,"pdf CreationDate (header undated, marked 別添３)"
山口,Yamaguchi,ブナ,buna,2019,R1,fruiting,―,―,no_data,,,2022-09-07,3,,指標が未定のため,pdfplumber extract_tables,data-pipeline/raw/research/gaps/ketujitu-wb-20221022220755.pdf,http://web.archive.org/web/20221022220755id_/https://www.env.go.jp/nature/choju/effort/effort12/ketujitu.pdf,2022-09-07,"pdf CreationDate (header undated, marked 別添３)"
山口,Yamaguchi,ミズナラ,mizunara,2019,R1,fruiting,―,―,no_data,,,2022-09-07,3,,指標が未定のため,pdfplumber extract_tables,data-pipeline/raw/research/gaps/ketujitu-wb-20221022220755.pdf,http://web.archive.org/web/20221022220755id_/https://www.env.go.jp/nature/choju/effort/effort12/ketujitu.pdf,2022-09-07,"pdf CreationDate (header undated, marked 別添３)"
山口,Yamaguchi,コナラ,konara,2019,R1,fruiting,公表しない,公表しない,not_published,,,2022-09-07,3,2021-11-01=公表未定,指標が未定のため,pdfplumber extract_tables,data-pipeline/raw/research/gaps/ketujitu-wb-20221022220755.pdf,http://web.archive.org/web/20221022220755id_/https://www.env.go.jp/nature/choju/effort/effort12/ketujitu.pdf,2022-09-07,"pdf CreationDate (header undated, marked 別添３)"
北海道,Hokkaido,ブナ,buna,2020,R2,fruiting,不作～凶作,不作～凶作,value,凶作,range within 凶作/不作 bucket,2022-09-07,3,,ﾌﾞﾅは道南地方のみ分布,pdfplumber extract_tables,data-pipeline/raw/research/gaps/ketujitu-wb-20221022220755.pdf,http://web.archive.org/web/20221022220755id_/https://www.env.go.jp/nature/choju/effort/effort12/ketujitu.pdf,2022-09-07,"pdf CreationDate (header undated, marked 別添３)"
北海道,Hokkaido,ミズナラ,mizunara,2020,R2,fruiting,不作～凶作,不作～凶作,value,凶作,range within 凶作/不作 bucket,2022-09-07,3,,ﾌﾞﾅは道南地方のみ分布,pdfplumber extract_tables,data-pipeline/raw/research/gaps/ketujitu-wb-20221022220755.pdf,http://web.archive.org/web/20221022220755id_/https://www.env.go.jp/nature/choju/effort/effort12/ketujitu.pdf,2022-09-07,"pdf CreationDate (header undated, marked 別添３)"
北海道,Hokkaido,コナラ,konara,2020,R2,fruiting,―,―,no_data,,,2022-09-07,3,,ﾌﾞﾅは道南地方のみ分布,pdfplumber extract_tables,data-pipeline/raw/research/gaps/ketujitu-wb-20221022220755.pdf,http://web.archive.org/web/20221022220755id_/https://www.env.go.jp/nature/choju/effort/effort12/ketujitu.pdf,2022-09-07,"pdf CreationDate (header undated, marked 別添３)"
青森,Aomori,ブナ,buna,2020,R2,fruiting,並作,並作,value,並作,exact; 並上/並下 are 並作 sub-grades,2022-09-07,3,,東北森林管理局実施,pdfplumber extract_tables,data-pipeline/raw/research/gaps/ketujitu-wb-20221022220755.pdf,http://web.archive.org/web/20221022220755id_/https://www.env.go.jp/nature/choju/effort/effort12/ketujitu.pdf,2022-09-07,"pdf CreationDate (header undated, marked 別添３)"
青森,Aomori,ミズナラ,mizunara,2020,R2,fruiting,―,―,no_data,,,2022-09-07,3,,東北森林管理局実施,pdfplumber extract_tables,data-pipeline/raw/research/gaps/ketujitu-wb-20221022220755.pdf,http://web.archive.org/web/20221022220755id_/https://www.env.go.jp/nature/choju/effort/effort12/ketujitu.pdf,2022-09-07,"pdf CreationDate (header undated, marked 別添３)"
青森,Aomori,コナラ,konara,2020,R2,fruiting,―,―,no_data,,,2022-09-07,3,,東北森林管理局実施,pdfplumber extract_tables,data-pipeline/raw/research/gaps/ketujitu-wb-20221022220755.pdf,http://web.archive.org/web/20221022220755id_/https://www.env.go.jp/nature/choju/effort/effort12/ketujitu.pdf,2022-09-07,"pdf CreationDate (header undated, marked 別添３)"
岩手,Iwate,ブナ,buna,2020,R2,fruiting,不作,不作,value,凶作,exact; 不作/やや凶作 counted as 凶作 (MoE rule),2022-09-07,3,,,pdfplumber extract_tables,data-pipeline/raw/research/gaps/ketujitu-wb-20221022220755.pdf,http://web.archive.org/web/20221022220755id_/https://www.env.go.jp/nature/choju/effort/effort12/ketujitu.pdf,2022-09-07,"pdf CreationDate (header undated, marked 別添３)"
岩手,Iwate,ミズナラ,mizunara,2020,R2,fruiting,不作,不作,value,凶作,exact; 不作/やや凶作 counted as 凶作 (MoE rule),2022-09-07,3,,,pdfplumber extract_tables,data-pipeline/raw/research/gaps/ketujitu-wb-20221022220755.pdf,http://web.archive.org/web/20221022220755id_/https://www.env.go.jp/nature/choju/effort/effort12/ketujitu.pdf,2022-09-07,"pdf CreationDate (header undated, marked 別添３)"
岩手,Iwate,コナラ,konara,2020,R2,fruiting,不作,不作,value,凶作,exact; 不作/やや凶作 counted as 凶作 (MoE rule),2022-09-07,3,,,pdfplumber extract_tables,data-pipeline/raw/research/gaps/ketujitu-wb-20221022220755.pdf,http://web.archive.org/web/20221022220755id_/https://www.env.go.jp/nature/choju/effort/effort12/ketujitu.pdf,2022-09-07,"pdf CreationDate (header undated, marked 別添３)"
宮城,Miyagi,ブナ,buna,2020,R2,fruiting,凶作,凶作,value,凶作,exact; 不作/やや凶作 counted as 凶作 (MoE rule),2022-09-07,3,,,pdfplumber extract_tables,data-pipeline/raw/research/gaps/ketujitu-wb-20221022220755.pdf,http://web.archive.org/web/20221022220755id_/https://www.env.go.jp/nature/choju/effort/effort12/ketujitu.pdf,2022-09-07,"pdf CreationDate (header undated, marked 別添３)"
宮城,Miyagi,ミズナラ,mizunara,2020,R2,fruiting,凶作,凶作,value,凶作,exact; 不作/やや凶作 counted as 凶作 (MoE rule),2022-09-07,3,,,pdfplumber extract_tables,data-pipeline/raw/research/gaps/ketujitu-wb-20221022220755.pdf,http://web.archive.org/web/20221022220755id_/https://www.env.go.jp/nature/choju/effort/effort12/ketujitu.pdf,2022-09-07,"pdf CreationDate (header undated, marked 別添３)"
宮城,Miyagi,コナラ,konara,2020,R2,fruiting,―,―,no_data,,,2022-09-07,3,,,pdfplumber extract_tables,data-pipeline/raw/research/gaps/ketujitu-wb-20221022220755.pdf,http://web.archive.org/web/20221022220755id_/https://www.env.go.jp/nature/choju/effort/effort12/ketujitu.pdf,2022-09-07,"pdf CreationDate (header undated, marked 別添３)"
秋田,Akita,ブナ,buna,2020,R2,fruiting,凶作,凶作,value,凶作,exact; 不作/やや凶作 counted as 凶作 (MoE rule),2022-09-07,3,2020-10-23=調査中,,pdfplumber extract_tables,data-pipeline/raw/research/gaps/ketujitu-wb-20221022220755.pdf,http://web.archive.org/web/20221022220755id_/https://www.env.go.jp/nature/choju/effort/effort12/ketujitu.pdf,2022-09-07,"pdf CreationDate (header undated, marked 別添３)"
秋田,Akita,ミズナラ,mizunara,2020,R2,fruiting,凶作,凶作,value,凶作,exact; 不作/やや凶作 counted as 凶作 (MoE rule),2022-09-07,3,2020-10-23=調査中,,pdfplumber extract_tables,data-pipeline/raw/research/gaps/ketujitu-wb-20221022220755.pdf,http://web.archive.org/web/20221022220755id_/https://www.env.go.jp/nature/choju/effort/effort12/ketujitu.pdf,2022-09-07,"pdf CreationDate (header undated, marked 別添３)"
秋田,Akita,コナラ,konara,2020,R2,fruiting,凶作,凶作,value,凶作,exact; 不作/やや凶作 counted as 凶作 (MoE rule),2022-09-07,3,2020-10-23=調査中,,pdfplumber extract_tables,data-pipeline/raw/research/gaps/ketujitu-wb-20221022220755.pdf,http://web.archive.org/web/20221022220755id_/https://www.env.go.jp/nature/choju/effort/effort12/ketujitu.pdf,2022-09-07,"pdf CreationDate (header undated, marked 別添３)"
山形,Yamagata,ブナ,buna,2020,R2,fruiting,凶作,凶作,value,凶作,exact; 不作/やや凶作 counted as 凶作 (MoE rule),2022-09-07,3,2020-10-23=調査中,,pdfplumber extract_tables,data-pipeline/raw/research/gaps/ketujitu-wb-20221022220755.pdf,http://web.archive.org/web/20221022220755id_/https://www.env.go.jp/nature/choju/effort/effort12/ketujitu.pdf,2022-09-07,"pdf CreationDate (header undated, marked 別添３)"
山形,Yamagata,ミズナラ,mizunara,2020,R2,fruiting,凶作～豊作,凶作～豊作,value,並作,MoE rule 凶作～並作/凶作～豊作/不作～並作→並作,2022-09-07,3,2020-10-23=調査中,,pdfplumber extract_tables,data-pipeline/raw/research/gaps/ketujitu-wb-20221022220755.pdf,http://web.archive.org/web/20221022220755id_/https://www.env.go.jp/nature/choju/effort/effort12/ketujitu.pdf,2022-09-07,"pdf CreationDate (header undated, marked 別添３)"
山形,Yamagata,コナラ,konara,2020,R2,fruiting,凶作,凶作,value,凶作,exact; 不作/やや凶作 counted as 凶作 (MoE rule),2022-09-07,3,2020-10-23=調査中,,pdfplumber extract_tables,data-pipeline/raw/research/gaps/ketujitu-wb-20221022220755.pdf,http://web.archive.org/web/20221022220755id_/https://www.env.go.jp/nature/choju/effort/effort12/ketujitu.pdf,2022-09-07,"pdf CreationDate (header undated, marked 別添３)"
福島,Fukushima,ブナ,buna,2020,R2,fruiting,凶作,凶作,value,凶作,exact; 不作/やや凶作 counted as 凶作 (MoE rule),2022-09-07,3,,,pdfplumber extract_tables,data-pipeline/raw/research/gaps/ketujitu-wb-20221022220755.pdf,http://web.archive.org/web/20221022220755id_/https://www.env.go.jp/nature/choju/effort/effort12/ketujitu.pdf,2022-09-07,"pdf CreationDate (header undated, marked 別添３)"
福島,Fukushima,ミズナラ,mizunara,2020,R2,fruiting,並作,並作,value,並作,exact; 並上/並下 are 並作 sub-grades,2022-09-07,3,,,pdfplumber extract_tables,data-pipeline/raw/research/gaps/ketujitu-wb-20221022220755.pdf,http://web.archive.org/web/20221022220755id_/https://www.env.go.jp/nature/choju/effort/effort12/ketujitu.pdf,2022-09-07,"pdf CreationDate (header undated, marked 別添３)"
福島,Fukushima,コナラ,konara,2020,R2,fruiting,凶作,凶作,value,凶作,exact; 不作/やや凶作 counted as 凶作 (MoE rule),2022-09-07,3,,,pdfplumber extract_tables,data-pipeline/raw/research/gaps/ketujitu-wb-20221022220755.pdf,http://web.archive.org/web/20221022220755id_/https://www.env.go.jp/nature/choju/effort/effort12/ketujitu.pdf,2022-09-07,"pdf CreationDate (header undated, marked 別添３)"
栃木,Tochigi,ブナ,buna,2020,R2,fruiting,並作～豊作,並作～豊作,value,豊作,MoE rule 並作～豊作→豊作,2022-09-07,3,,,pdfplumber extract_tables,data-pipeline/raw/research/gaps/ketujitu-wb-20221022220755.pdf,http://web.archive.org/web/20221022220755id_/https://www.env.go.jp/nature/choju/effort/effort12/ketujitu.pdf,2022-09-07,"pdf CreationDate (header undated, marked 別添３)"
栃木,Tochigi,ミズナラ,mizunara,2020,R2,fruiting,凶作～不作,凶作～不作,value,凶作,range within 凶作/不作 bucket,2022-09-07,3,,,pdfplumber extract_tables,data-pipeline/raw/research/gaps/ketujitu-wb-20221022220755.pdf,http://web.archive.org/web/20221022220755id_/https://www.env.go.jp/nature/choju/effort/effort12/ketujitu.pdf,2022-09-07,"pdf CreationDate (header undated, marked 別添３)"
栃木,Tochigi,コナラ,konara,2020,R2,fruiting,凶作～不作,凶作～不作,value,凶作,range within 凶作/不作 bucket,2022-09-07,3,,,pdfplumber extract_tables,data-pipeline/raw/research/gaps/ketujitu-wb-20221022220755.pdf,http://web.archive.org/web/20221022220755id_/https://www.env.go.jp/nature/choju/effort/effort12/ketujitu.pdf,2022-09-07,"pdf CreationDate (header undated, marked 別添３)"
群馬,Gunma,ブナ,buna,2020,R2,fruiting,大凶作,大凶作,value,大凶作,exact,2022-09-07,3,,,pdfplumber extract_tables,data-pipeline/raw/research/gaps/ketujitu-wb-20221022220755.pdf,http://web.archive.org/web/20221022220755id_/https://www.env.go.jp/nature/choju/effort/effort12/ketujitu.pdf,2022-09-07,"pdf CreationDate (header undated, marked 別添３)"
群馬,Gunma,ミズナラ,mizunara,2020,R2,fruiting,不作,不作,value,凶作,exact; 不作/やや凶作 counted as 凶作 (MoE rule),2022-09-07,3,,,pdfplumber extract_tables,data-pipeline/raw/research/gaps/ketujitu-wb-20221022220755.pdf,http://web.archive.org/web/20221022220755id_/https://www.env.go.jp/nature/choju/effort/effort12/ketujitu.pdf,2022-09-07,"pdf CreationDate (header undated, marked 別添３)"
群馬,Gunma,コナラ,konara,2020,R2,fruiting,不作,不作,value,凶作,exact; 不作/やや凶作 counted as 凶作 (MoE rule),2022-09-07,3,,,pdfplumber extract_tables,data-pipeline/raw/research/gaps/ketujitu-wb-20221022220755.pdf,http://web.archive.org/web/20221022220755id_/https://www.env.go.jp/nature/choju/effort/effort12/ketujitu.pdf,2022-09-07,"pdf CreationDate (header undated, marked 別添３)"
埼玉,Saitama,ブナ,buna,2020,R2,fruiting,―,―,no_data,,,2022-09-07,3,,,pdfplumber extract_tables,data-pipeline/raw/research/gaps/ketujitu-wb-20221022220755.pdf,http://web.archive.org/web/20221022220755id_/https://www.env.go.jp/nature/choju/effort/effort12/ketujitu.pdf,2022-09-07,"pdf CreationDate (header undated, marked 別添３)"
埼玉,Saitama,ミズナラ,mizunara,2020,R2,fruiting,―,―,no_data,,,2022-09-07,3,,,pdfplumber extract_tables,data-pipeline/raw/research/gaps/ketujitu-wb-20221022220755.pdf,http://web.archive.org/web/20221022220755id_/https://www.env.go.jp/nature/choju/effort/effort12/ketujitu.pdf,2022-09-07,"pdf CreationDate (header undated, marked 別添３)"
埼玉,Saitama,コナラ,konara,2020,R2,fruiting,―,―,no_data,,,2022-09-07,3,,,pdfplumber extract_tables,data-pipeline/raw/research/gaps/ketujitu-wb-20221022220755.pdf,http://web.archive.org/web/20221022220755id_/https://www.env.go.jp/nature/choju/effort/effort12/ketujitu.pdf,2022-09-07,"pdf CreationDate (header undated, marked 別添３)"
東京,Tokyo,ブナ,buna,2020,R2,fruiting,並作～豊作,並作～豊作,value,豊作,MoE rule 並作～豊作→豊作,2022-09-07,3,,,pdfplumber extract_tables,data-pipeline/raw/research/gaps/ketujitu-wb-20221022220755.pdf,http://web.archive.org/web/20221022220755id_/https://www.env.go.jp/nature/choju/effort/effort12/ketujitu.pdf,2022-09-07,"pdf CreationDate (header undated, marked 別添３)"
東京,Tokyo,ミズナラ,mizunara,2020,R2,fruiting,凶作～豊作,凶作～豊作,value,並作,MoE rule 凶作～並作/凶作～豊作/不作～並作→並作,2022-09-07,3,,,pdfplumber extract_tables,data-pipeline/raw/research/gaps/ketujitu-wb-20221022220755.pdf,http://web.archive.org/web/20221022220755id_/https://www.env.go.jp/nature/choju/effort/effort12/ketujitu.pdf,2022-09-07,"pdf CreationDate (header undated, marked 別添３)"
東京,Tokyo,コナラ,konara,2020,R2,fruiting,凶作～豊作,凶作～豊作,value,並作,MoE rule 凶作～並作/凶作～豊作/不作～並作→並作,2022-09-07,3,,,pdfplumber extract_tables,data-pipeline/raw/research/gaps/ketujitu-wb-20221022220755.pdf,http://web.archive.org/web/20221022220755id_/https://www.env.go.jp/nature/choju/effort/effort12/ketujitu.pdf,2022-09-07,"pdf CreationDate (header undated, marked 別添３)"
神奈川,Kanagawa,ブナ,buna,2020,R2,fruiting,大豊作,大豊作,value,豊作,exact; 大豊作 counted as 豊作,2022-09-07,3,,,pdfplumber extract_tables,data-pipeline/raw/research/gaps/ketujitu-wb-20221022220755.pdf,http://web.archive.org/web/20221022220755id_/https://www.env.go.jp/nature/choju/effort/effort12/ketujitu.pdf,2022-09-07,"pdf CreationDate (header undated, marked 別添３)"
神奈川,Kanagawa,ミズナラ,mizunara,2020,R2,fruiting,並作～豊作,並作～豊作,value,豊作,MoE rule 並作～豊作→豊作,2022-09-07,3,,,pdfplumber extract_tables,data-pipeline/raw/research/gaps/ketujitu-wb-20221022220755.pdf,http://web.archive.org/web/20221022220755id_/https://www.env.go.jp/nature/choju/effort/effort12/ketujitu.pdf,2022-09-07,"pdf CreationDate (header undated, marked 別添３)"
神奈川,Kanagawa,コナラ,konara,2020,R2,fruiting,豊作,豊作,value,豊作,exact; 大豊作 counted as 豊作,2022-09-07,3,,,pdfplumber extract_tables,data-pipeline/raw/research/gaps/ketujitu-wb-20221022220755.pdf,http://web.archive.org/web/20221022220755id_/https://www.env.go.jp/nature/choju/effort/effort12/ketujitu.pdf,2022-09-07,"pdf CreationDate (header undated, marked 別添３)"
新潟,Niigata,ブナ,buna,2020,R2,fruiting,凶作～不作,凶作～不作,value,凶作,range within 凶作/不作 bucket,2022-09-07,3,,,pdfplumber extract_tables,data-pipeline/raw/research/gaps/ketujitu-wb-20221022220755.pdf,http://web.archive.org/web/20221022220755id_/https://www.env.go.jp/nature/choju/effort/effort12/ketujitu.pdf,2022-09-07,"pdf CreationDate (header undated, marked 別添３)"
新潟,Niigata,ミズナラ,mizunara,2020,R2,fruiting,不作～並作,不作～並作,value,並作,MoE rule 凶作～並作/凶作～豊作/不作～並作→並作,2022-09-07,3,,,pdfplumber extract_tables,data-pipeline/raw/research/gaps/ketujitu-wb-20221022220755.pdf,http://web.archive.org/web/20221022220755id_/https://www.env.go.jp/nature/choju/effort/effort12/ketujitu.pdf,2022-09-07,"pdf CreationDate (header undated, marked 別添３)"
新潟,Niigata,コナラ,konara,2020,R2,fruiting,不作～並作,不作～並作,value,並作,MoE rule 凶作～並作/凶作～豊作/不作～並作→並作,2022-09-07,3,,,pdfplumber extract_tables,data-pipeline/raw/research/gaps/ketujitu-wb-20221022220755.pdf,http://web.archive.org/web/20221022220755id_/https://www.env.go.jp/nature/choju/effort/effort12/ketujitu.pdf,2022-09-07,"pdf CreationDate (header undated, marked 別添３)"
富山,Toyama,ブナ,buna,2020,R2,fruiting,凶作,凶作,value,凶作,exact; 不作/やや凶作 counted as 凶作 (MoE rule),2022-09-07,3,,,pdfplumber extract_tables,data-pipeline/raw/research/gaps/ketujitu-wb-20221022220755.pdf,http://web.archive.org/web/20221022220755id_/https://www.env.go.jp/nature/choju/effort/effort12/ketujitu.pdf,2022-09-07,"pdf CreationDate (header undated, marked 別添３)"
富山,Toyama,ミズナラ,mizunara,2020,R2,fruiting,不作,不作,value,凶作,exact; 不作/やや凶作 counted as 凶作 (MoE rule),2022-09-07,3,,,pdfplumber extract_tables,data-pipeline/raw/research/gaps/ketujitu-wb-20221022220755.pdf,http://web.archive.org/web/20221022220755id_/https://www.env.go.jp/nature/choju/effort/effort12/ketujitu.pdf,2022-09-07,"pdf CreationDate (header undated, marked 別添３)"
富山,Toyama,コナラ,konara,2020,R2,fruiting,不作～凶作,不作～凶作,value,凶作,range within 凶作/不作 bucket,2022-09-07,3,,,pdfplumber extract_tables,data-pipeline/raw/research/gaps/ketujitu-wb-20221022220755.pdf,http://web.archive.org/web/20221022220755id_/https://www.env.go.jp/nature/choju/effort/effort12/ketujitu.pdf,2022-09-07,"pdf CreationDate (header undated, marked 別添３)"
石川,Ishikawa,ブナ,buna,2020,R2,fruiting,大凶作,大凶作,value,大凶作,exact,2022-09-07,3,,,pdfplumber extract_tables,data-pipeline/raw/research/gaps/ketujitu-wb-20221022220755.pdf,http://web.archive.org/web/20221022220755id_/https://www.env.go.jp/nature/choju/effort/effort12/ketujitu.pdf,2022-09-07,"pdf CreationDate (header undated, marked 別添３)"
石川,Ishikawa,ミズナラ,mizunara,2020,R2,fruiting,並作,並作,value,並作,exact; 並上/並下 are 並作 sub-grades,2022-09-07,3,,,pdfplumber extract_tables,data-pipeline/raw/research/gaps/ketujitu-wb-20221022220755.pdf,http://web.archive.org/web/20221022220755id_/https://www.env.go.jp/nature/choju/effort/effort12/ketujitu.pdf,2022-09-07,"pdf CreationDate (header undated, marked 別添３)"
石川,Ishikawa,コナラ,konara,2020,R2,fruiting,凶作,凶作,value,凶作,exact; 不作/やや凶作 counted as 凶作 (MoE rule),2022-09-07,3,,,pdfplumber extract_tables,data-pipeline/raw/research/gaps/ketujitu-wb-20221022220755.pdf,http://web.archive.org/web/20221022220755id_/https://www.env.go.jp/nature/choju/effort/effort12/ketujitu.pdf,2022-09-07,"pdf CreationDate (header undated, marked 別添３)"
福井,Fukui,ブナ,buna,2020,R2,fruiting,凶作,凶作,value,凶作,exact; 不作/やや凶作 counted as 凶作 (MoE rule),2022-09-07,3,,,pdfplumber extract_tables,data-pipeline/raw/research/gaps/ketujitu-wb-20221022220755.pdf,http://web.archive.org/web/20221022220755id_/https://www.env.go.jp/nature/choju/effort/effort12/ketujitu.pdf,2022-09-07,"pdf CreationDate (header undated, marked 別添３)"
福井,Fukui,ミズナラ,mizunara,2020,R2,fruiting,不作,不作,value,凶作,exact; 不作/やや凶作 counted as 凶作 (MoE rule),2022-09-07,3,,,pdfplumber extract_tables,data-pipeline/raw/research/gaps/ketujitu-wb-20221022220755.pdf,http://web.archive.org/web/20221022220755id_/https://www.env.go.jp/nature/choju/effort/effort12/ketujitu.pdf,2022-09-07,"pdf CreationDate (header undated, marked 別添３)"
福井,Fukui,コナラ,konara,2020,R2,fruiting,不作,不作,value,凶作,exact; 不作/やや凶作 counted as 凶作 (MoE rule),2022-09-07,3,,,pdfplumber extract_tables,data-pipeline/raw/research/gaps/ketujitu-wb-20221022220755.pdf,http://web.archive.org/web/20221022220755id_/https://www.env.go.jp/nature/choju/effort/effort12/ketujitu.pdf,2022-09-07,"pdf CreationDate (header undated, marked 別添３)"
山梨,Yamanashi,ブナ,buna,2020,R2,fruiting,凶作～並作\n(南アルプス市、\n笛吹市),凶作～並作 (南アルプス市、笛吹市),value,並作,MoE rule 凶作～並作/凶作～豊作/不作～並作→並作,2022-09-07,3,,,pdfplumber extract_tables,data-pipeline/raw/research/gaps/ketujitu-wb-20221022220755.pdf,http://web.archive.org/web/20221022220755id_/https://www.env.go.jp/nature/choju/effort/effort12/ketujitu.pdf,2022-09-07,"pdf CreationDate (header undated, marked 別添３)"
山梨,Yamanashi,ミズナラ,mizunara,2020,R2,fruiting,並作\n(南アルプス市),並作 (南アルプス市),value,並作,exact; 並上/並下 are 並作 sub-grades,2022-09-07,3,,,pdfplumber extract_tables,data-pipeline/raw/research/gaps/ketujitu-wb-20221022220755.pdf,http://web.archive.org/web/20221022220755id_/https://www.env.go.jp/nature/choju/effort/effort12/ketujitu.pdf,2022-09-07,"pdf CreationDate (header undated, marked 別添３)"
山梨,Yamanashi,コナラ,konara,2020,R2,fruiting,並作\n(富士川町),並作 (富士川町),value,並作,exact; 並上/並下 are 並作 sub-grades,2022-09-07,3,,,pdfplumber extract_tables,data-pipeline/raw/research/gaps/ketujitu-wb-20221022220755.pdf,http://web.archive.org/web/20221022220755id_/https://www.env.go.jp/nature/choju/effort/effort12/ketujitu.pdf,2022-09-07,"pdf CreationDate (header undated, marked 別添３)"
長野,Nagano,ブナ,buna,2020,R2,fruiting,大凶作～不作,大凶作～不作,value,凶作,range 大凶作～不作→凶作 (spans 大凶作/凶作 buckets; MoE's 計 row tallies 大凶作 as 凶作),2022-09-07,3,,,pdfplumber extract_tables,data-pipeline/raw/research/gaps/ketujitu-wb-20221022220755.pdf,http://web.archive.org/web/20221022220755id_/https://www.env.go.jp/nature/choju/effort/effort12/ketujitu.pdf,2022-09-07,"pdf CreationDate (header undated, marked 別添３)"
長野,Nagano,ミズナラ,mizunara,2020,R2,fruiting,大凶作～豊作,大凶作～豊作,value,並作,range spanning buckets→並作 (by analogy with MoE rule),2022-09-07,3,,,pdfplumber extract_tables,data-pipeline/raw/research/gaps/ketujitu-wb-20221022220755.pdf,http://web.archive.org/web/20221022220755id_/https://www.env.go.jp/nature/choju/effort/effort12/ketujitu.pdf,2022-09-07,"pdf CreationDate (header undated, marked 別添３)"
長野,Nagano,コナラ,konara,2020,R2,fruiting,大凶作～豊作,大凶作～豊作,value,並作,range spanning buckets→並作 (by analogy with MoE rule),2022-09-07,3,,,pdfplumber extract_tables,data-pipeline/raw/research/gaps/ketujitu-wb-20221022220755.pdf,http://web.archive.org/web/20221022220755id_/https://www.env.go.jp/nature/choju/effort/effort12/ketujitu.pdf,2022-09-07,"pdf CreationDate (header undated, marked 別添３)"
岐阜,Gifu,ブナ,buna,2020,R2,fruiting,凶作,凶作,value,凶作,exact; 不作/やや凶作 counted as 凶作 (MoE rule),2022-09-07,3,,,pdfplumber extract_tables,data-pipeline/raw/research/gaps/ketujitu-wb-20221022220755.pdf,http://web.archive.org/web/20221022220755id_/https://www.env.go.jp/nature/choju/effort/effort12/ketujitu.pdf,2022-09-07,"pdf CreationDate (header undated, marked 別添３)"
岐阜,Gifu,ミズナラ,mizunara,2020,R2,fruiting,凶作,凶作,value,凶作,exact; 不作/やや凶作 counted as 凶作 (MoE rule),2022-09-07,3,,,pdfplumber extract_tables,data-pipeline/raw/research/gaps/ketujitu-wb-20221022220755.pdf,http://web.archive.org/web/20221022220755id_/https://www.env.go.jp/nature/choju/effort/effort12/ketujitu.pdf,2022-09-07,"pdf CreationDate (header undated, marked 別添３)"
岐阜,Gifu,コナラ,konara,2020,R2,fruiting,凶作,凶作,value,凶作,exact; 不作/やや凶作 counted as 凶作 (MoE rule),2022-09-07,3,,,pdfplumber extract_tables,data-pipeline/raw/research/gaps/ketujitu-wb-20221022220755.pdf,http://web.archive.org/web/20221022220755id_/https://www.env.go.jp/nature/choju/effort/effort12/ketujitu.pdf,2022-09-07,"pdf CreationDate (header undated, marked 別添３)"
静岡,Shizuoka,ブナ,buna,2020,R2,fruiting,―,―,no_data,,,2022-09-07,3,,,pdfplumber extract_tables,data-pipeline/raw/research/gaps/ketujitu-wb-20221022220755.pdf,http://web.archive.org/web/20221022220755id_/https://www.env.go.jp/nature/choju/effort/effort12/ketujitu.pdf,2022-09-07,"pdf CreationDate (header undated, marked 別添３)"
静岡,Shizuoka,ミズナラ,mizunara,2020,R2,fruiting,―,―,no_data,,,2022-09-07,3,,,pdfplumber extract_tables,data-pipeline/raw/research/gaps/ketujitu-wb-20221022220755.pdf,http://web.archive.org/web/20221022220755id_/https://www.env.go.jp/nature/choju/effort/effort12/ketujitu.pdf,2022-09-07,"pdf CreationDate (header undated, marked 別添３)"
静岡,Shizuoka,コナラ,konara,2020,R2,fruiting,―,―,no_data,,,2022-09-07,3,,,pdfplumber extract_tables,data-pipeline/raw/research/gaps/ketujitu-wb-20221022220755.pdf,http://web.archive.org/web/20221022220755id_/https://www.env.go.jp/nature/choju/effort/effort12/ketujitu.pdf,2022-09-07,"pdf CreationDate (header undated, marked 別添３)"
愛知,Aichi,ブナ,buna,2020,R2,fruiting,―,―,no_data,,,2022-09-07,3,,,pdfplumber extract_tables,data-pipeline/raw/research/gaps/ketujitu-wb-20221022220755.pdf,http://web.archive.org/web/20221022220755id_/https://www.env.go.jp/nature/choju/effort/effort12/ketujitu.pdf,2022-09-07,"pdf CreationDate (header undated, marked 別添３)"
愛知,Aichi,ミズナラ,mizunara,2020,R2,fruiting,並作,並作,value,並作,exact; 並上/並下 are 並作 sub-grades,2022-09-07,3,,,pdfplumber extract_tables,data-pipeline/raw/research/gaps/ketujitu-wb-20221022220755.pdf,http://web.archive.org/web/20221022220755id_/https://www.env.go.jp/nature/choju/effort/effort12/ketujitu.pdf,2022-09-07,"pdf CreationDate (header undated, marked 別添３)"
愛知,Aichi,コナラ,konara,2020,R2,fruiting,凶作,凶作,value,凶作,exact; 不作/やや凶作 counted as 凶作 (MoE rule),2022-09-07,3,,,pdfplumber extract_tables,data-pipeline/raw/research/gaps/ketujitu-wb-20221022220755.pdf,http://web.archive.org/web/20221022220755id_/https://www.env.go.jp/nature/choju/effort/effort12/ketujitu.pdf,2022-09-07,"pdf CreationDate (header undated, marked 別添３)"
三重,Mie,ブナ,buna,2020,R2,fruiting,―,―,no_data,,,2022-09-07,3,,,pdfplumber extract_tables,data-pipeline/raw/research/gaps/ketujitu-wb-20221022220755.pdf,http://web.archive.org/web/20221022220755id_/https://www.env.go.jp/nature/choju/effort/effort12/ketujitu.pdf,2022-09-07,"pdf CreationDate (header undated, marked 別添３)"
三重,Mie,ミズナラ,mizunara,2020,R2,fruiting,―,―,no_data,,,2022-09-07,3,,,pdfplumber extract_tables,data-pipeline/raw/research/gaps/ketujitu-wb-20221022220755.pdf,http://web.archive.org/web/20221022220755id_/https://www.env.go.jp/nature/choju/effort/effort12/ketujitu.pdf,2022-09-07,"pdf CreationDate (header undated, marked 別添３)"
三重,Mie,コナラ,konara,2020,R2,fruiting,―,―,no_data,,,2022-09-07,3,,,pdfplumber extract_tables,data-pipeline/raw/research/gaps/ketujitu-wb-20221022220755.pdf,http://web.archive.org/web/20221022220755id_/https://www.env.go.jp/nature/choju/effort/effort12/ketujitu.pdf,2022-09-07,"pdf CreationDate (header undated, marked 別添３)"
滋賀,Shiga,ブナ,buna,2020,R2,fruiting,凶作,凶作,value,凶作,exact; 不作/やや凶作 counted as 凶作 (MoE rule),2022-09-07,3,,,pdfplumber extract_tables,data-pipeline/raw/research/gaps/ketujitu-wb-20221022220755.pdf,http://web.archive.org/web/20221022220755id_/https://www.env.go.jp/nature/choju/effort/effort12/ketujitu.pdf,2022-09-07,"pdf CreationDate (header undated, marked 別添３)"
滋賀,Shiga,ミズナラ,mizunara,2020,R2,fruiting,並作,並作,value,並作,exact; 並上/並下 are 並作 sub-grades,2022-09-07,3,,,pdfplumber extract_tables,data-pipeline/raw/research/gaps/ketujitu-wb-20221022220755.pdf,http://web.archive.org/web/20221022220755id_/https://www.env.go.jp/nature/choju/effort/effort12/ketujitu.pdf,2022-09-07,"pdf CreationDate (header undated, marked 別添３)"
滋賀,Shiga,コナラ,konara,2020,R2,fruiting,不作,不作,value,凶作,exact; 不作/やや凶作 counted as 凶作 (MoE rule),2022-09-07,3,,,pdfplumber extract_tables,data-pipeline/raw/research/gaps/ketujitu-wb-20221022220755.pdf,http://web.archive.org/web/20221022220755id_/https://www.env.go.jp/nature/choju/effort/effort12/ketujitu.pdf,2022-09-07,"pdf CreationDate (header undated, marked 別添３)"
京都,Kyoto,ブナ,buna,2020,R2,fruiting,凶作,凶作,value,凶作,exact; 不作/やや凶作 counted as 凶作 (MoE rule),2022-09-07,3,,,pdfplumber extract_tables,data-pipeline/raw/research/gaps/ketujitu-wb-20221022220755.pdf,http://web.archive.org/web/20221022220755id_/https://www.env.go.jp/nature/choju/effort/effort12/ketujitu.pdf,2022-09-07,"pdf CreationDate (header undated, marked 別添３)"
京都,Kyoto,ミズナラ,mizunara,2020,R2,fruiting,並作,並作,value,並作,exact; 並上/並下 are 並作 sub-grades,2022-09-07,3,,,pdfplumber extract_tables,data-pipeline/raw/research/gaps/ketujitu-wb-20221022220755.pdf,http://web.archive.org/web/20221022220755id_/https://www.env.go.jp/nature/choju/effort/effort12/ketujitu.pdf,2022-09-07,"pdf CreationDate (header undated, marked 別添３)"
京都,Kyoto,コナラ,konara,2020,R2,fruiting,凶作,凶作,value,凶作,exact; 不作/やや凶作 counted as 凶作 (MoE rule),2022-09-07,3,,,pdfplumber extract_tables,data-pipeline/raw/research/gaps/ketujitu-wb-20221022220755.pdf,http://web.archive.org/web/20221022220755id_/https://www.env.go.jp/nature/choju/effort/effort12/ketujitu.pdf,2022-09-07,"pdf CreationDate (header undated, marked 別添３)"
大阪,Osaka,ブナ,buna,2020,R2,fruiting,―,―,no_data,,,2022-09-07,3,,,pdfplumber extract_tables,data-pipeline/raw/research/gaps/ketujitu-wb-20221022220755.pdf,http://web.archive.org/web/20221022220755id_/https://www.env.go.jp/nature/choju/effort/effort12/ketujitu.pdf,2022-09-07,"pdf CreationDate (header undated, marked 別添３)"
大阪,Osaka,ミズナラ,mizunara,2020,R2,fruiting,―,―,no_data,,,2022-09-07,3,,,pdfplumber extract_tables,data-pipeline/raw/research/gaps/ketujitu-wb-20221022220755.pdf,http://web.archive.org/web/20221022220755id_/https://www.env.go.jp/nature/choju/effort/effort12/ketujitu.pdf,2022-09-07,"pdf CreationDate (header undated, marked 別添３)"
大阪,Osaka,コナラ,konara,2020,R2,fruiting,―,―,no_data,,,2022-09-07,3,,,pdfplumber extract_tables,data-pipeline/raw/research/gaps/ketujitu-wb-20221022220755.pdf,http://web.archive.org/web/20221022220755id_/https://www.env.go.jp/nature/choju/effort/effort12/ketujitu.pdf,2022-09-07,"pdf CreationDate (header undated, marked 別添３)"
兵庫,Hyogo,ブナ,buna,2020,R2,fruiting,大凶作,大凶作,value,大凶作,exact,2022-09-07,3,,,pdfplumber extract_tables,data-pipeline/raw/research/gaps/ketujitu-wb-20221022220755.pdf,http://web.archive.org/web/20221022220755id_/https://www.env.go.jp/nature/choju/effort/effort12/ketujitu.pdf,2022-09-07,"pdf CreationDate (header undated, marked 別添３)"
兵庫,Hyogo,ミズナラ,mizunara,2020,R2,fruiting,並下,並下,value,並作,exact; 並上/並下 are 並作 sub-grades,2022-09-07,3,,,pdfplumber extract_tables,data-pipeline/raw/research/gaps/ketujitu-wb-20221022220755.pdf,http://web.archive.org/web/20221022220755id_/https://www.env.go.jp/nature/choju/effort/effort12/ketujitu.pdf,2022-09-07,"pdf CreationDate (header undated, marked 別添３)"
兵庫,Hyogo,コナラ,konara,2020,R2,fruiting,凶作,凶作,value,凶作,exact; 不作/やや凶作 counted as 凶作 (MoE rule),2022-09-07,3,,,pdfplumber extract_tables,data-pipeline/raw/research/gaps/ketujitu-wb-20221022220755.pdf,http://web.archive.org/web/20221022220755id_/https://www.env.go.jp/nature/choju/effort/effort12/ketujitu.pdf,2022-09-07,"pdf CreationDate (header undated, marked 別添３)"
奈良,Nara,ブナ,buna,2020,R2,fruiting,豊作,豊作,value,豊作,exact; 大豊作 counted as 豊作,2022-09-07,3,,,pdfplumber extract_tables,data-pipeline/raw/research/gaps/ketujitu-wb-20221022220755.pdf,http://web.archive.org/web/20221022220755id_/https://www.env.go.jp/nature/choju/effort/effort12/ketujitu.pdf,2022-09-07,"pdf CreationDate (header undated, marked 別添３)"
奈良,Nara,ミズナラ,mizunara,2020,R2,fruiting,並作下,並作下,value,並作,exact; 並上/並下 are 並作 sub-grades,2022-09-07,3,,,pdfplumber extract_tables,data-pipeline/raw/research/gaps/ketujitu-wb-20221022220755.pdf,http://web.archive.org/web/20221022220755id_/https://www.env.go.jp/nature/choju/effort/effort12/ketujitu.pdf,2022-09-07,"pdf CreationDate (header undated, marked 別添３)"
奈良,Nara,コナラ,konara,2020,R2,fruiting,並作下,並作下,value,並作,exact; 並上/並下 are 並作 sub-grades,2022-09-07,3,,,pdfplumber extract_tables,data-pipeline/raw/research/gaps/ketujitu-wb-20221022220755.pdf,http://web.archive.org/web/20221022220755id_/https://www.env.go.jp/nature/choju/effort/effort12/ketujitu.pdf,2022-09-07,"pdf CreationDate (header undated, marked 別添３)"
和歌山,Wakayama,ブナ,buna,2020,R2,fruiting,―,―,no_data,,,2022-09-07,3,,,pdfplumber extract_tables,data-pipeline/raw/research/gaps/ketujitu-wb-20221022220755.pdf,http://web.archive.org/web/20221022220755id_/https://www.env.go.jp/nature/choju/effort/effort12/ketujitu.pdf,2022-09-07,"pdf CreationDate (header undated, marked 別添３)"
和歌山,Wakayama,ミズナラ,mizunara,2020,R2,fruiting,―,―,no_data,,,2022-09-07,3,,,pdfplumber extract_tables,data-pipeline/raw/research/gaps/ketujitu-wb-20221022220755.pdf,http://web.archive.org/web/20221022220755id_/https://www.env.go.jp/nature/choju/effort/effort12/ketujitu.pdf,2022-09-07,"pdf CreationDate (header undated, marked 別添３)"
和歌山,Wakayama,コナラ,konara,2020,R2,fruiting,―,―,no_data,,,2022-09-07,3,,,pdfplumber extract_tables,data-pipeline/raw/research/gaps/ketujitu-wb-20221022220755.pdf,http://web.archive.org/web/20221022220755id_/https://www.env.go.jp/nature/choju/effort/effort12/ketujitu.pdf,2022-09-07,"pdf CreationDate (header undated, marked 別添３)"
鳥取,Tottori,ブナ,buna,2020,R2,fruiting,凶作,凶作,value,凶作,exact; 不作/やや凶作 counted as 凶作 (MoE rule),2022-09-07,3,,,pdfplumber extract_tables,data-pipeline/raw/research/gaps/ketujitu-wb-20221022220755.pdf,http://web.archive.org/web/20221022220755id_/https://www.env.go.jp/nature/choju/effort/effort12/ketujitu.pdf,2022-09-07,"pdf CreationDate (header undated, marked 別添３)"
鳥取,Tottori,ミズナラ,mizunara,2020,R2,fruiting,並作下,並作下,value,並作,exact; 並上/並下 are 並作 sub-grades,2022-09-07,3,,,pdfplumber extract_tables,data-pipeline/raw/research/gaps/ketujitu-wb-20221022220755.pdf,http://web.archive.org/web/20221022220755id_/https://www.env.go.jp/nature/choju/effort/effort12/ketujitu.pdf,2022-09-07,"pdf CreationDate (header undated, marked 別添３)"
鳥取,Tottori,コナラ,konara,2020,R2,fruiting,凶作,凶作,value,凶作,exact; 不作/やや凶作 counted as 凶作 (MoE rule),2022-09-07,3,,,pdfplumber extract_tables,data-pipeline/raw/research/gaps/ketujitu-wb-20221022220755.pdf,http://web.archive.org/web/20221022220755id_/https://www.env.go.jp/nature/choju/effort/effort12/ketujitu.pdf,2022-09-07,"pdf CreationDate (header undated, marked 別添３)"
島根,Shimane,ブナ,buna,2020,R2,fruiting,凶作,凶作,value,凶作,exact; 不作/やや凶作 counted as 凶作 (MoE rule),2022-09-07,3,,,pdfplumber extract_tables,data-pipeline/raw/research/gaps/ketujitu-wb-20221022220755.pdf,http://web.archive.org/web/20221022220755id_/https://www.env.go.jp/nature/choju/effort/effort12/ketujitu.pdf,2022-09-07,"pdf CreationDate (header undated, marked 別添３)"
島根,Shimane,ミズナラ,mizunara,2020,R2,fruiting,豊作,豊作,value,豊作,exact; 大豊作 counted as 豊作,2022-09-07,3,,,pdfplumber extract_tables,data-pipeline/raw/research/gaps/ketujitu-wb-20221022220755.pdf,http://web.archive.org/web/20221022220755id_/https://www.env.go.jp/nature/choju/effort/effort12/ketujitu.pdf,2022-09-07,"pdf CreationDate (header undated, marked 別添３)"
島根,Shimane,コナラ,konara,2020,R2,fruiting,並作,並作,value,並作,exact; 並上/並下 are 並作 sub-grades,2022-09-07,3,,,pdfplumber extract_tables,data-pipeline/raw/research/gaps/ketujitu-wb-20221022220755.pdf,http://web.archive.org/web/20221022220755id_/https://www.env.go.jp/nature/choju/effort/effort12/ketujitu.pdf,2022-09-07,"pdf CreationDate (header undated, marked 別添３)"
岡山,Okayama,ブナ,buna,2020,R2,fruiting,凶作,凶作,value,凶作,exact; 不作/やや凶作 counted as 凶作 (MoE rule),2022-09-07,3,,,pdfplumber extract_tables,data-pipeline/raw/research/gaps/ketujitu-wb-20221022220755.pdf,http://web.archive.org/web/20221022220755id_/https://www.env.go.jp/nature/choju/effort/effort12/ketujitu.pdf,2022-09-07,"pdf CreationDate (header undated, marked 別添３)"
岡山,Okayama,ミズナラ,mizunara,2020,R2,fruiting,豊作,豊作,value,豊作,exact; 大豊作 counted as 豊作,2022-09-07,3,,,pdfplumber extract_tables,data-pipeline/raw/research/gaps/ketujitu-wb-20221022220755.pdf,http://web.archive.org/web/20221022220755id_/https://www.env.go.jp/nature/choju/effort/effort12/ketujitu.pdf,2022-09-07,"pdf CreationDate (header undated, marked 別添３)"
岡山,Okayama,コナラ,konara,2020,R2,fruiting,並作,並作,value,並作,exact; 並上/並下 are 並作 sub-grades,2022-09-07,3,,,pdfplumber extract_tables,data-pipeline/raw/research/gaps/ketujitu-wb-20221022220755.pdf,http://web.archive.org/web/20221022220755id_/https://www.env.go.jp/nature/choju/effort/effort12/ketujitu.pdf,2022-09-07,"pdf CreationDate (header undated, marked 別添３)"
広島,Hiroshima,ブナ,buna,2020,R2,fruiting,―,―,no_data,,,2022-09-07,3,,,pdfplumber extract_tables,data-pipeline/raw/research/gaps/ketujitu-wb-20221022220755.pdf,http://web.archive.org/web/20221022220755id_/https://www.env.go.jp/nature/choju/effort/effort12/ketujitu.pdf,2022-09-07,"pdf CreationDate (header undated, marked 別添３)"
広島,Hiroshima,ミズナラ,mizunara,2020,R2,fruiting,―,―,no_data,,,2022-09-07,3,,,pdfplumber extract_tables,data-pipeline/raw/research/gaps/ketujitu-wb-20221022220755.pdf,http://web.archive.org/web/20221022220755id_/https://www.env.go.jp/nature/choju/effort/effort12/ketujitu.pdf,2022-09-07,"pdf CreationDate (header undated, marked 別添３)"
広島,Hiroshima,コナラ,konara,2020,R2,fruiting,―,―,no_data,,,2022-09-07,3,,,pdfplumber extract_tables,data-pipeline/raw/research/gaps/ketujitu-wb-20221022220755.pdf,http://web.archive.org/web/20221022220755id_/https://www.env.go.jp/nature/choju/effort/effort12/ketujitu.pdf,2022-09-07,"pdf CreationDate (header undated, marked 別添３)"
山口,Yamaguchi,ブナ,buna,2020,R2,fruiting,―,―,no_data,,,2022-09-07,3,,指標が未定のため,pdfplumber extract_tables,data-pipeline/raw/research/gaps/ketujitu-wb-20221022220755.pdf,http://web.archive.org/web/20221022220755id_/https://www.env.go.jp/nature/choju/effort/effort12/ketujitu.pdf,2022-09-07,"pdf CreationDate (header undated, marked 別添３)"
山口,Yamaguchi,ミズナラ,mizunara,2020,R2,fruiting,―,―,no_data,,,2022-09-07,3,,指標が未定のため,pdfplumber extract_tables,data-pipeline/raw/research/gaps/ketujitu-wb-20221022220755.pdf,http://web.archive.org/web/20221022220755id_/https://www.env.go.jp/nature/choju/effort/effort12/ketujitu.pdf,2022-09-07,"pdf CreationDate (header undated, marked 別添３)"
山口,Yamaguchi,コナラ,konara,2020,R2,fruiting,公表しない,公表しない,not_published,,,2022-09-07,3,,指標が未定のため,pdfplumber extract_tables,data-pipeline/raw/research/gaps/ketujitu-wb-20221022220755.pdf,http://web.archive.org/web/20221022220755id_/https://www.env.go.jp/nature/choju/effort/effort12/ketujitu.pdf,2022-09-07,"pdf CreationDate (header undated, marked 別添３)"
北海道,Hokkaido,ブナ,buna,2021,R3,fruiting,不作,不作,value,凶作,exact; 不作/やや凶作 counted as 凶作 (MoE rule),2022-09-07,2,2021-11-01=調査中,ﾌﾞﾅは道南地方のみ分布,pdfplumber extract_tables,data-pipeline/raw/research/gaps/ketujitu-wb-20221022220755.pdf,http://web.archive.org/web/20221022220755id_/https://www.env.go.jp/nature/choju/effort/effort12/ketujitu.pdf,2022-09-07,"pdf CreationDate (header undated, marked 別添３)"
北海道,Hokkaido,ミズナラ,mizunara,2021,R3,fruiting,不作,不作,value,凶作,exact; 不作/やや凶作 counted as 凶作 (MoE rule),2022-09-07,2,2021-11-01=調査中,ﾌﾞﾅは道南地方のみ分布,pdfplumber extract_tables,data-pipeline/raw/research/gaps/ketujitu-wb-20221022220755.pdf,http://web.archive.org/web/20221022220755id_/https://www.env.go.jp/nature/choju/effort/effort12/ketujitu.pdf,2022-09-07,"pdf CreationDate (header undated, marked 別添３)"
北海道,Hokkaido,コナラ,konara,2021,R3,fruiting,―,―,no_data,,,2022-09-07,2,,ﾌﾞﾅは道南地方のみ分布,pdfplumber extract_tables,data-pipeline/raw/research/gaps/ketujitu-wb-20221022220755.pdf,http://web.archive.org/web/20221022220755id_/https://www.env.go.jp/nature/choju/effort/effort12/ketujitu.pdf,2022-09-07,"pdf CreationDate (header undated, marked 別添３)"
青森,Aomori,ブナ,buna,2021,R3,fruiting,凶作,凶作,value,凶作,exact; 不作/やや凶作 counted as 凶作 (MoE rule),2022-09-07,2,2021-11-01=調査中,東北森林管理局実施,pdfplumber extract_tables,data-pipeline/raw/research/gaps/ketujitu-wb-20221022220755.pdf,http://web.archive.org/web/20221022220755id_/https://www.env.go.jp/nature/choju/effort/effort12/ketujitu.pdf,2022-09-07,"pdf CreationDate (header undated, marked 別添３)"
青森,Aomori,ミズナラ,mizunara,2021,R3,fruiting,―,―,no_data,,,2022-09-07,2,,東北森林管理局実施,pdfplumber extract_tables,data-pipeline/raw/research/gaps/ketujitu-wb-20221022220755.pdf,http://web.archive.org/web/20221022220755id_/https://www.env.go.jp/nature/choju/effort/effort12/ketujitu.pdf,2022-09-07,"pdf CreationDate (header undated, marked 別添３)"
青森,Aomori,コナラ,konara,2021,R3,fruiting,―,―,no_data,,,2022-09-07,2,,東北森林管理局実施,pdfplumber extract_tables,data-pipeline/raw/research/gaps/ketujitu-wb-20221022220755.pdf,http://web.archive.org/web/20221022220755id_/https://www.env.go.jp/nature/choju/effort/effort12/ketujitu.pdf,2022-09-07,"pdf CreationDate (header undated, marked 別添３)"
岩手,Iwate,ブナ,buna,2021,R3,fruiting,不作,不作,value,凶作,exact; 不作/やや凶作 counted as 凶作 (MoE rule),2022-09-07,2,2021-11-01=調査中,,pdfplumber extract_tables,data-pipeline/raw/research/gaps/ketujitu-wb-20221022220755.pdf,http://web.archive.org/web/20221022220755id_/https://www.env.go.jp/nature/choju/effort/effort12/ketujitu.pdf,2022-09-07,"pdf CreationDate (header undated, marked 別添３)"
岩手,Iwate,ミズナラ,mizunara,2021,R3,fruiting,不作,不作,value,凶作,exact; 不作/やや凶作 counted as 凶作 (MoE rule),2022-09-07,2,2021-11-01=調査中,,pdfplumber extract_tables,data-pipeline/raw/research/gaps/ketujitu-wb-20221022220755.pdf,http://web.archive.org/web/20221022220755id_/https://www.env.go.jp/nature/choju/effort/effort12/ketujitu.pdf,2022-09-07,"pdf CreationDate (header undated, marked 別添３)"
岩手,Iwate,コナラ,konara,2021,R3,fruiting,不作,不作,value,凶作,exact; 不作/やや凶作 counted as 凶作 (MoE rule),2022-09-07,2,2021-11-01=調査中,,pdfplumber extract_tables,data-pipeline/raw/research/gaps/ketujitu-wb-20221022220755.pdf,http://web.archive.org/web/20221022220755id_/https://www.env.go.jp/nature/choju/effort/effort12/ketujitu.pdf,2022-09-07,"pdf CreationDate (header undated, marked 別添３)"
宮城,Miyagi,ブナ,buna,2021,R3,fruiting,並作,並作,value,並作,exact; 並上/並下 are 並作 sub-grades,2022-09-07,2,2021-11-01=調査中,,pdfplumber extract_tables,data-pipeline/raw/research/gaps/ketujitu-wb-20221022220755.pdf,http://web.archive.org/web/20221022220755id_/https://www.env.go.jp/nature/choju/effort/effort12/ketujitu.pdf,2022-09-07,"pdf CreationDate (header undated, marked 別添３)"
宮城,Miyagi,ミズナラ,mizunara,2021,R3,fruiting,並作,並作,value,並作,exact; 並上/並下 are 並作 sub-grades,2022-09-07,2,2021-11-01=調査中,,pdfplumber extract_tables,data-pipeline/raw/research/gaps/ketujitu-wb-20221022220755.pdf,http://web.archive.org/web/20221022220755id_/https://www.env.go.jp/nature/choju/effort/effort12/ketujitu.pdf,2022-09-07,"pdf CreationDate (header undated, marked 別添３)"
宮城,Miyagi,コナラ,konara,2021,R3,fruiting,―,―,no_data,,,2022-09-07,2,,,pdfplumber extract_tables,data-pipeline/raw/research/gaps/ketujitu-wb-20221022220755.pdf,http://web.archive.org/web/20221022220755id_/https://www.env.go.jp/nature/choju/effort/effort12/ketujitu.pdf,2022-09-07,"pdf CreationDate (header undated, marked 別添３)"
秋田,Akita,ブナ,buna,2021,R3,fruiting,凶作,凶作,value,凶作,exact; 不作/やや凶作 counted as 凶作 (MoE rule),2022-09-07,2,2021-11-01=調査中,,pdfplumber extract_tables,data-pipeline/raw/research/gaps/ketujitu-wb-20221022220755.pdf,http://web.archive.org/web/20221022220755id_/https://www.env.go.jp/nature/choju/effort/effort12/ketujitu.pdf,2022-09-07,"pdf CreationDate (header undated, marked 別添３)"
秋田,Akita,ミズナラ,mizunara,2021,R3,fruiting,凶作,凶作,value,凶作,exact; 不作/やや凶作 counted as 凶作 (MoE rule),2022-09-07,2,2021-11-01=調査中,,pdfplumber extract_tables,data-pipeline/raw/research/gaps/ketujitu-wb-20221022220755.pdf,http://web.archive.org/web/20221022220755id_/https://www.env.go.jp/nature/choju/effort/effort12/ketujitu.pdf,2022-09-07,"pdf CreationDate (header undated, marked 別添３)"
秋田,Akita,コナラ,konara,2021,R3,fruiting,―,―,no_data,,,2022-09-07,2,,,pdfplumber extract_tables,data-pipeline/raw/research/gaps/ketujitu-wb-20221022220755.pdf,http://web.archive.org/web/20221022220755id_/https://www.env.go.jp/nature/choju/effort/effort12/ketujitu.pdf,2022-09-07,"pdf CreationDate (header undated, marked 別添３)"
山形,Yamagata,ブナ,buna,2021,R3,fruiting,凶作,凶作,value,凶作,exact; 不作/やや凶作 counted as 凶作 (MoE rule),2022-09-07,2,2021-11-01=調査中,,pdfplumber extract_tables,data-pipeline/raw/research/gaps/ketujitu-wb-20221022220755.pdf,http://web.archive.org/web/20221022220755id_/https://www.env.go.jp/nature/choju/effort/effort12/ketujitu.pdf,2022-09-07,"pdf CreationDate (header undated, marked 別添３)"
山形,Yamagata,ミズナラ,mizunara,2021,R3,fruiting,凶作～豊作,凶作～豊作,value,並作,MoE rule 凶作～並作/凶作～豊作/不作～並作→並作,2022-09-07,2,2021-11-01=調査中,,pdfplumber extract_tables,data-pipeline/raw/research/gaps/ketujitu-wb-20221022220755.pdf,http://web.archive.org/web/20221022220755id_/https://www.env.go.jp/nature/choju/effort/effort12/ketujitu.pdf,2022-09-07,"pdf CreationDate (header undated, marked 別添３)"
山形,Yamagata,コナラ,konara,2021,R3,fruiting,凶作～豊作,凶作～豊作,value,並作,MoE rule 凶作～並作/凶作～豊作/不作～並作→並作,2022-09-07,2,2021-11-01=調査中,,pdfplumber extract_tables,data-pipeline/raw/research/gaps/ketujitu-wb-20221022220755.pdf,http://web.archive.org/web/20221022220755id_/https://www.env.go.jp/nature/choju/effort/effort12/ketujitu.pdf,2022-09-07,"pdf CreationDate (header undated, marked 別添３)"
福島,Fukushima,ブナ,buna,2021,R3,fruiting,並作,並作,value,並作,exact; 並上/並下 are 並作 sub-grades,2022-09-07,2,2021-11-01=調査中,,pdfplumber extract_tables,data-pipeline/raw/research/gaps/ketujitu-wb-20221022220755.pdf,http://web.archive.org/web/20221022220755id_/https://www.env.go.jp/nature/choju/effort/effort12/ketujitu.pdf,2022-09-07,"pdf CreationDate (header undated, marked 別添３)"
福島,Fukushima,ミズナラ,mizunara,2021,R3,fruiting,並作,並作,value,並作,exact; 並上/並下 are 並作 sub-grades,2022-09-07,2,2021-11-01=調査中,,pdfplumber extract_tables,data-pipeline/raw/research/gaps/ketujitu-wb-20221022220755.pdf,http://web.archive.org/web/20221022220755id_/https://www.env.go.jp/nature/choju/effort/effort12/ketujitu.pdf,2022-09-07,"pdf CreationDate (header undated, marked 別添３)"
福島,Fukushima,コナラ,konara,2021,R3,fruiting,凶作,凶作,value,凶作,exact; 不作/やや凶作 counted as 凶作 (MoE rule),2022-09-07,2,2021-11-01=調査中,,pdfplumber extract_tables,data-pipeline/raw/research/gaps/ketujitu-wb-20221022220755.pdf,http://web.archive.org/web/20221022220755id_/https://www.env.go.jp/nature/choju/effort/effort12/ketujitu.pdf,2022-09-07,"pdf CreationDate (header undated, marked 別添３)"
栃木,Tochigi,ブナ,buna,2021,R3,fruiting,並作,並作,value,並作,exact; 並上/並下 are 並作 sub-grades,2022-09-07,2,,,pdfplumber extract_tables,data-pipeline/raw/research/gaps/ketujitu-wb-20221022220755.pdf,http://web.archive.org/web/20221022220755id_/https://www.env.go.jp/nature/choju/effort/effort12/ketujitu.pdf,2022-09-07,"pdf CreationDate (header undated, marked 別添３)"
栃木,Tochigi,ミズナラ,mizunara,2021,R3,fruiting,凶作～並作,凶作～並作,value,並作,MoE rule 凶作～並作/凶作～豊作/不作～並作→並作,2022-09-07,2,,,pdfplumber extract_tables,data-pipeline/raw/research/gaps/ketujitu-wb-20221022220755.pdf,http://web.archive.org/web/20221022220755id_/https://www.env.go.jp/nature/choju/effort/effort12/ketujitu.pdf,2022-09-07,"pdf CreationDate (header undated, marked 別添３)"
栃木,Tochigi,コナラ,konara,2021,R3,fruiting,凶作～並作,凶作～並作,value,並作,MoE rule 凶作～並作/凶作～豊作/不作～並作→並作,2022-09-07,2,,,pdfplumber extract_tables,data-pipeline/raw/research/gaps/ketujitu-wb-20221022220755.pdf,http://web.archive.org/web/20221022220755id_/https://www.env.go.jp/nature/choju/effort/effort12/ketujitu.pdf,2022-09-07,"pdf CreationDate (header undated, marked 別添３)"
群馬,Gunma,ブナ,buna,2021,R3,fruiting,不作,不作,value,凶作,exact; 不作/やや凶作 counted as 凶作 (MoE rule),2022-09-07,2,,,pdfplumber extract_tables,data-pipeline/raw/research/gaps/ketujitu-wb-20221022220755.pdf,http://web.archive.org/web/20221022220755id_/https://www.env.go.jp/nature/choju/effort/effort12/ketujitu.pdf,2022-09-07,"pdf CreationDate (header undated, marked 別添３)"
群馬,Gunma,ミズナラ,mizunara,2021,R3,fruiting,不作,不作,value,凶作,exact; 不作/やや凶作 counted as 凶作 (MoE rule),2022-09-07,2,,,pdfplumber extract_tables,data-pipeline/raw/research/gaps/ketujitu-wb-20221022220755.pdf,http://web.archive.org/web/20221022220755id_/https://www.env.go.jp/nature/choju/effort/effort12/ketujitu.pdf,2022-09-07,"pdf CreationDate (header undated, marked 別添３)"
群馬,Gunma,コナラ,konara,2021,R3,fruiting,不作,不作,value,凶作,exact; 不作/やや凶作 counted as 凶作 (MoE rule),2022-09-07,2,,,pdfplumber extract_tables,data-pipeline/raw/research/gaps/ketujitu-wb-20221022220755.pdf,http://web.archive.org/web/20221022220755id_/https://www.env.go.jp/nature/choju/effort/effort12/ketujitu.pdf,2022-09-07,"pdf CreationDate (header undated, marked 別添３)"
埼玉,Saitama,ブナ,buna,2021,R3,fruiting,―,―,no_data,,,2022-09-07,2,,,pdfplumber extract_tables,data-pipeline/raw/research/gaps/ketujitu-wb-20221022220755.pdf,http://web.archive.org/web/20221022220755id_/https://www.env.go.jp/nature/choju/effort/effort12/ketujitu.pdf,2022-09-07,"pdf CreationDate (header undated, marked 別添３)"
埼玉,Saitama,ミズナラ,mizunara,2021,R3,fruiting,―,―,no_data,,,2022-09-07,2,,,pdfplumber extract_tables,data-pipeline/raw/research/gaps/ketujitu-wb-20221022220755.pdf,http://web.archive.org/web/20221022220755id_/https://www.env.go.jp/nature/choju/effort/effort12/ketujitu.pdf,2022-09-07,"pdf CreationDate (header undated, marked 別添３)"
埼玉,Saitama,コナラ,konara,2021,R3,fruiting,―,―,no_data,,,2022-09-07,2,,,pdfplumber extract_tables,data-pipeline/raw/research/gaps/ketujitu-wb-20221022220755.pdf,http://web.archive.org/web/20221022220755id_/https://www.env.go.jp/nature/choju/effort/effort12/ketujitu.pdf,2022-09-07,"pdf CreationDate (header undated, marked 別添３)"
東京,Tokyo,ブナ,buna,2021,R3,fruiting,凶作～並作,凶作～並作,value,並作,MoE rule 凶作～並作/凶作～豊作/不作～並作→並作,2022-09-07,2,,,pdfplumber extract_tables,data-pipeline/raw/research/gaps/ketujitu-wb-20221022220755.pdf,http://web.archive.org/web/20221022220755id_/https://www.env.go.jp/nature/choju/effort/effort12/ketujitu.pdf,2022-09-07,"pdf CreationDate (header undated, marked 別添３)"
東京,Tokyo,ミズナラ,mizunara,2021,R3,fruiting,凶作～並作,凶作～並作,value,並作,MoE rule 凶作～並作/凶作～豊作/不作～並作→並作,2022-09-07,2,,,pdfplumber extract_tables,data-pipeline/raw/research/gaps/ketujitu-wb-20221022220755.pdf,http://web.archive.org/web/20221022220755id_/https://www.env.go.jp/nature/choju/effort/effort12/ketujitu.pdf,2022-09-07,"pdf CreationDate (header undated, marked 別添３)"
東京,Tokyo,コナラ,konara,2021,R3,fruiting,凶作～並作,凶作～並作,value,並作,MoE rule 凶作～並作/凶作～豊作/不作～並作→並作,2022-09-07,2,,,pdfplumber extract_tables,data-pipeline/raw/research/gaps/ketujitu-wb-20221022220755.pdf,http://web.archive.org/web/20221022220755id_/https://www.env.go.jp/nature/choju/effort/effort12/ketujitu.pdf,2022-09-07,"pdf CreationDate (header undated, marked 別添３)"
神奈川,Kanagawa,ブナ,buna,2021,R3,fruiting,凶作,凶作,value,凶作,exact; 不作/やや凶作 counted as 凶作 (MoE rule),2022-09-07,2,,,pdfplumber extract_tables,data-pipeline/raw/research/gaps/ketujitu-wb-20221022220755.pdf,http://web.archive.org/web/20221022220755id_/https://www.env.go.jp/nature/choju/effort/effort12/ketujitu.pdf,2022-09-07,"pdf CreationDate (header undated, marked 別添３)"
神奈川,Kanagawa,ミズナラ,mizunara,2021,R3,fruiting,凶作,凶作,value,凶作,exact; 不作/やや凶作 counted as 凶作 (MoE rule),2022-09-07,2,,,pdfplumber extract_tables,data-pipeline/raw/research/gaps/ketujitu-wb-20221022220755.pdf,http://web.archive.org/web/20221022220755id_/https://www.env.go.jp/nature/choju/effort/effort12/ketujitu.pdf,2022-09-07,"pdf CreationDate (header undated, marked 別添３)"
神奈川,Kanagawa,コナラ,konara,2021,R3,fruiting,凶作～並作,凶作～並作,value,並作,MoE rule 凶作～並作/凶作～豊作/不作～並作→並作,2022-09-07,2,,,pdfplumber extract_tables,data-pipeline/raw/research/gaps/ketujitu-wb-20221022220755.pdf,http://web.archive.org/web/20221022220755id_/https://www.env.go.jp/nature/choju/effort/effort12/ketujitu.pdf,2022-09-07,"pdf CreationDate (header undated, marked 別添３)"
新潟,Niigata,ブナ,buna,2021,R3,fruiting,凶作～不作,凶作～不作,value,凶作,range within 凶作/不作 bucket,2022-09-07,2,,,pdfplumber extract_tables,data-pipeline/raw/research/gaps/ketujitu-wb-20221022220755.pdf,http://web.archive.org/web/20221022220755id_/https://www.env.go.jp/nature/choju/effort/effort12/ketujitu.pdf,2022-09-07,"pdf CreationDate (header undated, marked 別添３)"
新潟,Niigata,ミズナラ,mizunara,2021,R3,fruiting,凶作～不作,凶作～不作,value,凶作,range within 凶作/不作 bucket,2022-09-07,2,,,pdfplumber extract_tables,data-pipeline/raw/research/gaps/ketujitu-wb-20221022220755.pdf,http://web.archive.org/web/20221022220755id_/https://www.env.go.jp/nature/choju/effort/effort12/ketujitu.pdf,2022-09-07,"pdf CreationDate (header undated, marked 別添３)"
新潟,Niigata,コナラ,konara,2021,R3,fruiting,不作～並作,不作～並作,value,並作,MoE rule 凶作～並作/凶作～豊作/不作～並作→並作,2022-09-07,2,,,pdfplumber extract_tables,data-pipeline/raw/research/gaps/ketujitu-wb-20221022220755.pdf,http://web.archive.org/web/20221022220755id_/https://www.env.go.jp/nature/choju/effort/effort12/ketujitu.pdf,2022-09-07,"pdf CreationDate (header undated, marked 別添３)"
富山,Toyama,ブナ,buna,2021,R3,fruiting,並作,並作,value,並作,exact; 並上/並下 are 並作 sub-grades,2022-09-07,2,,,pdfplumber extract_tables,data-pipeline/raw/research/gaps/ketujitu-wb-20221022220755.pdf,http://web.archive.org/web/20221022220755id_/https://www.env.go.jp/nature/choju/effort/effort12/ketujitu.pdf,2022-09-07,"pdf CreationDate (header undated, marked 別添３)"
富山,Toyama,ミズナラ,mizunara,2021,R3,fruiting,不作,不作,value,凶作,exact; 不作/やや凶作 counted as 凶作 (MoE rule),2022-09-07,2,,,pdfplumber extract_tables,data-pipeline/raw/research/gaps/ketujitu-wb-20221022220755.pdf,http://web.archive.org/web/20221022220755id_/https://www.env.go.jp/nature/choju/effort/effort12/ketujitu.pdf,2022-09-07,"pdf CreationDate (header undated, marked 別添３)"
富山,Toyama,コナラ,konara,2021,R3,fruiting,不作,不作,value,凶作,exact; 不作/やや凶作 counted as 凶作 (MoE rule),2022-09-07,2,,,pdfplumber extract_tables,data-pipeline/raw/research/gaps/ketujitu-wb-20221022220755.pdf,http://web.archive.org/web/20221022220755id_/https://www.env.go.jp/nature/choju/effort/effort12/ketujitu.pdf,2022-09-07,"pdf CreationDate (header undated, marked 別添３)"
石川,Ishikawa,ブナ,buna,2021,R3,fruiting,大豊作,大豊作,value,豊作,exact; 大豊作 counted as 豊作,2022-09-07,2,,,pdfplumber extract_tables,data-pipeline/raw/research/gaps/ketujitu-wb-20221022220755.pdf,http://web.archive.org/web/20221022220755id_/https://www.env.go.jp/nature/choju/effort/effort12/ketujitu.pdf,2022-09-07,"pdf CreationDate (header undated, marked 別添３)"
石川,Ishikawa,ミズナラ,mizunara,2021,R3,fruiting,豊作,豊作,value,豊作,exact; 大豊作 counted as 豊作,2022-09-07,2,,,pdfplumber extract_tables,data-pipeline/raw/research/gaps/ketujitu-wb-20221022220755.pdf,http://web.archive.org/web/20221022220755id_/https://www.env.go.jp/nature/choju/effort/effort12/ketujitu.pdf,2022-09-07,"pdf CreationDate (header undated, marked 別添３)"
石川,Ishikawa,コナラ,konara,2021,R3,fruiting,並作,並作,value,並作,exact; 並上/並下 are 並作 sub-grades,2022-09-07,2,,,pdfplumber extract_tables,data-pipeline/raw/research/gaps/ketujitu-wb-20221022220755.pdf,http://web.archive.org/web/20221022220755id_/https://www.env.go.jp/nature/choju/effort/effort12/ketujitu.pdf,2022-09-07,"pdf CreationDate (header undated, marked 別添３)"
福井,Fukui,ブナ,buna,2021,R3,fruiting,並作,並作,value,並作,exact; 並上/並下 are 並作 sub-grades,2022-09-07,2,,,pdfplumber extract_tables,data-pipeline/raw/research/gaps/ketujitu-wb-20221022220755.pdf,http://web.archive.org/web/20221022220755id_/https://www.env.go.jp/nature/choju/effort/effort12/ketujitu.pdf,2022-09-07,"pdf CreationDate (header undated, marked 別添３)"
福井,Fukui,ミズナラ,mizunara,2021,R3,fruiting,不作,不作,value,凶作,exact; 不作/やや凶作 counted as 凶作 (MoE rule),2022-09-07,2,,,pdfplumber extract_tables,data-pipeline/raw/research/gaps/ketujitu-wb-20221022220755.pdf,http://web.archive.org/web/20221022220755id_/https://www.env.go.jp/nature/choju/effort/effort12/ketujitu.pdf,2022-09-07,"pdf CreationDate (header undated, marked 別添３)"
福井,Fukui,コナラ,konara,2021,R3,fruiting,不作,不作,value,凶作,exact; 不作/やや凶作 counted as 凶作 (MoE rule),2022-09-07,2,,,pdfplumber extract_tables,data-pipeline/raw/research/gaps/ketujitu-wb-20221022220755.pdf,http://web.archive.org/web/20221022220755id_/https://www.env.go.jp/nature/choju/effort/effort12/ketujitu.pdf,2022-09-07,"pdf CreationDate (header undated, marked 別添３)"
山梨,Yamanashi,ブナ,buna,2021,R3,fruiting,凶作,凶作,value,凶作,exact; 不作/やや凶作 counted as 凶作 (MoE rule),2022-09-07,2,,,pdfplumber extract_tables,data-pipeline/raw/research/gaps/ketujitu-wb-20221022220755.pdf,http://web.archive.org/web/20221022220755id_/https://www.env.go.jp/nature/choju/effort/effort12/ketujitu.pdf,2022-09-07,"pdf CreationDate (header undated, marked 別添３)"
山梨,Yamanashi,ミズナラ,mizunara,2021,R3,fruiting,凶作,凶作,value,凶作,exact; 不作/やや凶作 counted as 凶作 (MoE rule),2022-09-07,2,,,pdfplumber extract_tables,data-pipeline/raw/research/gaps/ketujitu-wb-20221022220755.pdf,http://web.archive.org/web/20221022220755id_/https://www.env.go.jp/nature/choju/effort/effort12/ketujitu.pdf,2022-09-07,"pdf CreationDate (header undated, marked 別添３)"
山梨,Yamanashi,コナラ,konara,2021,R3,fruiting,凶作～並作,凶作～並作,value,並作,MoE rule 凶作～並作/凶作～豊作/不作～並作→並作,2022-09-07,2,,,pdfplumber extract_tables,data-pipeline/raw/research/gaps/ketujitu-wb-20221022220755.pdf,http://web.archive.org/web/20221022220755id_/https://www.env.go.jp/nature/choju/effort/effort12/ketujitu.pdf,2022-09-07,"pdf CreationDate (header undated, marked 別添３)"
長野,Nagano,ブナ,buna,2021,R3,fruiting,大凶作～並作,大凶作～並作,value,並作,range spanning buckets→並作 (by analogy with MoE rule),2022-09-07,2,2021-11-01=調査中,,pdfplumber extract_tables,data-pipeline/raw/research/gaps/ketujitu-wb-20221022220755.pdf,http://web.archive.org/web/20221022220755id_/https://www.env.go.jp/nature/choju/effort/effort12/ketujitu.pdf,2022-09-07,"pdf CreationDate (header undated, marked 別添３)"
長野,Nagano,ミズナラ,mizunara,2021,R3,fruiting,大凶作～豊作,大凶作～豊作,value,並作,range spanning buckets→並作 (by analogy with MoE rule),2022-09-07,2,2021-11-01=調査中,,pdfplumber extract_tables,data-pipeline/raw/research/gaps/ketujitu-wb-20221022220755.pdf,http://web.archive.org/web/20221022220755id_/https://www.env.go.jp/nature/choju/effort/effort12/ketujitu.pdf,2022-09-07,"pdf CreationDate (header undated, marked 別添３)"
長野,Nagano,コナラ,konara,2021,R3,fruiting,大凶作～\n大豊作,大凶作～大豊作,value,並作,range spanning buckets→並作 (by analogy with MoE rule),2022-09-07,2,2021-11-01=調査中,,pdfplumber extract_tables,data-pipeline/raw/research/gaps/ketujitu-wb-20221022220755.pdf,http://web.archive.org/web/20221022220755id_/https://www.env.go.jp/nature/choju/effort/effort12/ketujitu.pdf,2022-09-07,"pdf CreationDate (header undated, marked 別添３)"
岐阜,Gifu,ブナ,buna,2021,R3,fruiting,並作,並作,value,並作,exact; 並上/並下 are 並作 sub-grades,2022-09-07,2,2021-11-01=調査中,,pdfplumber extract_tables,data-pipeline/raw/research/gaps/ketujitu-wb-20221022220755.pdf,http://web.archive.org/web/20221022220755id_/https://www.env.go.jp/nature/choju/effort/effort12/ketujitu.pdf,2022-09-07,"pdf CreationDate (header undated, marked 別添３)"
岐阜,Gifu,ミズナラ,mizunara,2021,R3,fruiting,並作,並作,value,並作,exact; 並上/並下 are 並作 sub-grades,2022-09-07,2,2021-11-01=調査中,,pdfplumber extract_tables,data-pipeline/raw/research/gaps/ketujitu-wb-20221022220755.pdf,http://web.archive.org/web/20221022220755id_/https://www.env.go.jp/nature/choju/effort/effort12/ketujitu.pdf,2022-09-07,"pdf CreationDate (header undated, marked 別添３)"
岐阜,Gifu,コナラ,konara,2021,R3,fruiting,並作,並作,value,並作,exact; 並上/並下 are 並作 sub-grades,2022-09-07,2,2021-11-01=調査中,,pdfplumber extract_tables,data-pipeline/raw/research/gaps/ketujitu-wb-20221022220755.pdf,http://web.archive.org/web/20221022220755id_/https://www.env.go.jp/nature/choju/effort/effort12/ketujitu.pdf,2022-09-07,"pdf CreationDate (header undated, marked 別添３)"
静岡,Shizuoka,ブナ,buna,2021,R3,fruiting,―,―,no_data,,,2022-09-07,2,,,pdfplumber extract_tables,data-pipeline/raw/research/gaps/ketujitu-wb-20221022220755.pdf,http://web.archive.org/web/20221022220755id_/https://www.env.go.jp/nature/choju/effort/effort12/ketujitu.pdf,2022-09-07,"pdf CreationDate (header undated, marked 別添３)"
静岡,Shizuoka,ミズナラ,mizunara,2021,R3,fruiting,―,―,no_data,,,2022-09-07,2,,,pdfplumber extract_tables,data-pipeline/raw/research/gaps/ketujitu-wb-20221022220755.pdf,http://web.archive.org/web/20221022220755id_/https://www.env.go.jp/nature/choju/effort/effort12/ketujitu.pdf,2022-09-07,"pdf CreationDate (header undated, marked 別添３)"
静岡,Shizuoka,コナラ,konara,2021,R3,fruiting,―,―,no_data,,,2022-09-07,2,,,pdfplumber extract_tables,data-pipeline/raw/research/gaps/ketujitu-wb-20221022220755.pdf,http://web.archive.org/web/20221022220755id_/https://www.env.go.jp/nature/choju/effort/effort12/ketujitu.pdf,2022-09-07,"pdf CreationDate (header undated, marked 別添３)"
愛知,Aichi,ブナ,buna,2021,R3,fruiting,―,―,no_data,,,2022-09-07,2,,,pdfplumber extract_tables,data-pipeline/raw/research/gaps/ketujitu-wb-20221022220755.pdf,http://web.archive.org/web/20221022220755id_/https://www.env.go.jp/nature/choju/effort/effort12/ketujitu.pdf,2022-09-07,"pdf CreationDate (header undated, marked 別添３)"
愛知,Aichi,ミズナラ,mizunara,2021,R3,fruiting,並作,並作,value,並作,exact; 並上/並下 are 並作 sub-grades,2022-09-07,2,,,pdfplumber extract_tables,data-pipeline/raw/research/gaps/ketujitu-wb-20221022220755.pdf,http://web.archive.org/web/20221022220755id_/https://www.env.go.jp/nature/choju/effort/effort12/ketujitu.pdf,2022-09-07,"pdf CreationDate (header undated, marked 別添３)"
愛知,Aichi,コナラ,konara,2021,R3,fruiting,凶作,凶作,value,凶作,exact; 不作/やや凶作 counted as 凶作 (MoE rule),2022-09-07,2,,,pdfplumber extract_tables,data-pipeline/raw/research/gaps/ketujitu-wb-20221022220755.pdf,http://web.archive.org/web/20221022220755id_/https://www.env.go.jp/nature/choju/effort/effort12/ketujitu.pdf,2022-09-07,"pdf CreationDate (header undated, marked 別添３)"
三重,Mie,ブナ,buna,2021,R3,fruiting,―,―,no_data,,,2022-09-07,2,,,pdfplumber extract_tables,data-pipeline/raw/research/gaps/ketujitu-wb-20221022220755.pdf,http://web.archive.org/web/20221022220755id_/https://www.env.go.jp/nature/choju/effort/effort12/ketujitu.pdf,2022-09-07,"pdf CreationDate (header undated, marked 別添３)"
三重,Mie,ミズナラ,mizunara,2021,R3,fruiting,―,―,no_data,,,2022-09-07,2,,,pdfplumber extract_tables,data-pipeline/raw/research/gaps/ketujitu-wb-20221022220755.pdf,http://web.archive.org/web/20221022220755id_/https://www.env.go.jp/nature/choju/effort/effort12/ketujitu.pdf,2022-09-07,"pdf CreationDate (header undated, marked 別添３)"
三重,Mie,コナラ,konara,2021,R3,fruiting,―,―,no_data,,,2022-09-07,2,,,pdfplumber extract_tables,data-pipeline/raw/research/gaps/ketujitu-wb-20221022220755.pdf,http://web.archive.org/web/20221022220755id_/https://www.env.go.jp/nature/choju/effort/effort12/ketujitu.pdf,2022-09-07,"pdf CreationDate (header undated, marked 別添３)"
滋賀,Shiga,ブナ,buna,2021,R3,fruiting,不作,不作,value,凶作,exact; 不作/やや凶作 counted as 凶作 (MoE rule),2022-09-07,2,2021-11-01=調査中,,pdfplumber extract_tables,data-pipeline/raw/research/gaps/ketujitu-wb-20221022220755.pdf,http://web.archive.org/web/20221022220755id_/https://www.env.go.jp/nature/choju/effort/effort12/ketujitu.pdf,2022-09-07,"pdf CreationDate (header undated, marked 別添３)"
滋賀,Shiga,ミズナラ,mizunara,2021,R3,fruiting,不作,不作,value,凶作,exact; 不作/やや凶作 counted as 凶作 (MoE rule),2022-09-07,2,2021-11-01=調査中,,pdfplumber extract_tables,data-pipeline/raw/research/gaps/ketujitu-wb-20221022220755.pdf,http://web.archive.org/web/20221022220755id_/https://www.env.go.jp/nature/choju/effort/effort12/ketujitu.pdf,2022-09-07,"pdf CreationDate (header undated, marked 別添３)"
滋賀,Shiga,コナラ,konara,2021,R3,fruiting,不作,不作,value,凶作,exact; 不作/やや凶作 counted as 凶作 (MoE rule),2022-09-07,2,2021-11-01=調査中,,pdfplumber extract_tables,data-pipeline/raw/research/gaps/ketujitu-wb-20221022220755.pdf,http://web.archive.org/web/20221022220755id_/https://www.env.go.jp/nature/choju/effort/effort12/ketujitu.pdf,2022-09-07,"pdf CreationDate (header undated, marked 別添３)"
京都,Kyoto,ブナ,buna,2021,R3,fruiting,豊作,豊作,value,豊作,exact; 大豊作 counted as 豊作,2022-09-07,2,,,pdfplumber extract_tables,data-pipeline/raw/research/gaps/ketujitu-wb-20221022220755.pdf,http://web.archive.org/web/20221022220755id_/https://www.env.go.jp/nature/choju/effort/effort12/ketujitu.pdf,2022-09-07,"pdf CreationDate (header undated, marked 別添３)"
京都,Kyoto,ミズナラ,mizunara,2021,R3,fruiting,並作,並作,value,並作,exact; 並上/並下 are 並作 sub-grades,2022-09-07,2,,,pdfplumber extract_tables,data-pipeline/raw/research/gaps/ketujitu-wb-20221022220755.pdf,http://web.archive.org/web/20221022220755id_/https://www.env.go.jp/nature/choju/effort/effort12/ketujitu.pdf,2022-09-07,"pdf CreationDate (header undated, marked 別添３)"
京都,Kyoto,コナラ,konara,2021,R3,fruiting,並作,並作,value,並作,exact; 並上/並下 are 並作 sub-grades,2022-09-07,2,,,pdfplumber extract_tables,data-pipeline/raw/research/gaps/ketujitu-wb-20221022220755.pdf,http://web.archive.org/web/20221022220755id_/https://www.env.go.jp/nature/choju/effort/effort12/ketujitu.pdf,2022-09-07,"pdf CreationDate (header undated, marked 別添３)"
大阪,Osaka,ブナ,buna,2021,R3,fruiting,―,―,no_data,,,2022-09-07,2,,,pdfplumber extract_tables,data-pipeline/raw/research/gaps/ketujitu-wb-20221022220755.pdf,http://web.archive.org/web/20221022220755id_/https://www.env.go.jp/nature/choju/effort/effort12/ketujitu.pdf,2022-09-07,"pdf CreationDate (header undated, marked 別添３)"
大阪,Osaka,ミズナラ,mizunara,2021,R3,fruiting,―,―,no_data,,,2022-09-07,2,,,pdfplumber extract_tables,data-pipeline/raw/research/gaps/ketujitu-wb-20221022220755.pdf,http://web.archive.org/web/20221022220755id_/https://www.env.go.jp/nature/choju/effort/effort12/ketujitu.pdf,2022-09-07,"pdf CreationDate (header undated, marked 別添３)"
大阪,Osaka,コナラ,konara,2021,R3,fruiting,―,―,no_data,,,2022-09-07,2,,,pdfplumber extract_tables,data-pipeline/raw/research/gaps/ketujitu-wb-20221022220755.pdf,http://web.archive.org/web/20221022220755id_/https://www.env.go.jp/nature/choju/effort/effort12/ketujitu.pdf,2022-09-07,"pdf CreationDate (header undated, marked 別添３)"
兵庫,Hyogo,ブナ,buna,2021,R3,fruiting,豊作,豊作,value,豊作,exact; 大豊作 counted as 豊作,2022-09-07,2,,,pdfplumber extract_tables,data-pipeline/raw/research/gaps/ketujitu-wb-20221022220755.pdf,http://web.archive.org/web/20221022220755id_/https://www.env.go.jp/nature/choju/effort/effort12/ketujitu.pdf,2022-09-07,"pdf CreationDate (header undated, marked 別添３)"
兵庫,Hyogo,ミズナラ,mizunara,2021,R3,fruiting,凶作,凶作,value,凶作,exact; 不作/やや凶作 counted as 凶作 (MoE rule),2022-09-07,2,,,pdfplumber extract_tables,data-pipeline/raw/research/gaps/ketujitu-wb-20221022220755.pdf,http://web.archive.org/web/20221022220755id_/https://www.env.go.jp/nature/choju/effort/effort12/ketujitu.pdf,2022-09-07,"pdf CreationDate (header undated, marked 別添３)"
兵庫,Hyogo,コナラ,konara,2021,R3,fruiting,並作,並作,value,並作,exact; 並上/並下 are 並作 sub-grades,2022-09-07,2,,,pdfplumber extract_tables,data-pipeline/raw/research/gaps/ketujitu-wb-20221022220755.pdf,http://web.archive.org/web/20221022220755id_/https://www.env.go.jp/nature/choju/effort/effort12/ketujitu.pdf,2022-09-07,"pdf CreationDate (header undated, marked 別添３)"
奈良,Nara,ブナ,buna,2021,R3,fruiting,凶作,凶作,value,凶作,exact; 不作/やや凶作 counted as 凶作 (MoE rule),2022-09-07,2,2021-11-01=調査中,,pdfplumber extract_tables,data-pipeline/raw/research/gaps/ketujitu-wb-20221022220755.pdf,http://web.archive.org/web/20221022220755id_/https://www.env.go.jp/nature/choju/effort/effort12/ketujitu.pdf,2022-09-07,"pdf CreationDate (header undated, marked 別添３)"
奈良,Nara,ミズナラ,mizunara,2021,R3,fruiting,並作下,並作下,value,並作,exact; 並上/並下 are 並作 sub-grades,2022-09-07,2,2021-11-01=調査中,,pdfplumber extract_tables,data-pipeline/raw/research/gaps/ketujitu-wb-20221022220755.pdf,http://web.archive.org/web/20221022220755id_/https://www.env.go.jp/nature/choju/effort/effort12/ketujitu.pdf,2022-09-07,"pdf CreationDate (header undated, marked 別添３)"
奈良,Nara,コナラ,konara,2021,R3,fruiting,並作下,並作下,value,並作,exact; 並上/並下 are 並作 sub-grades,2022-09-07,2,2021-11-01=調査中,,pdfplumber extract_tables,data-pipeline/raw/research/gaps/ketujitu-wb-20221022220755.pdf,http://web.archive.org/web/20221022220755id_/https://www.env.go.jp/nature/choju/effort/effort12/ketujitu.pdf,2022-09-07,"pdf CreationDate (header undated, marked 別添３)"
和歌山,Wakayama,ブナ,buna,2021,R3,fruiting,―,―,no_data,,,2022-09-07,2,,,pdfplumber extract_tables,data-pipeline/raw/research/gaps/ketujitu-wb-20221022220755.pdf,http://web.archive.org/web/20221022220755id_/https://www.env.go.jp/nature/choju/effort/effort12/ketujitu.pdf,2022-09-07,"pdf CreationDate (header undated, marked 別添３)"
和歌山,Wakayama,ミズナラ,mizunara,2021,R3,fruiting,―,―,no_data,,,2022-09-07,2,,,pdfplumber extract_tables,data-pipeline/raw/research/gaps/ketujitu-wb-20221022220755.pdf,http://web.archive.org/web/20221022220755id_/https://www.env.go.jp/nature/choju/effort/effort12/ketujitu.pdf,2022-09-07,"pdf CreationDate (header undated, marked 別添３)"
和歌山,Wakayama,コナラ,konara,2021,R3,fruiting,―,―,no_data,,,2022-09-07,2,,,pdfplumber extract_tables,data-pipeline/raw/research/gaps/ketujitu-wb-20221022220755.pdf,http://web.archive.org/web/20221022220755id_/https://www.env.go.jp/nature/choju/effort/effort12/ketujitu.pdf,2022-09-07,"pdf CreationDate (header undated, marked 別添３)"
鳥取,Tottori,ブナ,buna,2021,R3,fruiting,大豊作,大豊作,value,豊作,exact; 大豊作 counted as 豊作,2022-09-07,2,,,pdfplumber extract_tables,data-pipeline/raw/research/gaps/ketujitu-wb-20221022220755.pdf,http://web.archive.org/web/20221022220755id_/https://www.env.go.jp/nature/choju/effort/effort12/ketujitu.pdf,2022-09-07,"pdf CreationDate (header undated, marked 別添３)"
鳥取,Tottori,ミズナラ,mizunara,2021,R3,fruiting,並作上,並作上,value,並作,exact; 並上/並下 are 並作 sub-grades,2022-09-07,2,,,pdfplumber extract_tables,data-pipeline/raw/research/gaps/ketujitu-wb-20221022220755.pdf,http://web.archive.org/web/20221022220755id_/https://www.env.go.jp/nature/choju/effort/effort12/ketujitu.pdf,2022-09-07,"pdf CreationDate (header undated, marked 別添３)"
鳥取,Tottori,コナラ,konara,2021,R3,fruiting,並作上,並作上,value,並作,exact; 並上/並下 are 並作 sub-grades,2022-09-07,2,,,pdfplumber extract_tables,data-pipeline/raw/research/gaps/ketujitu-wb-20221022220755.pdf,http://web.archive.org/web/20221022220755id_/https://www.env.go.jp/nature/choju/effort/effort12/ketujitu.pdf,2022-09-07,"pdf CreationDate (header undated, marked 別添３)"
島根,Shimane,ブナ,buna,2021,R3,fruiting,並作,並作,value,並作,exact; 並上/並下 are 並作 sub-grades,2022-09-07,2,2021-11-01=調査中,,pdfplumber extract_tables,data-pipeline/raw/research/gaps/ketujitu-wb-20221022220755.pdf,http://web.archive.org/web/20221022220755id_/https://www.env.go.jp/nature/choju/effort/effort12/ketujitu.pdf,2022-09-07,"pdf CreationDate (header undated, marked 別添３)"
島根,Shimane,ミズナラ,mizunara,2021,R3,fruiting,凶作,凶作,value,凶作,exact; 不作/やや凶作 counted as 凶作 (MoE rule),2022-09-07,2,2021-11-01=調査中,,pdfplumber extract_tables,data-pipeline/raw/research/gaps/ketujitu-wb-20221022220755.pdf,http://web.archive.org/web/20221022220755id_/https://www.env.go.jp/nature/choju/effort/effort12/ketujitu.pdf,2022-09-07,"pdf CreationDate (header undated, marked 別添３)"
島根,Shimane,コナラ,konara,2021,R3,fruiting,豊作,豊作,value,豊作,exact; 大豊作 counted as 豊作,2022-09-07,2,2021-11-01=調査中,,pdfplumber extract_tables,data-pipeline/raw/research/gaps/ketujitu-wb-20221022220755.pdf,http://web.archive.org/web/20221022220755id_/https://www.env.go.jp/nature/choju/effort/effort12/ketujitu.pdf,2022-09-07,"pdf CreationDate (header undated, marked 別添３)"
岡山,Okayama,ブナ,buna,2021,R3,fruiting,並作,並作,value,並作,exact; 並上/並下 are 並作 sub-grades,2022-09-07,2,,,pdfplumber extract_tables,data-pipeline/raw/research/gaps/ketujitu-wb-20221022220755.pdf,http://web.archive.org/web/20221022220755id_/https://www.env.go.jp/nature/choju/effort/effort12/ketujitu.pdf,2022-09-07,"pdf CreationDate (header undated, marked 別添３)"
岡山,Okayama,ミズナラ,mizunara,2021,R3,fruiting,並作,並作,value,並作,exact; 並上/並下 are 並作 sub-grades,2022-09-07,2,,,pdfplumber extract_tables,data-pipeline/raw/research/gaps/ketujitu-wb-20221022220755.pdf,http://web.archive.org/web/20221022220755id_/https://www.env.go.jp/nature/choju/effort/effort12/ketujitu.pdf,2022-09-07,"pdf CreationDate (header undated, marked 別添３)"
岡山,Okayama,コナラ,konara,2021,R3,fruiting,並作,並作,value,並作,exact; 並上/並下 are 並作 sub-grades,2022-09-07,2,,,pdfplumber extract_tables,data-pipeline/raw/research/gaps/ketujitu-wb-20221022220755.pdf,http://web.archive.org/web/20221022220755id_/https://www.env.go.jp/nature/choju/effort/effort12/ketujitu.pdf,2022-09-07,"pdf CreationDate (header undated, marked 別添３)"
広島,Hiroshima,ブナ,buna,2021,R3,fruiting,―,―,no_data,,,2022-09-07,2,,,pdfplumber extract_tables,data-pipeline/raw/research/gaps/ketujitu-wb-20221022220755.pdf,http://web.archive.org/web/20221022220755id_/https://www.env.go.jp/nature/choju/effort/effort12/ketujitu.pdf,2022-09-07,"pdf CreationDate (header undated, marked 別添３)"
広島,Hiroshima,ミズナラ,mizunara,2021,R3,fruiting,公表しない,公表しない,not_published,,,2022-09-07,2,2021-11-01=調査中,,pdfplumber extract_tables,data-pipeline/raw/research/gaps/ketujitu-wb-20221022220755.pdf,http://web.archive.org/web/20221022220755id_/https://www.env.go.jp/nature/choju/effort/effort12/ketujitu.pdf,2022-09-07,"pdf CreationDate (header undated, marked 別添３)"
広島,Hiroshima,コナラ,konara,2021,R3,fruiting,公表しない,公表しない,not_published,,,2022-09-07,2,2021-11-01=調査中,,pdfplumber extract_tables,data-pipeline/raw/research/gaps/ketujitu-wb-20221022220755.pdf,http://web.archive.org/web/20221022220755id_/https://www.env.go.jp/nature/choju/effort/effort12/ketujitu.pdf,2022-09-07,"pdf CreationDate (header undated, marked 別添３)"
山口,Yamaguchi,ブナ,buna,2021,R3,fruiting,―,―,no_data,,,2022-09-07,2,,指標が未定のため,pdfplumber extract_tables,data-pipeline/raw/research/gaps/ketujitu-wb-20221022220755.pdf,http://web.archive.org/web/20221022220755id_/https://www.env.go.jp/nature/choju/effort/effort12/ketujitu.pdf,2022-09-07,"pdf CreationDate (header undated, marked 別添３)"
山口,Yamaguchi,ミズナラ,mizunara,2021,R3,fruiting,―,―,no_data,,,2022-09-07,2,,指標が未定のため,pdfplumber extract_tables,data-pipeline/raw/research/gaps/ketujitu-wb-20221022220755.pdf,http://web.archive.org/web/20221022220755id_/https://www.env.go.jp/nature/choju/effort/effort12/ketujitu.pdf,2022-09-07,"pdf CreationDate (header undated, marked 別添３)"
山口,Yamaguchi,コナラ,konara,2021,R3,fruiting,並作,並作,value,並作,exact; 並上/並下 are 並作 sub-grades,2022-09-07,2,2021-11-01=調査中,指標が未定のため,pdfplumber extract_tables,data-pipeline/raw/research/gaps/ketujitu-wb-20221022220755.pdf,http://web.archive.org/web/20221022220755id_/https://www.env.go.jp/nature/choju/effort/effort12/ketujitu.pdf,2022-09-07,"pdf CreationDate (header undated, marked 別添３)"
北海道,Hokkaido,ブナ,buna,2021,R3,flowering,－,－,no_data,,,2021-11-01,1,,ブナについては道南地域のみ分布,pdfplumber extract_tables,data-pipeline/raw/research/gaps/ketujitu-wb-20220630070835.pdf,http://web.archive.org/web/20220630070835id_/https://www.env.go.jp/nature/choju/effort/effort12/ketujitu.pdf,2021-11-01,header 令和３年11月１日時点
北海道,Hokkaido,ミズナラ,mizunara,2021,R3,flowering,－,－,no_data,,,2021-11-01,1,,ブナについては道南地域のみ分布,pdfplumber extract_tables,data-pipeline/raw/research/gaps/ketujitu-wb-20220630070835.pdf,http://web.archive.org/web/20220630070835id_/https://www.env.go.jp/nature/choju/effort/effort12/ketujitu.pdf,2021-11-01,header 令和３年11月１日時点
北海道,Hokkaido,コナラ,konara,2021,R3,flowering,－,－,no_data,,,2021-11-01,1,,ブナについては道南地域のみ分布,pdfplumber extract_tables,data-pipeline/raw/research/gaps/ketujitu-wb-20220630070835.pdf,http://web.archive.org/web/20220630070835id_/https://www.env.go.jp/nature/choju/effort/effort12/ketujitu.pdf,2021-11-01,header 令和３年11月１日時点
青森,Aomori,ブナ,buna,2021,R3,flowering,並作,並作,value,並作,exact; 並上/並下 are 並作 sub-grades,2021-11-01,1,,東北森林管理局実施,pdfplumber extract_tables,data-pipeline/raw/research/gaps/ketujitu-wb-20220630070835.pdf,http://web.archive.org/web/20220630070835id_/https://www.env.go.jp/nature/choju/effort/effort12/ketujitu.pdf,2021-11-01,header 令和３年11月１日時点
青森,Aomori,ミズナラ,mizunara,2021,R3,flowering,―,―,no_data,,,2021-11-01,1,,東北森林管理局実施,pdfplumber extract_tables,data-pipeline/raw/research/gaps/ketujitu-wb-20220630070835.pdf,http://web.archive.org/web/20220630070835id_/https://www.env.go.jp/nature/choju/effort/effort12/ketujitu.pdf,2021-11-01,header 令和３年11月１日時点
青森,Aomori,コナラ,konara,2021,R3,flowering,―,―,no_data,,,2021-11-01,1,,東北森林管理局実施,pdfplumber extract_tables,data-pipeline/raw/research/gaps/ketujitu-wb-20220630070835.pdf,http://web.archive.org/web/20220630070835id_/https://www.env.go.jp/nature/choju/effort/effort12/ketujitu.pdf,2021-11-01,header 令和３年11月１日時点
岩手,Iwate,ブナ,buna,2021,R3,flowering,－,－,no_data,,,2021-11-01,1,,,pdfplumber extract_tables,data-pipeline/raw/research/gaps/ketujitu-wb-20220630070835.pdf,http://web.archive.org/web/20220630070835id_/https://www.env.go.jp/nature/choju/effort/effort12/ketujitu.pdf,2021-11-01,header 令和３年11月１日時点
岩手,Iwate,ミズナラ,mizunara,2021,R3,flowering,－,－,no_data,,,2021-11-01,1,,,pdfplumber extract_tables,data-pipeline/raw/research/gaps/ketujitu-wb-20220630070835.pdf,http://web.archive.org/web/20220630070835id_/https://www.env.go.jp/nature/choju/effort/effort12/ketujitu.pdf,2021-11-01,header 令和３年11月１日時点
岩手,Iwate,コナラ,konara,2021,R3,flowering,－,－,no_data,,,2021-11-01,1,,,pdfplumber extract_tables,data-pipeline/raw/research/gaps/ketujitu-wb-20220630070835.pdf,http://web.archive.org/web/20220630070835id_/https://www.env.go.jp/nature/choju/effort/effort12/ketujitu.pdf,2021-11-01,header 令和３年11月１日時点
宮城,Miyagi,ブナ,buna,2021,R3,flowering,－,－,no_data,,,2021-11-01,1,,,pdfplumber extract_tables,data-pipeline/raw/research/gaps/ketujitu-wb-20220630070835.pdf,http://web.archive.org/web/20220630070835id_/https://www.env.go.jp/nature/choju/effort/effort12/ketujitu.pdf,2021-11-01,header 令和３年11月１日時点
宮城,Miyagi,ミズナラ,mizunara,2021,R3,flowering,－,－,no_data,,,2021-11-01,1,,,pdfplumber extract_tables,data-pipeline/raw/research/gaps/ketujitu-wb-20220630070835.pdf,http://web.archive.org/web/20220630070835id_/https://www.env.go.jp/nature/choju/effort/effort12/ketujitu.pdf,2021-11-01,header 令和３年11月１日時点
宮城,Miyagi,コナラ,konara,2021,R3,flowering,－,－,no_data,,,2021-11-01,1,,,pdfplumber extract_tables,data-pipeline/raw/research/gaps/ketujitu-wb-20220630070835.pdf,http://web.archive.org/web/20220630070835id_/https://www.env.go.jp/nature/choju/effort/effort12/ketujitu.pdf,2021-11-01,header 令和３年11月１日時点
秋田,Akita,ブナ,buna,2021,R3,flowering,凶作,凶作,value,凶作,exact; 不作/やや凶作 counted as 凶作 (MoE rule),2021-11-01,1,,東北森林管理署による調査,pdfplumber extract_tables,data-pipeline/raw/research/gaps/ketujitu-wb-20220630070835.pdf,http://web.archive.org/web/20220630070835id_/https://www.env.go.jp/nature/choju/effort/effort12/ketujitu.pdf,2021-11-01,header 令和３年11月１日時点
秋田,Akita,ミズナラ,mizunara,2021,R3,flowering,-,-,no_data,,,2021-11-01,1,,東北森林管理署による調査,pdfplumber extract_tables,data-pipeline/raw/research/gaps/ketujitu-wb-20220630070835.pdf,http://web.archive.org/web/20220630070835id_/https://www.env.go.jp/nature/choju/effort/effort12/ketujitu.pdf,2021-11-01,header 令和３年11月１日時点
秋田,Akita,コナラ,konara,2021,R3,flowering,-,-,no_data,,,2021-11-01,1,,東北森林管理署による調査,pdfplumber extract_tables,data-pipeline/raw/research/gaps/ketujitu-wb-20220630070835.pdf,http://web.archive.org/web/20220630070835id_/https://www.env.go.jp/nature/choju/effort/effort12/ketujitu.pdf,2021-11-01,header 令和３年11月１日時点
山形,Yamagata,ブナ,buna,2021,R3,flowering,凶作～並作,凶作～並作,value,並作,MoE rule 凶作～並作/凶作～豊作/不作～並作→並作,2021-11-01,1,,ブナについては予測は凶作,pdfplumber extract_tables,data-pipeline/raw/research/gaps/ketujitu-wb-20220630070835.pdf,http://web.archive.org/web/20220630070835id_/https://www.env.go.jp/nature/choju/effort/effort12/ketujitu.pdf,2021-11-01,header 令和３年11月１日時点
山形,Yamagata,ミズナラ,mizunara,2021,R3,flowering,－,－,no_data,,,2021-11-01,1,,ブナについては予測は凶作,pdfplumber extract_tables,data-pipeline/raw/research/gaps/ketujitu-wb-20220630070835.pdf,http://web.archive.org/web/20220630070835id_/https://www.env.go.jp/nature/choju/effort/effort12/ketujitu.pdf,2021-11-01,header 令和３年11月１日時点
山形,Yamagata,コナラ,konara,2021,R3,flowering,－,－,no_data,,,2021-11-01,1,,ブナについては予測は凶作,pdfplumber extract_tables,data-pipeline/raw/research/gaps/ketujitu-wb-20220630070835.pdf,http://web.archive.org/web/20220630070835id_/https://www.env.go.jp/nature/choju/effort/effort12/ketujitu.pdf,2021-11-01,header 令和３年11月１日時点
福島,Fukushima,ブナ,buna,2021,R3,flowering,－,－,no_data,,,2021-11-01,1,,,pdfplumber extract_tables,data-pipeline/raw/research/gaps/ketujitu-wb-20220630070835.pdf,http://web.archive.org/web/20220630070835id_/https://www.env.go.jp/nature/choju/effort/effort12/ketujitu.pdf,2021-11-01,header 令和３年11月１日時点
福島,Fukushima,ミズナラ,mizunara,2021,R3,flowering,－,－,no_data,,,2021-11-01,1,,,pdfplumber extract_tables,data-pipeline/raw/research/gaps/ketujitu-wb-20220630070835.pdf,http://web.archive.org/web/20220630070835id_/https://www.env.go.jp/nature/choju/effort/effort12/ketujitu.pdf,2021-11-01,header 令和３年11月１日時点
福島,Fukushima,コナラ,konara,2021,R3,flowering,－,－,no_data,,,2021-11-01,1,,,pdfplumber extract_tables,data-pipeline/raw/research/gaps/ketujitu-wb-20220630070835.pdf,http://web.archive.org/web/20220630070835id_/https://www.env.go.jp/nature/choju/effort/effort12/ketujitu.pdf,2021-11-01,header 令和３年11月１日時点
栃木,Tochigi,ブナ,buna,2021,R3,flowering,凶作～並作,凶作～並作,value,並作,MoE rule 凶作～並作/凶作～豊作/不作～並作→並作,2021-11-01,1,,ブナ：開花状況調査に基づく予測値,pdfplumber extract_tables,data-pipeline/raw/research/gaps/ketujitu-wb-20220630070835.pdf,http://web.archive.org/web/20220630070835id_/https://www.env.go.jp/nature/choju/effort/effort12/ketujitu.pdf,2021-11-01,header 令和３年11月１日時点
栃木,Tochigi,ミズナラ,mizunara,2021,R3,flowering,－,－,no_data,,,2021-11-01,1,,ブナ：開花状況調査に基づく予測値,pdfplumber extract_tables,data-pipeline/raw/research/gaps/ketujitu-wb-20220630070835.pdf,http://web.archive.org/web/20220630070835id_/https://www.env.go.jp/nature/choju/effort/effort12/ketujitu.pdf,2021-11-01,header 令和３年11月１日時点
栃木,Tochigi,コナラ,konara,2021,R3,flowering,－,－,no_data,,,2021-11-01,1,,ブナ：開花状況調査に基づく予測値,pdfplumber extract_tables,data-pipeline/raw/research/gaps/ketujitu-wb-20220630070835.pdf,http://web.archive.org/web/20220630070835id_/https://www.env.go.jp/nature/choju/effort/effort12/ketujitu.pdf,2021-11-01,header 令和３年11月１日時点
群馬,Gunma,ブナ,buna,2021,R3,flowering,－,－,no_data,,,2021-11-01,1,,,pdfplumber extract_tables,data-pipeline/raw/research/gaps/ketujitu-wb-20220630070835.pdf,http://web.archive.org/web/20220630070835id_/https://www.env.go.jp/nature/choju/effort/effort12/ketujitu.pdf,2021-11-01,header 令和３年11月１日時点
群馬,Gunma,ミズナラ,mizunara,2021,R3,flowering,－,－,no_data,,,2021-11-01,1,,,pdfplumber extract_tables,data-pipeline/raw/research/gaps/ketujitu-wb-20220630070835.pdf,http://web.archive.org/web/20220630070835id_/https://www.env.go.jp/nature/choju/effort/effort12/ketujitu.pdf,2021-11-01,header 令和３年11月１日時点
群馬,Gunma,コナラ,konara,2021,R3,flowering,－,－,no_data,,,2021-11-01,1,,,pdfplumber extract_tables,data-pipeline/raw/research/gaps/ketujitu-wb-20220630070835.pdf,http://web.archive.org/web/20220630070835id_/https://www.env.go.jp/nature/choju/effort/effort12/ketujitu.pdf,2021-11-01,header 令和３年11月１日時点
埼玉,Saitama,ブナ,buna,2021,R3,flowering,－,－,no_data,,,2021-11-01,1,,,pdfplumber extract_tables,data-pipeline/raw/research/gaps/ketujitu-wb-20220630070835.pdf,http://web.archive.org/web/20220630070835id_/https://www.env.go.jp/nature/choju/effort/effort12/ketujitu.pdf,2021-11-01,header 令和３年11月１日時点
埼玉,Saitama,ミズナラ,mizunara,2021,R3,flowering,－,－,no_data,,,2021-11-01,1,,,pdfplumber extract_tables,data-pipeline/raw/research/gaps/ketujitu-wb-20220630070835.pdf,http://web.archive.org/web/20220630070835id_/https://www.env.go.jp/nature/choju/effort/effort12/ketujitu.pdf,2021-11-01,header 令和３年11月１日時点
埼玉,Saitama,コナラ,konara,2021,R3,flowering,－,－,no_data,,,2021-11-01,1,,,pdfplumber extract_tables,data-pipeline/raw/research/gaps/ketujitu-wb-20220630070835.pdf,http://web.archive.org/web/20220630070835id_/https://www.env.go.jp/nature/choju/effort/effort12/ketujitu.pdf,2021-11-01,header 令和３年11月１日時点
東京,Tokyo,ブナ,buna,2021,R3,flowering,凶作～豊作,凶作～豊作,value,並作,MoE rule 凶作～並作/凶作～豊作/不作～並作→並作,2021-11-01,1,,,pdfplumber extract_tables,data-pipeline/raw/research/gaps/ketujitu-wb-20220630070835.pdf,http://web.archive.org/web/20220630070835id_/https://www.env.go.jp/nature/choju/effort/effort12/ketujitu.pdf,2021-11-01,header 令和３年11月１日時点
東京,Tokyo,ミズナラ,mizunara,2021,R3,flowering,凶作～豊作,凶作～豊作,value,並作,MoE rule 凶作～並作/凶作～豊作/不作～並作→並作,2021-11-01,1,,,pdfplumber extract_tables,data-pipeline/raw/research/gaps/ketujitu-wb-20220630070835.pdf,http://web.archive.org/web/20220630070835id_/https://www.env.go.jp/nature/choju/effort/effort12/ketujitu.pdf,2021-11-01,header 令和３年11月１日時点
東京,Tokyo,コナラ,konara,2021,R3,flowering,不作～豊作,不作～豊作,value,並作,range spanning buckets→並作 (by analogy with MoE rule),2021-11-01,1,,,pdfplumber extract_tables,data-pipeline/raw/research/gaps/ketujitu-wb-20220630070835.pdf,http://web.archive.org/web/20220630070835id_/https://www.env.go.jp/nature/choju/effort/effort12/ketujitu.pdf,2021-11-01,header 令和３年11月１日時点
神奈川,Kanagawa,ブナ,buna,2021,R3,flowering,凶作,凶作,value,凶作,exact; 不作/やや凶作 counted as 凶作 (MoE rule),2021-11-01,1,,,pdfplumber extract_tables,data-pipeline/raw/research/gaps/ketujitu-wb-20220630070835.pdf,http://web.archive.org/web/20220630070835id_/https://www.env.go.jp/nature/choju/effort/effort12/ketujitu.pdf,2021-11-01,header 令和３年11月１日時点
神奈川,Kanagawa,ミズナラ,mizunara,2021,R3,flowering,凶作,凶作,value,凶作,exact; 不作/やや凶作 counted as 凶作 (MoE rule),2021-11-01,1,,,pdfplumber extract_tables,data-pipeline/raw/research/gaps/ketujitu-wb-20220630070835.pdf,http://web.archive.org/web/20220630070835id_/https://www.env.go.jp/nature/choju/effort/effort12/ketujitu.pdf,2021-11-01,header 令和３年11月１日時点
神奈川,Kanagawa,コナラ,konara,2021,R3,flowering,並作,並作,value,並作,exact; 並上/並下 are 並作 sub-grades,2021-11-01,1,,,pdfplumber extract_tables,data-pipeline/raw/research/gaps/ketujitu-wb-20220630070835.pdf,http://web.archive.org/web/20220630070835id_/https://www.env.go.jp/nature/choju/effort/effort12/ketujitu.pdf,2021-11-01,header 令和３年11月１日時点
新潟,Niigata,ブナ,buna,2021,R3,flowering,－,－,no_data,,,2021-11-01,1,,,pdfplumber extract_tables,data-pipeline/raw/research/gaps/ketujitu-wb-20220630070835.pdf,http://web.archive.org/web/20220630070835id_/https://www.env.go.jp/nature/choju/effort/effort12/ketujitu.pdf,2021-11-01,header 令和３年11月１日時点
新潟,Niigata,ミズナラ,mizunara,2021,R3,flowering,－,－,no_data,,,2021-11-01,1,,,pdfplumber extract_tables,data-pipeline/raw/research/gaps/ketujitu-wb-20220630070835.pdf,http://web.archive.org/web/20220630070835id_/https://www.env.go.jp/nature/choju/effort/effort12/ketujitu.pdf,2021-11-01,header 令和３年11月１日時点
新潟,Niigata,コナラ,konara,2021,R3,flowering,－,－,no_data,,,2021-11-01,1,,,pdfplumber extract_tables,data-pipeline/raw/research/gaps/ketujitu-wb-20220630070835.pdf,http://web.archive.org/web/20220630070835id_/https://www.env.go.jp/nature/choju/effort/effort12/ketujitu.pdf,2021-11-01,header 令和３年11月１日時点
富山,Toyama,ブナ,buna,2021,R3,flowering,並作,並作,value,並作,exact; 並上/並下 are 並作 sub-grades,2021-11-01,1,,,pdfplumber extract_tables,data-pipeline/raw/research/gaps/ketujitu-wb-20220630070835.pdf,http://web.archive.org/web/20220630070835id_/https://www.env.go.jp/nature/choju/effort/effort12/ketujitu.pdf,2021-11-01,header 令和３年11月１日時点
富山,Toyama,ミズナラ,mizunara,2021,R3,flowering,－,－,no_data,,,2021-11-01,1,,,pdfplumber extract_tables,data-pipeline/raw/research/gaps/ketujitu-wb-20220630070835.pdf,http://web.archive.org/web/20220630070835id_/https://www.env.go.jp/nature/choju/effort/effort12/ketujitu.pdf,2021-11-01,header 令和３年11月１日時点
富山,Toyama,コナラ,konara,2021,R3,flowering,－,－,no_data,,,2021-11-01,1,,,pdfplumber extract_tables,data-pipeline/raw/research/gaps/ketujitu-wb-20220630070835.pdf,http://web.archive.org/web/20220630070835id_/https://www.env.go.jp/nature/choju/effort/effort12/ketujitu.pdf,2021-11-01,header 令和３年11月１日時点
石川,Ishikawa,ブナ,buna,2021,R3,flowering,並作,並作,value,並作,exact; 並上/並下 are 並作 sub-grades,2021-11-01,1,,その他、5～6月に落花状況の調査も実施,pdfplumber extract_tables,data-pipeline/raw/research/gaps/ketujitu-wb-20220630070835.pdf,http://web.archive.org/web/20220630070835id_/https://www.env.go.jp/nature/choju/effort/effort12/ketujitu.pdf,2021-11-01,header 令和３年11月１日時点
石川,Ishikawa,ミズナラ,mizunara,2021,R3,flowering,豊作,豊作,value,豊作,exact; 大豊作 counted as 豊作,2021-11-01,1,,その他、5～6月に落花状況の調査も実施,pdfplumber extract_tables,data-pipeline/raw/research/gaps/ketujitu-wb-20220630070835.pdf,http://web.archive.org/web/20220630070835id_/https://www.env.go.jp/nature/choju/effort/effort12/ketujitu.pdf,2021-11-01,header 令和３年11月１日時点
石川,Ishikawa,コナラ,konara,2021,R3,flowering,並作,並作,value,並作,exact; 並上/並下 are 並作 sub-grades,2021-11-01,1,,その他、5～6月に落花状況の調査も実施,pdfplumber extract_tables,data-pipeline/raw/research/gaps/ketujitu-wb-20220630070835.pdf,http://web.archive.org/web/20220630070835id_/https://www.env.go.jp/nature/choju/effort/effort12/ketujitu.pdf,2021-11-01,header 令和３年11月１日時点
福井,Fukui,ブナ,buna,2021,R3,flowering,－,－,no_data,,,2021-11-01,1,,※福井県では結実状況を豊作・並作・不作・凶作の４段階で評価。評価基準は提供資料１ （４）調査方法のとおり。,pdfplumber extract_tables,data-pipeline/raw/research/gaps/ketujitu-wb-20220630070835.pdf,http://web.archive.org/web/20220630070835id_/https://www.env.go.jp/nature/choju/effort/effort12/ketujitu.pdf,2021-11-01,header 令和３年11月１日時点
福井,Fukui,ミズナラ,mizunara,2021,R3,flowering,－,－,no_data,,,2021-11-01,1,,※福井県では結実状況を豊作・並作・不作・凶作の４段階で評価。評価基準は提供資料１ （４）調査方法のとおり。,pdfplumber extract_tables,data-pipeline/raw/research/gaps/ketujitu-wb-20220630070835.pdf,http://web.archive.org/web/20220630070835id_/https://www.env.go.jp/nature/choju/effort/effort12/ketujitu.pdf,2021-11-01,header 令和３年11月１日時点
福井,Fukui,コナラ,konara,2021,R3,flowering,－,－,no_data,,,2021-11-01,1,,※福井県では結実状況を豊作・並作・不作・凶作の４段階で評価。評価基準は提供資料１ （４）調査方法のとおり。,pdfplumber extract_tables,data-pipeline/raw/research/gaps/ketujitu-wb-20220630070835.pdf,http://web.archive.org/web/20220630070835id_/https://www.env.go.jp/nature/choju/effort/effort12/ketujitu.pdf,2021-11-01,header 令和３年11月１日時点
山梨,Yamanashi,ブナ,buna,2021,R3,flowering,凶作\n（山梨市・鳴沢\n村）,凶作 （山梨市・鳴沢村）,value,凶作,exact; 不作/やや凶作 counted as 凶作 (MoE rule),2021-11-01,1,,,pdfplumber extract_tables,data-pipeline/raw/research/gaps/ketujitu-wb-20220630070835.pdf,http://web.archive.org/web/20220630070835id_/https://www.env.go.jp/nature/choju/effort/effort12/ketujitu.pdf,2021-11-01,header 令和３年11月１日時点
山梨,Yamanashi,ミズナラ,mizunara,2021,R3,flowering,凶作～並作\n（山梨市、北杜\n市）,凶作～並作 （山梨市、北杜市）,value,並作,MoE rule 凶作～並作/凶作～豊作/不作～並作→並作,2021-11-01,1,,,pdfplumber extract_tables,data-pipeline/raw/research/gaps/ketujitu-wb-20220630070835.pdf,http://web.archive.org/web/20220630070835id_/https://www.env.go.jp/nature/choju/effort/effort12/ketujitu.pdf,2021-11-01,header 令和３年11月１日時点
山梨,Yamanashi,コナラ,konara,2021,R3,flowering,並作\n（山梨市、北杜\n市）,並作 （山梨市、北杜市）,value,並作,exact; 並上/並下 are 並作 sub-grades,2021-11-01,1,,,pdfplumber extract_tables,data-pipeline/raw/research/gaps/ketujitu-wb-20220630070835.pdf,http://web.archive.org/web/20220630070835id_/https://www.env.go.jp/nature/choju/effort/effort12/ketujitu.pdf,2021-11-01,header 令和３年11月１日時点
長野,Nagano,ブナ,buna,2021,R3,flowering,－,－,no_data,,,2021-11-01,1,,,pdfplumber extract_tables,data-pipeline/raw/research/gaps/ketujitu-wb-20220630070835.pdf,http://web.archive.org/web/20220630070835id_/https://www.env.go.jp/nature/choju/effort/effort12/ketujitu.pdf,2021-11-01,header 令和３年11月１日時点
長野,Nagano,ミズナラ,mizunara,2021,R3,flowering,－,－,no_data,,,2021-11-01,1,,,pdfplumber extract_tables,data-pipeline/raw/research/gaps/ketujitu-wb-20220630070835.pdf,http://web.archive.org/web/20220630070835id_/https://www.env.go.jp/nature/choju/effort/effort12/ketujitu.pdf,2021-11-01,header 令和３年11月１日時点
長野,Nagano,コナラ,konara,2021,R3,flowering,－,－,no_data,,,2021-11-01,1,,,pdfplumber extract_tables,data-pipeline/raw/research/gaps/ketujitu-wb-20220630070835.pdf,http://web.archive.org/web/20220630070835id_/https://www.env.go.jp/nature/choju/effort/effort12/ketujitu.pdf,2021-11-01,header 令和３年11月１日時点
岐阜,Gifu,ブナ,buna,2021,R3,flowering,－,－,no_data,,,2021-11-01,1,,,pdfplumber extract_tables,data-pipeline/raw/research/gaps/ketujitu-wb-20220630070835.pdf,http://web.archive.org/web/20220630070835id_/https://www.env.go.jp/nature/choju/effort/effort12/ketujitu.pdf,2021-11-01,header 令和３年11月１日時点
岐阜,Gifu,ミズナラ,mizunara,2021,R3,flowering,－,－,no_data,,,2021-11-01,1,,,pdfplumber extract_tables,data-pipeline/raw/research/gaps/ketujitu-wb-20220630070835.pdf,http://web.archive.org/web/20220630070835id_/https://www.env.go.jp/nature/choju/effort/effort12/ketujitu.pdf,2021-11-01,header 令和３年11月１日時点
岐阜,Gifu,コナラ,konara,2021,R3,flowering,－,－,no_data,,,2021-11-01,1,,,pdfplumber extract_tables,data-pipeline/raw/research/gaps/ketujitu-wb-20220630070835.pdf,http://web.archive.org/web/20220630070835id_/https://www.env.go.jp/nature/choju/effort/effort12/ketujitu.pdf,2021-11-01,header 令和３年11月１日時点
静岡,Shizuoka,ブナ,buna,2021,R3,flowering,－,－,no_data,,,2021-11-01,1,,,pdfplumber extract_tables,data-pipeline/raw/research/gaps/ketujitu-wb-20220630070835.pdf,http://web.archive.org/web/20220630070835id_/https://www.env.go.jp/nature/choju/effort/effort12/ketujitu.pdf,2021-11-01,header 令和３年11月１日時点
静岡,Shizuoka,ミズナラ,mizunara,2021,R3,flowering,－,－,no_data,,,2021-11-01,1,,,pdfplumber extract_tables,data-pipeline/raw/research/gaps/ketujitu-wb-20220630070835.pdf,http://web.archive.org/web/20220630070835id_/https://www.env.go.jp/nature/choju/effort/effort12/ketujitu.pdf,2021-11-01,header 令和３年11月１日時点
静岡,Shizuoka,コナラ,konara,2021,R3,flowering,－,－,no_data,,,2021-11-01,1,,,pdfplumber extract_tables,data-pipeline/raw/research/gaps/ketujitu-wb-20220630070835.pdf,http://web.archive.org/web/20220630070835id_/https://www.env.go.jp/nature/choju/effort/effort12/ketujitu.pdf,2021-11-01,header 令和３年11月１日時点
愛知,Aichi,ブナ,buna,2021,R3,flowering,－,－,no_data,,,2021-11-01,1,,,pdfplumber extract_tables,data-pipeline/raw/research/gaps/ketujitu-wb-20220630070835.pdf,http://web.archive.org/web/20220630070835id_/https://www.env.go.jp/nature/choju/effort/effort12/ketujitu.pdf,2021-11-01,header 令和３年11月１日時点
愛知,Aichi,ミズナラ,mizunara,2021,R3,flowering,－,－,no_data,,,2021-11-01,1,,,pdfplumber extract_tables,data-pipeline/raw/research/gaps/ketujitu-wb-20220630070835.pdf,http://web.archive.org/web/20220630070835id_/https://www.env.go.jp/nature/choju/effort/effort12/ketujitu.pdf,2021-11-01,header 令和３年11月１日時点
愛知,Aichi,コナラ,konara,2021,R3,flowering,－,－,no_data,,,2021-11-01,1,,,pdfplumber extract_tables,data-pipeline/raw/research/gaps/ketujitu-wb-20220630070835.pdf,http://web.archive.org/web/20220630070835id_/https://www.env.go.jp/nature/choju/effort/effort12/ketujitu.pdf,2021-11-01,header 令和３年11月１日時点
三重,Mie,ブナ,buna,2021,R3,flowering,－,－,no_data,,,2021-11-01,1,,,pdfplumber extract_tables,data-pipeline/raw/research/gaps/ketujitu-wb-20220630070835.pdf,http://web.archive.org/web/20220630070835id_/https://www.env.go.jp/nature/choju/effort/effort12/ketujitu.pdf,2021-11-01,header 令和３年11月１日時点
三重,Mie,ミズナラ,mizunara,2021,R3,flowering,－,－,no_data,,,2021-11-01,1,,,pdfplumber extract_tables,data-pipeline/raw/research/gaps/ketujitu-wb-20220630070835.pdf,http://web.archive.org/web/20220630070835id_/https://www.env.go.jp/nature/choju/effort/effort12/ketujitu.pdf,2021-11-01,header 令和３年11月１日時点
三重,Mie,コナラ,konara,2021,R3,flowering,－,－,no_data,,,2021-11-01,1,,,pdfplumber extract_tables,data-pipeline/raw/research/gaps/ketujitu-wb-20220630070835.pdf,http://web.archive.org/web/20220630070835id_/https://www.env.go.jp/nature/choju/effort/effort12/ketujitu.pdf,2021-11-01,header 令和３年11月１日時点
滋賀,Shiga,ブナ,buna,2021,R3,flowering,－,－,no_data,,,2021-11-01,1,,,pdfplumber extract_tables,data-pipeline/raw/research/gaps/ketujitu-wb-20220630070835.pdf,http://web.archive.org/web/20220630070835id_/https://www.env.go.jp/nature/choju/effort/effort12/ketujitu.pdf,2021-11-01,header 令和３年11月１日時点
滋賀,Shiga,ミズナラ,mizunara,2021,R3,flowering,－,－,no_data,,,2021-11-01,1,,,pdfplumber extract_tables,data-pipeline/raw/research/gaps/ketujitu-wb-20220630070835.pdf,http://web.archive.org/web/20220630070835id_/https://www.env.go.jp/nature/choju/effort/effort12/ketujitu.pdf,2021-11-01,header 令和３年11月１日時点
滋賀,Shiga,コナラ,konara,2021,R3,flowering,－,－,no_data,,,2021-11-01,1,,,pdfplumber extract_tables,data-pipeline/raw/research/gaps/ketujitu-wb-20220630070835.pdf,http://web.archive.org/web/20220630070835id_/https://www.env.go.jp/nature/choju/effort/effort12/ketujitu.pdf,2021-11-01,header 令和３年11月１日時点
京都,Kyoto,ブナ,buna,2021,R3,flowering,－,－,no_data,,,2021-11-01,1,,,pdfplumber extract_tables,data-pipeline/raw/research/gaps/ketujitu-wb-20220630070835.pdf,http://web.archive.org/web/20220630070835id_/https://www.env.go.jp/nature/choju/effort/effort12/ketujitu.pdf,2021-11-01,header 令和３年11月１日時点
京都,Kyoto,ミズナラ,mizunara,2021,R3,flowering,－,－,no_data,,,2021-11-01,1,,,pdfplumber extract_tables,data-pipeline/raw/research/gaps/ketujitu-wb-20220630070835.pdf,http://web.archive.org/web/20220630070835id_/https://www.env.go.jp/nature/choju/effort/effort12/ketujitu.pdf,2021-11-01,header 令和３年11月１日時点
京都,Kyoto,コナラ,konara,2021,R3,flowering,－,－,no_data,,,2021-11-01,1,,,pdfplumber extract_tables,data-pipeline/raw/research/gaps/ketujitu-wb-20220630070835.pdf,http://web.archive.org/web/20220630070835id_/https://www.env.go.jp/nature/choju/effort/effort12/ketujitu.pdf,2021-11-01,header 令和３年11月１日時点
大阪,Osaka,ブナ,buna,2021,R3,flowering,－,－,no_data,,,2021-11-01,1,,,pdfplumber extract_tables,data-pipeline/raw/research/gaps/ketujitu-wb-20220630070835.pdf,http://web.archive.org/web/20220630070835id_/https://www.env.go.jp/nature/choju/effort/effort12/ketujitu.pdf,2021-11-01,header 令和３年11月１日時点
大阪,Osaka,ミズナラ,mizunara,2021,R3,flowering,－,－,no_data,,,2021-11-01,1,,,pdfplumber extract_tables,data-pipeline/raw/research/gaps/ketujitu-wb-20220630070835.pdf,http://web.archive.org/web/20220630070835id_/https://www.env.go.jp/nature/choju/effort/effort12/ketujitu.pdf,2021-11-01,header 令和３年11月１日時点
大阪,Osaka,コナラ,konara,2021,R3,flowering,－,－,no_data,,,2021-11-01,1,,,pdfplumber extract_tables,data-pipeline/raw/research/gaps/ketujitu-wb-20220630070835.pdf,http://web.archive.org/web/20220630070835id_/https://www.env.go.jp/nature/choju/effort/effort12/ketujitu.pdf,2021-11-01,header 令和３年11月１日時点
兵庫,Hyogo,ブナ,buna,2021,R3,flowering,並作～豊作,並作～豊作,value,豊作,MoE rule 並作～豊作→豊作,2021-11-01,1,,,pdfplumber extract_tables,data-pipeline/raw/research/gaps/ketujitu-wb-20220630070835.pdf,http://web.archive.org/web/20220630070835id_/https://www.env.go.jp/nature/choju/effort/effort12/ketujitu.pdf,2021-11-01,header 令和３年11月１日時点
兵庫,Hyogo,ミズナラ,mizunara,2021,R3,flowering,並作,並作,value,並作,exact; 並上/並下 are 並作 sub-grades,2021-11-01,1,,,pdfplumber extract_tables,data-pipeline/raw/research/gaps/ketujitu-wb-20220630070835.pdf,http://web.archive.org/web/20220630070835id_/https://www.env.go.jp/nature/choju/effort/effort12/ketujitu.pdf,2021-11-01,header 令和３年11月１日時点
兵庫,Hyogo,コナラ,konara,2021,R3,flowering,並作,並作,value,並作,exact; 並上/並下 are 並作 sub-grades,2021-11-01,1,,,pdfplumber extract_tables,data-pipeline/raw/research/gaps/ketujitu-wb-20220630070835.pdf,http://web.archive.org/web/20220630070835id_/https://www.env.go.jp/nature/choju/effort/effort12/ketujitu.pdf,2021-11-01,header 令和３年11月１日時点
奈良,Nara,ブナ,buna,2021,R3,flowering,－,－,no_data,,,2021-11-01,1,,,pdfplumber extract_tables,data-pipeline/raw/research/gaps/ketujitu-wb-20220630070835.pdf,http://web.archive.org/web/20220630070835id_/https://www.env.go.jp/nature/choju/effort/effort12/ketujitu.pdf,2021-11-01,header 令和３年11月１日時点
奈良,Nara,ミズナラ,mizunara,2021,R3,flowering,－,－,no_data,,,2021-11-01,1,,,pdfplumber extract_tables,data-pipeline/raw/research/gaps/ketujitu-wb-20220630070835.pdf,http://web.archive.org/web/20220630070835id_/https://www.env.go.jp/nature/choju/effort/effort12/ketujitu.pdf,2021-11-01,header 令和３年11月１日時点
奈良,Nara,コナラ,konara,2021,R3,flowering,－,－,no_data,,,2021-11-01,1,,,pdfplumber extract_tables,data-pipeline/raw/research/gaps/ketujitu-wb-20220630070835.pdf,http://web.archive.org/web/20220630070835id_/https://www.env.go.jp/nature/choju/effort/effort12/ketujitu.pdf,2021-11-01,header 令和３年11月１日時点
和歌山,Wakayama,ブナ,buna,2021,R3,flowering,－,－,no_data,,,2021-11-01,1,,,pdfplumber extract_tables,data-pipeline/raw/research/gaps/ketujitu-wb-20220630070835.pdf,http://web.archive.org/web/20220630070835id_/https://www.env.go.jp/nature/choju/effort/effort12/ketujitu.pdf,2021-11-01,header 令和３年11月１日時点
和歌山,Wakayama,ミズナラ,mizunara,2021,R3,flowering,－,－,no_data,,,2021-11-01,1,,,pdfplumber extract_tables,data-pipeline/raw/research/gaps/ketujitu-wb-20220630070835.pdf,http://web.archive.org/web/20220630070835id_/https://www.env.go.jp/nature/choju/effort/effort12/ketujitu.pdf,2021-11-01,header 令和３年11月１日時点
和歌山,Wakayama,コナラ,konara,2021,R3,flowering,－,－,no_data,,,2021-11-01,1,,,pdfplumber extract_tables,data-pipeline/raw/research/gaps/ketujitu-wb-20220630070835.pdf,http://web.archive.org/web/20220630070835id_/https://www.env.go.jp/nature/choju/effort/effort12/ketujitu.pdf,2021-11-01,header 令和３年11月１日時点
鳥取,Tottori,ブナ,buna,2021,R3,flowering,－,－,no_data,,,2021-11-01,1,,"９月13日時点; 2021-11-01 edition: the 鳥取 row's 開花期 survey-period cell reads ①豊作②並作下③並作上 (probably the R3 flowering result entered in the wrong column); the R3開花状況 cells themselves are －. Recorded as printed, not moved.",pdfplumber extract_tables,data-pipeline/raw/research/gaps/ketujitu-wb-20220630070835.pdf,http://web.archive.org/web/20220630070835id_/https://www.env.go.jp/nature/choju/effort/effort12/ketujitu.pdf,2021-11-01,header 令和３年11月１日時点
鳥取,Tottori,ミズナラ,mizunara,2021,R3,flowering,－,－,no_data,,,2021-11-01,1,,"９月13日時点; 2021-11-01 edition: the 鳥取 row's 開花期 survey-period cell reads ①豊作②並作下③並作上 (probably the R3 flowering result entered in the wrong column); the R3開花状況 cells themselves are －. Recorded as printed, not moved.",pdfplumber extract_tables,data-pipeline/raw/research/gaps/ketujitu-wb-20220630070835.pdf,http://web.archive.org/web/20220630070835id_/https://www.env.go.jp/nature/choju/effort/effort12/ketujitu.pdf,2021-11-01,header 令和３年11月１日時点
鳥取,Tottori,コナラ,konara,2021,R3,flowering,－,－,no_data,,,2021-11-01,1,,"９月13日時点; 2021-11-01 edition: the 鳥取 row's 開花期 survey-period cell reads ①豊作②並作下③並作上 (probably the R3 flowering result entered in the wrong column); the R3開花状況 cells themselves are －. Recorded as printed, not moved.",pdfplumber extract_tables,data-pipeline/raw/research/gaps/ketujitu-wb-20220630070835.pdf,http://web.archive.org/web/20220630070835id_/https://www.env.go.jp/nature/choju/effort/effort12/ketujitu.pdf,2021-11-01,header 令和３年11月１日時点
島根,Shimane,ブナ,buna,2021,R3,flowering,－,－,no_data,,,2021-11-01,1,,,pdfplumber extract_tables,data-pipeline/raw/research/gaps/ketujitu-wb-20220630070835.pdf,http://web.archive.org/web/20220630070835id_/https://www.env.go.jp/nature/choju/effort/effort12/ketujitu.pdf,2021-11-01,header 令和３年11月１日時点
島根,Shimane,ミズナラ,mizunara,2021,R3,flowering,－,－,no_data,,,2021-11-01,1,,,pdfplumber extract_tables,data-pipeline/raw/research/gaps/ketujitu-wb-20220630070835.pdf,http://web.archive.org/web/20220630070835id_/https://www.env.go.jp/nature/choju/effort/effort12/ketujitu.pdf,2021-11-01,header 令和３年11月１日時点
島根,Shimane,コナラ,konara,2021,R3,flowering,－,－,no_data,,,2021-11-01,1,,,pdfplumber extract_tables,data-pipeline/raw/research/gaps/ketujitu-wb-20220630070835.pdf,http://web.archive.org/web/20220630070835id_/https://www.env.go.jp/nature/choju/effort/effort12/ketujitu.pdf,2021-11-01,header 令和３年11月１日時点
岡山,Okayama,ブナ,buna,2021,R3,flowering,－,－,no_data,,,2021-11-01,1,,９月30日に公表予定,pdfplumber extract_tables,data-pipeline/raw/research/gaps/ketujitu-wb-20220630070835.pdf,http://web.archive.org/web/20220630070835id_/https://www.env.go.jp/nature/choju/effort/effort12/ketujitu.pdf,2021-11-01,header 令和３年11月１日時点
岡山,Okayama,ミズナラ,mizunara,2021,R3,flowering,－,－,no_data,,,2021-11-01,1,,９月30日に公表予定,pdfplumber extract_tables,data-pipeline/raw/research/gaps/ketujitu-wb-20220630070835.pdf,http://web.archive.org/web/20220630070835id_/https://www.env.go.jp/nature/choju/effort/effort12/ketujitu.pdf,2021-11-01,header 令和３年11月１日時点
岡山,Okayama,コナラ,konara,2021,R3,flowering,－,－,no_data,,,2021-11-01,1,,９月30日に公表予定,pdfplumber extract_tables,data-pipeline/raw/research/gaps/ketujitu-wb-20220630070835.pdf,http://web.archive.org/web/20220630070835id_/https://www.env.go.jp/nature/choju/effort/effort12/ketujitu.pdf,2021-11-01,header 令和３年11月１日時点
広島,Hiroshima,ブナ,buna,2021,R3,flowering,－,－,no_data,,,2021-11-01,1,,,pdfplumber extract_tables,data-pipeline/raw/research/gaps/ketujitu-wb-20220630070835.pdf,http://web.archive.org/web/20220630070835id_/https://www.env.go.jp/nature/choju/effort/effort12/ketujitu.pdf,2021-11-01,header 令和３年11月１日時点
広島,Hiroshima,ミズナラ,mizunara,2021,R3,flowering,－,－,no_data,,,2021-11-01,1,,,pdfplumber extract_tables,data-pipeline/raw/research/gaps/ketujitu-wb-20220630070835.pdf,http://web.archive.org/web/20220630070835id_/https://www.env.go.jp/nature/choju/effort/effort12/ketujitu.pdf,2021-11-01,header 令和３年11月１日時点
広島,Hiroshima,コナラ,konara,2021,R3,flowering,－,－,no_data,,,2021-11-01,1,,,pdfplumber extract_tables,data-pipeline/raw/research/gaps/ketujitu-wb-20220630070835.pdf,http://web.archive.org/web/20220630070835id_/https://www.env.go.jp/nature/choju/effort/effort12/ketujitu.pdf,2021-11-01,header 令和３年11月１日時点
山口,Yamaguchi,ブナ,buna,2021,R3,flowering,－,－,no_data,,,2021-11-01,1,,,pdfplumber extract_tables,data-pipeline/raw/research/gaps/ketujitu-wb-20220630070835.pdf,http://web.archive.org/web/20220630070835id_/https://www.env.go.jp/nature/choju/effort/effort12/ketujitu.pdf,2021-11-01,header 令和３年11月１日時点
山口,Yamaguchi,ミズナラ,mizunara,2021,R3,flowering,－,－,no_data,,,2021-11-01,1,,,pdfplumber extract_tables,data-pipeline/raw/research/gaps/ketujitu-wb-20220630070835.pdf,http://web.archive.org/web/20220630070835id_/https://www.env.go.jp/nature/choju/effort/effort12/ketujitu.pdf,2021-11-01,header 令和３年11月１日時点
山口,Yamaguchi,コナラ,konara,2021,R3,flowering,－,－,no_data,,,2021-11-01,1,,,pdfplumber extract_tables,data-pipeline/raw/research/gaps/ketujitu-wb-20220630070835.pdf,http://web.archive.org/web/20220630070835id_/https://www.env.go.jp/nature/choju/effort/effort12/ketujitu.pdf,2021-11-01,header 令和３年11月１日時点
北海道,Hokkaido,ブナ,buna,2022,R4,fruiting,不作,不作,value,凶作,exact; 不作/やや凶作 counted as 凶作 (MoE rule),2024-04-22,2,,ブナについては道南地域のみ分布,pdfplumber extract_tables,data-pipeline/raw/research/mast/env-ketujitu.pdf,https://www.env.go.jp/nature/choju/effort/effort12/ketujitu.pdf,2024-04-22,header 令和６年４月22日時点
北海道,Hokkaido,ミズナラ,mizunara,2022,R4,fruiting,不作,不作,value,凶作,exact; 不作/やや凶作 counted as 凶作 (MoE rule),2024-04-22,2,,ブナについては道南地域のみ分布,pdfplumber extract_tables,data-pipeline/raw/research/mast/env-ketujitu.pdf,https://www.env.go.jp/nature/choju/effort/effort12/ketujitu.pdf,2024-04-22,header 令和６年４月22日時点
北海道,Hokkaido,コナラ,konara,2022,R4,fruiting,－,－,no_data,,,2024-04-22,2,2023-04-21=―,ブナについては道南地域のみ分布,pdfplumber extract_tables,data-pipeline/raw/research/mast/env-ketujitu.pdf,https://www.env.go.jp/nature/choju/effort/effort12/ketujitu.pdf,2024-04-22,header 令和６年４月22日時点
青森,Aomori,ブナ,buna,2022,R4,fruiting,並作,並作,value,並作,exact; 並上/並下 are 並作 sub-grades,2024-04-22,2,2023-04-21=未公表 （10/7時点）,東北森林管理局実施,pdfplumber extract_tables,data-pipeline/raw/research/mast/env-ketujitu.pdf,https://www.env.go.jp/nature/choju/effort/effort12/ketujitu.pdf,2024-04-22,header 令和６年４月22日時点
青森,Aomori,ミズナラ,mizunara,2022,R4,fruiting,－,－,no_data,,,2024-04-22,2,2023-04-21=―,東北森林管理局実施,pdfplumber extract_tables,data-pipeline/raw/research/mast/env-ketujitu.pdf,https://www.env.go.jp/nature/choju/effort/effort12/ketujitu.pdf,2024-04-22,header 令和６年４月22日時点
青森,Aomori,コナラ,konara,2022,R4,fruiting,－,－,no_data,,,2024-04-22,2,2023-04-21=―,東北森林管理局実施,pdfplumber extract_tables,data-pipeline/raw/research/mast/env-ketujitu.pdf,https://www.env.go.jp/nature/choju/effort/effort12/ketujitu.pdf,2024-04-22,header 令和６年４月22日時点
岩手,Iwate,ブナ,buna,2022,R4,fruiting,並作,並作,value,並作,exact; 並上/並下 are 並作 sub-grades,2024-04-22,2,,,pdfplumber extract_tables,data-pipeline/raw/research/mast/env-ketujitu.pdf,https://www.env.go.jp/nature/choju/effort/effort12/ketujitu.pdf,2024-04-22,header 令和６年４月22日時点
岩手,Iwate,ミズナラ,mizunara,2022,R4,fruiting,不作,不作,value,凶作,exact; 不作/やや凶作 counted as 凶作 (MoE rule),2024-04-22,2,,,pdfplumber extract_tables,data-pipeline/raw/research/mast/env-ketujitu.pdf,https://www.env.go.jp/nature/choju/effort/effort12/ketujitu.pdf,2024-04-22,header 令和６年４月22日時点
岩手,Iwate,コナラ,konara,2022,R4,fruiting,不作,不作,value,凶作,exact; 不作/やや凶作 counted as 凶作 (MoE rule),2024-04-22,2,,,pdfplumber extract_tables,data-pipeline/raw/research/mast/env-ketujitu.pdf,https://www.env.go.jp/nature/choju/effort/effort12/ketujitu.pdf,2024-04-22,header 令和６年４月22日時点
宮城,Miyagi,ブナ,buna,2022,R4,fruiting,並作,並作,value,並作,exact; 並上/並下 are 並作 sub-grades,2024-04-22,2,,,pdfplumber extract_tables,data-pipeline/raw/research/mast/env-ketujitu.pdf,https://www.env.go.jp/nature/choju/effort/effort12/ketujitu.pdf,2024-04-22,header 令和６年４月22日時点
宮城,Miyagi,ミズナラ,mizunara,2022,R4,fruiting,並作,並作,value,並作,exact; 並上/並下 are 並作 sub-grades,2024-04-22,2,,,pdfplumber extract_tables,data-pipeline/raw/research/mast/env-ketujitu.pdf,https://www.env.go.jp/nature/choju/effort/effort12/ketujitu.pdf,2024-04-22,header 令和６年４月22日時点
宮城,Miyagi,コナラ,konara,2022,R4,fruiting,－,－,no_data,,,2024-04-22,2,2023-04-21=―,,pdfplumber extract_tables,data-pipeline/raw/research/mast/env-ketujitu.pdf,https://www.env.go.jp/nature/choju/effort/effort12/ketujitu.pdf,2024-04-22,header 令和６年４月22日時点
秋田,Akita,ブナ,buna,2022,R4,fruiting,並作,並作,value,並作,exact; 並上/並下 are 並作 sub-grades,2024-04-22,2,2023-04-21=調査中,東北森林管理署による調査+県林業研究研修センターによる調査,pdfplumber extract_tables,data-pipeline/raw/research/mast/env-ketujitu.pdf,https://www.env.go.jp/nature/choju/effort/effort12/ketujitu.pdf,2024-04-22,header 令和６年４月22日時点
秋田,Akita,ミズナラ,mizunara,2022,R4,fruiting,－,－,no_data,,,2024-04-22,2,2023-04-21=調査中,東北森林管理署による調査+県林業研究研修センターによる調査,pdfplumber extract_tables,data-pipeline/raw/research/mast/env-ketujitu.pdf,https://www.env.go.jp/nature/choju/effort/effort12/ketujitu.pdf,2024-04-22,header 令和６年４月22日時点
秋田,Akita,コナラ,konara,2022,R4,fruiting,－,－,no_data,,,2024-04-22,2,2023-04-21=調査中,東北森林管理署による調査+県林業研究研修センターによる調査,pdfplumber extract_tables,data-pipeline/raw/research/mast/env-ketujitu.pdf,https://www.env.go.jp/nature/choju/effort/effort12/ketujitu.pdf,2024-04-22,header 令和６年４月22日時点
山形,Yamagata,ブナ,buna,2022,R4,fruiting,並作,並作,value,並作,exact; 並上/並下 are 並作 sub-grades,2024-04-22,2,2023-04-21=調査中,,pdfplumber extract_tables,data-pipeline/raw/research/mast/env-ketujitu.pdf,https://www.env.go.jp/nature/choju/effort/effort12/ketujitu.pdf,2024-04-22,header 令和６年４月22日時点
山形,Yamagata,ミズナラ,mizunara,2022,R4,fruiting,凶作～豊作,凶作～豊作,value,並作,MoE rule 凶作～並作/凶作～豊作/不作～並作→並作,2024-04-22,2,2023-04-21=調査中,,pdfplumber extract_tables,data-pipeline/raw/research/mast/env-ketujitu.pdf,https://www.env.go.jp/nature/choju/effort/effort12/ketujitu.pdf,2024-04-22,header 令和６年４月22日時点
山形,Yamagata,コナラ,konara,2022,R4,fruiting,凶作～豊作,凶作～豊作,value,並作,MoE rule 凶作～並作/凶作～豊作/不作～並作→並作,2024-04-22,2,2023-04-21=調査中,,pdfplumber extract_tables,data-pipeline/raw/research/mast/env-ketujitu.pdf,https://www.env.go.jp/nature/choju/effort/effort12/ketujitu.pdf,2024-04-22,header 令和６年４月22日時点
福島,Fukushima,ブナ,buna,2022,R4,fruiting,豊作,豊作,value,豊作,exact; 大豊作 counted as 豊作,2024-04-22,2,,,pdfplumber extract_tables,data-pipeline/raw/research/mast/env-ketujitu.pdf,https://www.env.go.jp/nature/choju/effort/effort12/ketujitu.pdf,2024-04-22,header 令和６年４月22日時点
福島,Fukushima,ミズナラ,mizunara,2022,R4,fruiting,並作,並作,value,並作,exact; 並上/並下 are 並作 sub-grades,2024-04-22,2,,,pdfplumber extract_tables,data-pipeline/raw/research/mast/env-ketujitu.pdf,https://www.env.go.jp/nature/choju/effort/effort12/ketujitu.pdf,2024-04-22,header 令和６年４月22日時点
福島,Fukushima,コナラ,konara,2022,R4,fruiting,並作,並作,value,並作,exact; 並上/並下 are 並作 sub-grades,2024-04-22,2,,,pdfplumber extract_tables,data-pipeline/raw/research/mast/env-ketujitu.pdf,https://www.env.go.jp/nature/choju/effort/effort12/ketujitu.pdf,2024-04-22,header 令和６年４月22日時点
栃木,Tochigi,ブナ,buna,2022,R4,fruiting,並作,並作,value,並作,exact; 並上/並下 are 並作 sub-grades,2024-04-22,2,,ブナ：開花状況調査に基づく予測値,pdfplumber extract_tables,data-pipeline/raw/research/mast/env-ketujitu.pdf,https://www.env.go.jp/nature/choju/effort/effort12/ketujitu.pdf,2024-04-22,header 令和６年４月22日時点
栃木,Tochigi,ミズナラ,mizunara,2022,R4,fruiting,凶作～並作,凶作～並作,value,並作,MoE rule 凶作～並作/凶作～豊作/不作～並作→並作,2024-04-22,2,,ブナ：開花状況調査に基づく予測値,pdfplumber extract_tables,data-pipeline/raw/research/mast/env-ketujitu.pdf,https://www.env.go.jp/nature/choju/effort/effort12/ketujitu.pdf,2024-04-22,header 令和６年４月22日時点
栃木,Tochigi,コナラ,konara,2022,R4,fruiting,凶作,凶作,value,凶作,exact; 不作/やや凶作 counted as 凶作 (MoE rule),2024-04-22,2,,ブナ：開花状況調査に基づく予測値,pdfplumber extract_tables,data-pipeline/raw/research/mast/env-ketujitu.pdf,https://www.env.go.jp/nature/choju/effort/effort12/ketujitu.pdf,2024-04-22,header 令和６年４月22日時点
群馬,Gunma,ブナ,buna,2022,R4,fruiting,不作,不作,value,凶作,exact; 不作/やや凶作 counted as 凶作 (MoE rule),2024-04-22,2,,,pdfplumber extract_tables,data-pipeline/raw/research/mast/env-ketujitu.pdf,https://www.env.go.jp/nature/choju/effort/effort12/ketujitu.pdf,2024-04-22,header 令和６年４月22日時点
群馬,Gunma,ミズナラ,mizunara,2022,R4,fruiting,不作,不作,value,凶作,exact; 不作/やや凶作 counted as 凶作 (MoE rule),2024-04-22,2,,,pdfplumber extract_tables,data-pipeline/raw/research/mast/env-ketujitu.pdf,https://www.env.go.jp/nature/choju/effort/effort12/ketujitu.pdf,2024-04-22,header 令和６年４月22日時点
群馬,Gunma,コナラ,konara,2022,R4,fruiting,不作,不作,value,凶作,exact; 不作/やや凶作 counted as 凶作 (MoE rule),2024-04-22,2,,,pdfplumber extract_tables,data-pipeline/raw/research/mast/env-ketujitu.pdf,https://www.env.go.jp/nature/choju/effort/effort12/ketujitu.pdf,2024-04-22,header 令和６年４月22日時点
埼玉,Saitama,ブナ,buna,2022,R4,fruiting,－,－,no_data,,,2024-04-22,2,2023-04-21=―,,pdfplumber extract_tables,data-pipeline/raw/research/mast/env-ketujitu.pdf,https://www.env.go.jp/nature/choju/effort/effort12/ketujitu.pdf,2024-04-22,header 令和６年４月22日時点
埼玉,Saitama,ミズナラ,mizunara,2022,R4,fruiting,－,－,no_data,,,2024-04-22,2,2023-04-21=―,,pdfplumber extract_tables,data-pipeline/raw/research/mast/env-ketujitu.pdf,https://www.env.go.jp/nature/choju/effort/effort12/ketujitu.pdf,2024-04-22,header 令和６年４月22日時点
埼玉,Saitama,コナラ,konara,2022,R4,fruiting,－,－,no_data,,,2024-04-22,2,2023-04-21=―,,pdfplumber extract_tables,data-pipeline/raw/research/mast/env-ketujitu.pdf,https://www.env.go.jp/nature/choju/effort/effort12/ketujitu.pdf,2024-04-22,header 令和６年４月22日時点
東京,Tokyo,ブナ,buna,2022,R4,fruiting,凶作～豊作,凶作～豊作,value,並作,MoE rule 凶作～並作/凶作～豊作/不作～並作→並作,2024-04-22,2,,,pdfplumber extract_tables,data-pipeline/raw/research/mast/env-ketujitu.pdf,https://www.env.go.jp/nature/choju/effort/effort12/ketujitu.pdf,2024-04-22,header 令和６年４月22日時点
東京,Tokyo,ミズナラ,mizunara,2022,R4,fruiting,凶作～並作,凶作～並作,value,並作,MoE rule 凶作～並作/凶作～豊作/不作～並作→並作,2024-04-22,2,,,pdfplumber extract_tables,data-pipeline/raw/research/mast/env-ketujitu.pdf,https://www.env.go.jp/nature/choju/effort/effort12/ketujitu.pdf,2024-04-22,header 令和６年４月22日時点
東京,Tokyo,コナラ,konara,2022,R4,fruiting,凶作～並作,凶作～並作,value,並作,MoE rule 凶作～並作/凶作～豊作/不作～並作→並作,2024-04-22,2,,,pdfplumber extract_tables,data-pipeline/raw/research/mast/env-ketujitu.pdf,https://www.env.go.jp/nature/choju/effort/effort12/ketujitu.pdf,2024-04-22,header 令和６年４月22日時点
神奈川,Kanagawa,ブナ,buna,2022,R4,fruiting,大豊作,大豊作,value,豊作,exact; 大豊作 counted as 豊作,2024-04-22,2,2023-04-21=調査中,,pdfplumber extract_tables,data-pipeline/raw/research/mast/env-ketujitu.pdf,https://www.env.go.jp/nature/choju/effort/effort12/ketujitu.pdf,2024-04-22,header 令和６年４月22日時点
神奈川,Kanagawa,ミズナラ,mizunara,2022,R4,fruiting,凶作,凶作,value,凶作,exact; 不作/やや凶作 counted as 凶作 (MoE rule),2024-04-22,2,2023-04-21=調査中,,pdfplumber extract_tables,data-pipeline/raw/research/mast/env-ketujitu.pdf,https://www.env.go.jp/nature/choju/effort/effort12/ketujitu.pdf,2024-04-22,header 令和６年４月22日時点
神奈川,Kanagawa,コナラ,konara,2022,R4,fruiting,並作,並作,value,並作,exact; 並上/並下 are 並作 sub-grades,2024-04-22,2,2023-04-21=調査中,,pdfplumber extract_tables,data-pipeline/raw/research/mast/env-ketujitu.pdf,https://www.env.go.jp/nature/choju/effort/effort12/ketujitu.pdf,2024-04-22,header 令和６年４月22日時点
新潟,Niigata,ブナ,buna,2022,R4,fruiting,並作,並作,value,並作,exact; 並上/並下 are 並作 sub-grades,2024-04-22,2,,,pdfplumber extract_tables,data-pipeline/raw/research/mast/env-ketujitu.pdf,https://www.env.go.jp/nature/choju/effort/effort12/ketujitu.pdf,2024-04-22,header 令和６年４月22日時点
新潟,Niigata,ミズナラ,mizunara,2022,R4,fruiting,並作,並作,value,並作,exact; 並上/並下 are 並作 sub-grades,2024-04-22,2,,,pdfplumber extract_tables,data-pipeline/raw/research/mast/env-ketujitu.pdf,https://www.env.go.jp/nature/choju/effort/effort12/ketujitu.pdf,2024-04-22,header 令和６年４月22日時点
新潟,Niigata,コナラ,konara,2022,R4,fruiting,並作,並作,value,並作,exact; 並上/並下 are 並作 sub-grades,2024-04-22,2,,,pdfplumber extract_tables,data-pipeline/raw/research/mast/env-ketujitu.pdf,https://www.env.go.jp/nature/choju/effort/effort12/ketujitu.pdf,2024-04-22,header 令和６年４月22日時点
富山,Toyama,ブナ,buna,2022,R4,fruiting,不作,不作,value,凶作,exact; 不作/やや凶作 counted as 凶作 (MoE rule),2024-04-22,2,,,pdfplumber extract_tables,data-pipeline/raw/research/mast/env-ketujitu.pdf,https://www.env.go.jp/nature/choju/effort/effort12/ketujitu.pdf,2024-04-22,header 令和６年４月22日時点
富山,Toyama,ミズナラ,mizunara,2022,R4,fruiting,不作,不作,value,凶作,exact; 不作/やや凶作 counted as 凶作 (MoE rule),2024-04-22,2,,,pdfplumber extract_tables,data-pipeline/raw/research/mast/env-ketujitu.pdf,https://www.env.go.jp/nature/choju/effort/effort12/ketujitu.pdf,2024-04-22,header 令和６年４月22日時点
富山,Toyama,コナラ,konara,2022,R4,fruiting,並作,並作,value,並作,exact; 並上/並下 are 並作 sub-grades,2024-04-22,2,,,pdfplumber extract_tables,data-pipeline/raw/research/mast/env-ketujitu.pdf,https://www.env.go.jp/nature/choju/effort/effort12/ketujitu.pdf,2024-04-22,header 令和６年４月22日時点
石川,Ishikawa,ブナ,buna,2022,R4,fruiting,凶作,凶作,value,凶作,exact; 不作/やや凶作 counted as 凶作 (MoE rule),2024-04-22,2,,,pdfplumber extract_tables,data-pipeline/raw/research/mast/env-ketujitu.pdf,https://www.env.go.jp/nature/choju/effort/effort12/ketujitu.pdf,2024-04-22,header 令和６年４月22日時点
石川,Ishikawa,ミズナラ,mizunara,2022,R4,fruiting,豊作,豊作,value,豊作,exact; 大豊作 counted as 豊作,2024-04-22,2,,,pdfplumber extract_tables,data-pipeline/raw/research/mast/env-ketujitu.pdf,https://www.env.go.jp/nature/choju/effort/effort12/ketujitu.pdf,2024-04-22,header 令和６年４月22日時点
石川,Ishikawa,コナラ,konara,2022,R4,fruiting,並作,並作,value,並作,exact; 並上/並下 are 並作 sub-grades,2024-04-22,2,,,pdfplumber extract_tables,data-pipeline/raw/research/mast/env-ketujitu.pdf,https://www.env.go.jp/nature/choju/effort/effort12/ketujitu.pdf,2024-04-22,header 令和６年４月22日時点
福井,Fukui,ブナ,buna,2022,R4,fruiting,不作,不作,value,凶作,exact; 不作/やや凶作 counted as 凶作 (MoE rule),2024-04-22,2,,,pdfplumber extract_tables,data-pipeline/raw/research/mast/env-ketujitu.pdf,https://www.env.go.jp/nature/choju/effort/effort12/ketujitu.pdf,2024-04-22,header 令和６年４月22日時点
福井,Fukui,ミズナラ,mizunara,2022,R4,fruiting,並作,並作,value,並作,exact; 並上/並下 are 並作 sub-grades,2024-04-22,2,,,pdfplumber extract_tables,data-pipeline/raw/research/mast/env-ketujitu.pdf,https://www.env.go.jp/nature/choju/effort/effort12/ketujitu.pdf,2024-04-22,header 令和６年４月22日時点
福井,Fukui,コナラ,konara,2022,R4,fruiting,並作,並作,value,並作,exact; 並上/並下 are 並作 sub-grades,2024-04-22,2,,,pdfplumber extract_tables,data-pipeline/raw/research/mast/env-ketujitu.pdf,https://www.env.go.jp/nature/choju/effort/effort12/ketujitu.pdf,2024-04-22,header 令和６年４月22日時点
山梨,Yamanashi,ブナ,buna,2022,R4,fruiting,並作,並作,value,並作,exact; 並上/並下 are 並作 sub-grades,2024-04-22,2,,,pdfplumber extract_tables,data-pipeline/raw/research/mast/env-ketujitu.pdf,https://www.env.go.jp/nature/choju/effort/effort12/ketujitu.pdf,2024-04-22,header 令和６年４月22日時点
山梨,Yamanashi,ミズナラ,mizunara,2022,R4,fruiting,並作,並作,value,並作,exact; 並上/並下 are 並作 sub-grades,2024-04-22,2,,,pdfplumber extract_tables,data-pipeline/raw/research/mast/env-ketujitu.pdf,https://www.env.go.jp/nature/choju/effort/effort12/ketujitu.pdf,2024-04-22,header 令和６年４月22日時点
山梨,Yamanashi,コナラ,konara,2022,R4,fruiting,並作,並作,value,並作,exact; 並上/並下 are 並作 sub-grades,2024-04-22,2,,,pdfplumber extract_tables,data-pipeline/raw/research/mast/env-ketujitu.pdf,https://www.env.go.jp/nature/choju/effort/effort12/ketujitu.pdf,2024-04-22,header 令和６年４月22日時点
長野,Nagano,ブナ,buna,2022,R4,fruiting,大凶作～豊作,大凶作～豊作,value,並作,range spanning buckets→並作 (by analogy with MoE rule),2024-04-22,2,,,pdfplumber extract_tables,data-pipeline/raw/research/mast/env-ketujitu.pdf,https://www.env.go.jp/nature/choju/effort/effort12/ketujitu.pdf,2024-04-22,header 令和６年４月22日時点
長野,Nagano,ミズナラ,mizunara,2022,R4,fruiting,大凶作～大豊\n作,大凶作～大豊作,value,並作,range spanning buckets→並作 (by analogy with MoE rule),2024-04-22,2,,,pdfplumber extract_tables,data-pipeline/raw/research/mast/env-ketujitu.pdf,https://www.env.go.jp/nature/choju/effort/effort12/ketujitu.pdf,2024-04-22,header 令和６年４月22日時点
長野,Nagano,コナラ,konara,2022,R4,fruiting,大凶作～大豊\n作,大凶作～大豊作,value,並作,range spanning buckets→並作 (by analogy with MoE rule),2024-04-22,2,,,pdfplumber extract_tables,data-pipeline/raw/research/mast/env-ketujitu.pdf,https://www.env.go.jp/nature/choju/effort/effort12/ketujitu.pdf,2024-04-22,header 令和６年４月22日時点
岐阜,Gifu,ブナ,buna,2022,R4,fruiting,凶作,凶作,value,凶作,exact; 不作/やや凶作 counted as 凶作 (MoE rule),2024-04-22,2,,,pdfplumber extract_tables,data-pipeline/raw/research/mast/env-ketujitu.pdf,https://www.env.go.jp/nature/choju/effort/effort12/ketujitu.pdf,2024-04-22,header 令和６年４月22日時点
岐阜,Gifu,ミズナラ,mizunara,2022,R4,fruiting,凶作,凶作,value,凶作,exact; 不作/やや凶作 counted as 凶作 (MoE rule),2024-04-22,2,,,pdfplumber extract_tables,data-pipeline/raw/research/mast/env-ketujitu.pdf,https://www.env.go.jp/nature/choju/effort/effort12/ketujitu.pdf,2024-04-22,header 令和６年４月22日時点
岐阜,Gifu,コナラ,konara,2022,R4,fruiting,凶作,凶作,value,凶作,exact; 不作/やや凶作 counted as 凶作 (MoE rule),2024-04-22,2,,,pdfplumber extract_tables,data-pipeline/raw/research/mast/env-ketujitu.pdf,https://www.env.go.jp/nature/choju/effort/effort12/ketujitu.pdf,2024-04-22,header 令和６年４月22日時点
静岡,Shizuoka,ブナ,buna,2022,R4,fruiting,－,－,no_data,,,2024-04-22,2,2023-04-21=―,,pdfplumber extract_tables,data-pipeline/raw/research/mast/env-ketujitu.pdf,https://www.env.go.jp/nature/choju/effort/effort12/ketujitu.pdf,2024-04-22,header 令和６年４月22日時点
静岡,Shizuoka,ミズナラ,mizunara,2022,R4,fruiting,－,－,no_data,,,2024-04-22,2,2023-04-21=―,,pdfplumber extract_tables,data-pipeline/raw/research/mast/env-ketujitu.pdf,https://www.env.go.jp/nature/choju/effort/effort12/ketujitu.pdf,2024-04-22,header 令和６年４月22日時点
静岡,Shizuoka,コナラ,konara,2022,R4,fruiting,－,－,no_data,,,2024-04-22,2,2023-04-21=―,,pdfplumber extract_tables,data-pipeline/raw/research/mast/env-ketujitu.pdf,https://www.env.go.jp/nature/choju/effort/effort12/ketujitu.pdf,2024-04-22,header 令和６年４月22日時点
愛知,Aichi,ブナ,buna,2022,R4,fruiting,－,－,no_data,,,2024-04-22,2,2023-04-21=―,,pdfplumber extract_tables,data-pipeline/raw/research/mast/env-ketujitu.pdf,https://www.env.go.jp/nature/choju/effort/effort12/ketujitu.pdf,2024-04-22,header 令和６年４月22日時点
愛知,Aichi,ミズナラ,mizunara,2022,R4,fruiting,並作,並作,value,並作,exact; 並上/並下 are 並作 sub-grades,2024-04-22,2,,,pdfplumber extract_tables,data-pipeline/raw/research/mast/env-ketujitu.pdf,https://www.env.go.jp/nature/choju/effort/effort12/ketujitu.pdf,2024-04-22,header 令和６年４月22日時点
愛知,Aichi,コナラ,konara,2022,R4,fruiting,並作,並作,value,並作,exact; 並上/並下 are 並作 sub-grades,2024-04-22,2,,,pdfplumber extract_tables,data-pipeline/raw/research/mast/env-ketujitu.pdf,https://www.env.go.jp/nature/choju/effort/effort12/ketujitu.pdf,2024-04-22,header 令和６年４月22日時点
三重,Mie,ブナ,buna,2022,R4,fruiting,－,－,no_data,,,2024-04-22,2,2023-04-21=―,,pdfplumber extract_tables,data-pipeline/raw/research/mast/env-ketujitu.pdf,https://www.env.go.jp/nature/choju/effort/effort12/ketujitu.pdf,2024-04-22,header 令和６年４月22日時点
三重,Mie,ミズナラ,mizunara,2022,R4,fruiting,－,－,no_data,,,2024-04-22,2,2023-04-21=―,,pdfplumber extract_tables,data-pipeline/raw/research/mast/env-ketujitu.pdf,https://www.env.go.jp/nature/choju/effort/effort12/ketujitu.pdf,2024-04-22,header 令和６年４月22日時点
三重,Mie,コナラ,konara,2022,R4,fruiting,－,－,no_data,,,2024-04-22,2,2023-04-21=―,,pdfplumber extract_tables,data-pipeline/raw/research/mast/env-ketujitu.pdf,https://www.env.go.jp/nature/choju/effort/effort12/ketujitu.pdf,2024-04-22,header 令和６年４月22日時点
滋賀,Shiga,ブナ,buna,2022,R4,fruiting,凶作,凶作,value,凶作,exact; 不作/やや凶作 counted as 凶作 (MoE rule),2024-04-22,2,,,pdfplumber extract_tables,data-pipeline/raw/research/mast/env-ketujitu.pdf,https://www.env.go.jp/nature/choju/effort/effort12/ketujitu.pdf,2024-04-22,header 令和６年４月22日時点
滋賀,Shiga,ミズナラ,mizunara,2022,R4,fruiting,不作,不作,value,凶作,exact; 不作/やや凶作 counted as 凶作 (MoE rule),2024-04-22,2,,,pdfplumber extract_tables,data-pipeline/raw/research/mast/env-ketujitu.pdf,https://www.env.go.jp/nature/choju/effort/effort12/ketujitu.pdf,2024-04-22,header 令和６年４月22日時点
滋賀,Shiga,コナラ,konara,2022,R4,fruiting,不作,不作,value,凶作,exact; 不作/やや凶作 counted as 凶作 (MoE rule),2024-04-22,2,,,pdfplumber extract_tables,data-pipeline/raw/research/mast/env-ketujitu.pdf,https://www.env.go.jp/nature/choju/effort/effort12/ketujitu.pdf,2024-04-22,header 令和６年４月22日時点
京都,Kyoto,ブナ,buna,2022,R4,fruiting,凶作,凶作,value,凶作,exact; 不作/やや凶作 counted as 凶作 (MoE rule),2024-04-22,2,,,pdfplumber extract_tables,data-pipeline/raw/research/mast/env-ketujitu.pdf,https://www.env.go.jp/nature/choju/effort/effort12/ketujitu.pdf,2024-04-22,header 令和６年４月22日時点
京都,Kyoto,ミズナラ,mizunara,2022,R4,fruiting,並作,並作,value,並作,exact; 並上/並下 are 並作 sub-grades,2024-04-22,2,,,pdfplumber extract_tables,data-pipeline/raw/research/mast/env-ketujitu.pdf,https://www.env.go.jp/nature/choju/effort/effort12/ketujitu.pdf,2024-04-22,header 令和６年４月22日時点
京都,Kyoto,コナラ,konara,2022,R4,fruiting,凶作,凶作,value,凶作,exact; 不作/やや凶作 counted as 凶作 (MoE rule),2024-04-22,2,,,pdfplumber extract_tables,data-pipeline/raw/research/mast/env-ketujitu.pdf,https://www.env.go.jp/nature/choju/effort/effort12/ketujitu.pdf,2024-04-22,header 令和６年４月22日時点
大阪,Osaka,ブナ,buna,2022,R4,fruiting,－,－,no_data,,,2024-04-22,2,2023-04-21=―,,pdfplumber extract_tables,data-pipeline/raw/research/mast/env-ketujitu.pdf,https://www.env.go.jp/nature/choju/effort/effort12/ketujitu.pdf,2024-04-22,header 令和６年４月22日時点
大阪,Osaka,ミズナラ,mizunara,2022,R4,fruiting,－,－,no_data,,,2024-04-22,2,2023-04-21=―,,pdfplumber extract_tables,data-pipeline/raw/research/mast/env-ketujitu.pdf,https://www.env.go.jp/nature/choju/effort/effort12/ketujitu.pdf,2024-04-22,header 令和６年４月22日時点
大阪,Osaka,コナラ,konara,2022,R4,fruiting,－,－,no_data,,,2024-04-22,2,2023-04-21=―,,pdfplumber extract_tables,data-pipeline/raw/research/mast/env-ketujitu.pdf,https://www.env.go.jp/nature/choju/effort/effort12/ketujitu.pdf,2024-04-22,header 令和６年４月22日時点
兵庫,Hyogo,ブナ,buna,2022,R4,fruiting,大凶作,大凶作,value,大凶作,exact,2024-04-22,2,,,pdfplumber extract_tables,data-pipeline/raw/research/mast/env-ketujitu.pdf,https://www.env.go.jp/nature/choju/effort/effort12/ketujitu.pdf,2024-04-22,header 令和６年４月22日時点
兵庫,Hyogo,ミズナラ,mizunara,2022,R4,fruiting,並作上,並作上,value,並作,exact; 並上/並下 are 並作 sub-grades,2024-04-22,2,,,pdfplumber extract_tables,data-pipeline/raw/research/mast/env-ketujitu.pdf,https://www.env.go.jp/nature/choju/effort/effort12/ketujitu.pdf,2024-04-22,header 令和６年４月22日時点
兵庫,Hyogo,コナラ,konara,2022,R4,fruiting,並作上,並作上,value,並作,exact; 並上/並下 are 並作 sub-grades,2024-04-22,2,,,pdfplumber extract_tables,data-pipeline/raw/research/mast/env-ketujitu.pdf,https://www.env.go.jp/nature/choju/effort/effort12/ketujitu.pdf,2024-04-22,header 令和６年４月22日時点
奈良,Nara,ブナ,buna,2022,R4,fruiting,並作下,並作下,value,並作,exact; 並上/並下 are 並作 sub-grades,2024-04-22,2,2023-04-21=調査中,,pdfplumber extract_tables,data-pipeline/raw/research/mast/env-ketujitu.pdf,https://www.env.go.jp/nature/choju/effort/effort12/ketujitu.pdf,2024-04-22,header 令和６年４月22日時点
奈良,Nara,ミズナラ,mizunara,2022,R4,fruiting,並作上,並作上,value,並作,exact; 並上/並下 are 並作 sub-grades,2024-04-22,2,2023-04-21=調査中,,pdfplumber extract_tables,data-pipeline/raw/research/mast/env-ketujitu.pdf,https://www.env.go.jp/nature/choju/effort/effort12/ketujitu.pdf,2024-04-22,header 令和６年４月22日時点
奈良,Nara,コナラ,konara,2022,R4,fruiting,並作下,並作下,value,並作,exact; 並上/並下 are 並作 sub-grades,2024-04-22,2,2023-04-21=調査中,,pdfplumber extract_tables,data-pipeline/raw/research/mast/env-ketujitu.pdf,https://www.env.go.jp/nature/choju/effort/effort12/ketujitu.pdf,2024-04-22,header 令和６年４月22日時点
和歌山,Wakayama,ブナ,buna,2022,R4,fruiting,－,－,no_data,,,2024-04-22,2,2023-04-21=―,,pdfplumber extract_tables,data-pipeline/raw/research/mast/env-ketujitu.pdf,https://www.env.go.jp/nature/choju/effort/effort12/ketujitu.pdf,2024-04-22,header 令和６年４月22日時点
和歌山,Wakayama,ミズナラ,mizunara,2022,R4,fruiting,－,－,no_data,,,2024-04-22,2,2023-04-21=―,,pdfplumber extract_tables,data-pipeline/raw/research/mast/env-ketujitu.pdf,https://www.env.go.jp/nature/choju/effort/effort12/ketujitu.pdf,2024-04-22,header 令和６年４月22日時点
和歌山,Wakayama,コナラ,konara,2022,R4,fruiting,－,－,no_data,,,2024-04-22,2,2023-04-21=―,,pdfplumber extract_tables,data-pipeline/raw/research/mast/env-ketujitu.pdf,https://www.env.go.jp/nature/choju/effort/effort12/ketujitu.pdf,2024-04-22,header 令和６年４月22日時点
鳥取,Tottori,ブナ,buna,2022,R4,fruiting,並作上,並作上,value,並作,exact; 並上/並下 are 並作 sub-grades,2024-04-22,2,,,pdfplumber extract_tables,data-pipeline/raw/research/mast/env-ketujitu.pdf,https://www.env.go.jp/nature/choju/effort/effort12/ketujitu.pdf,2024-04-22,header 令和６年４月22日時点
鳥取,Tottori,ミズナラ,mizunara,2022,R4,fruiting,並作上,並作上,value,並作,exact; 並上/並下 are 並作 sub-grades,2024-04-22,2,2023-04-21=豊作,,pdfplumber extract_tables,data-pipeline/raw/research/mast/env-ketujitu.pdf,https://www.env.go.jp/nature/choju/effort/effort12/ketujitu.pdf,2024-04-22,header 令和６年４月22日時点
鳥取,Tottori,コナラ,konara,2022,R4,fruiting,並作上,並作上,value,並作,exact; 並上/並下 are 並作 sub-grades,2024-04-22,2,,,pdfplumber extract_tables,data-pipeline/raw/research/mast/env-ketujitu.pdf,https://www.env.go.jp/nature/choju/effort/effort12/ketujitu.pdf,2024-04-22,header 令和６年４月22日時点
島根,Shimane,ブナ,buna,2022,R4,fruiting,凶作,凶作,value,凶作,exact; 不作/やや凶作 counted as 凶作 (MoE rule),2024-04-22,2,2023-04-21=調査中,※コナラについては県内でも豊作～凶作で地域差がある,pdfplumber extract_tables,data-pipeline/raw/research/mast/env-ketujitu.pdf,https://www.env.go.jp/nature/choju/effort/effort12/ketujitu.pdf,2024-04-22,header 令和６年４月22日時点
島根,Shimane,ミズナラ,mizunara,2022,R4,fruiting,豊作,豊作,value,豊作,exact; 大豊作 counted as 豊作,2024-04-22,2,2023-04-21=調査中,※コナラについては県内でも豊作～凶作で地域差がある,pdfplumber extract_tables,data-pipeline/raw/research/mast/env-ketujitu.pdf,https://www.env.go.jp/nature/choju/effort/effort12/ketujitu.pdf,2024-04-22,header 令和６年４月22日時点
島根,Shimane,コナラ,konara,2022,R4,fruiting,並作,並作,value,並作,exact; 並上/並下 are 並作 sub-grades,2024-04-22,2,2023-04-21=調査中,※コナラについては県内でも豊作～凶作で地域差がある,pdfplumber extract_tables,data-pipeline/raw/research/mast/env-ketujitu.pdf,https://www.env.go.jp/nature/choju/effort/effort12/ketujitu.pdf,2024-04-22,header 令和６年４月22日時点
岡山,Okayama,ブナ,buna,2022,R4,fruiting,並作,並作,value,並作,exact; 並上/並下 are 並作 sub-grades,2024-04-22,2,2023-04-21=調査中,,pdfplumber extract_tables,data-pipeline/raw/research/mast/env-ketujitu.pdf,https://www.env.go.jp/nature/choju/effort/effort12/ketujitu.pdf,2024-04-22,header 令和６年４月22日時点
岡山,Okayama,ミズナラ,mizunara,2022,R4,fruiting,並作,並作,value,並作,exact; 並上/並下 are 並作 sub-grades,2024-04-22,2,2023-04-21=調査中,,pdfplumber extract_tables,data-pipeline/raw/research/mast/env-ketujitu.pdf,https://www.env.go.jp/nature/choju/effort/effort12/ketujitu.pdf,2024-04-22,header 令和６年４月22日時点
岡山,Okayama,コナラ,konara,2022,R4,fruiting,並作,並作,value,並作,exact; 並上/並下 are 並作 sub-grades,2024-04-22,2,2023-04-21=調査中,,pdfplumber extract_tables,data-pipeline/raw/research/mast/env-ketujitu.pdf,https://www.env.go.jp/nature/choju/effort/effort12/ketujitu.pdf,2024-04-22,header 令和６年４月22日時点
広島,Hiroshima,ブナ,buna,2022,R4,fruiting,－,－,no_data,,,2024-04-22,2,2023-04-21=―,,pdfplumber extract_tables,data-pipeline/raw/research/mast/env-ketujitu.pdf,https://www.env.go.jp/nature/choju/effort/effort12/ketujitu.pdf,2024-04-22,header 令和６年４月22日時点
広島,Hiroshima,ミズナラ,mizunara,2022,R4,fruiting,公表しない,公表しない,not_published,,,2024-04-22,2,2023-04-21=調査中,,pdfplumber extract_tables,data-pipeline/raw/research/mast/env-ketujitu.pdf,https://www.env.go.jp/nature/choju/effort/effort12/ketujitu.pdf,2024-04-22,header 令和６年４月22日時点
広島,Hiroshima,コナラ,konara,2022,R4,fruiting,公表しない,公表しない,not_published,,,2024-04-22,2,2023-04-21=調査中,,pdfplumber extract_tables,data-pipeline/raw/research/mast/env-ketujitu.pdf,https://www.env.go.jp/nature/choju/effort/effort12/ketujitu.pdf,2024-04-22,header 令和６年４月22日時点
山口,Yamaguchi,ブナ,buna,2022,R4,fruiting,－,－,no_data,,,2024-04-22,2,2023-04-21=―,,pdfplumber extract_tables,data-pipeline/raw/research/mast/env-ketujitu.pdf,https://www.env.go.jp/nature/choju/effort/effort12/ketujitu.pdf,2024-04-22,header 令和６年４月22日時点
山口,Yamaguchi,ミズナラ,mizunara,2022,R4,fruiting,－,－,no_data,,,2024-04-22,2,2023-04-21=―,,pdfplumber extract_tables,data-pipeline/raw/research/mast/env-ketujitu.pdf,https://www.env.go.jp/nature/choju/effort/effort12/ketujitu.pdf,2024-04-22,header 令和６年４月22日時点
山口,Yamaguchi,コナラ,konara,2022,R4,fruiting,凶作,凶作,value,凶作,exact; 不作/やや凶作 counted as 凶作 (MoE rule),2024-04-22,2,2023-04-21=調査中,,pdfplumber extract_tables,data-pipeline/raw/research/mast/env-ketujitu.pdf,https://www.env.go.jp/nature/choju/effort/effort12/ketujitu.pdf,2024-04-22,header 令和６年４月22日時点
北海道,Hokkaido,ブナ,buna,2022,R4,flowering,－,－,no_data,,,2024-04-22,2,2022-09-07=―,ブナについては道南地域のみ分布,pdfplumber extract_tables,data-pipeline/raw/research/mast/env-ketujitu.pdf,https://www.env.go.jp/nature/choju/effort/effort12/ketujitu.pdf,2024-04-22,header 令和６年４月22日時点
北海道,Hokkaido,ミズナラ,mizunara,2022,R4,flowering,－,－,no_data,,,2024-04-22,2,2022-09-07=―,ブナについては道南地域のみ分布,pdfplumber extract_tables,data-pipeline/raw/research/mast/env-ketujitu.pdf,https://www.env.go.jp/nature/choju/effort/effort12/ketujitu.pdf,2024-04-22,header 令和６年４月22日時点
北海道,Hokkaido,コナラ,konara,2022,R4,flowering,－,－,no_data,,,2024-04-22,2,2022-09-07=―,ブナについては道南地域のみ分布,pdfplumber extract_tables,data-pipeline/raw/research/mast/env-ketujitu.pdf,https://www.env.go.jp/nature/choju/effort/effort12/ketujitu.pdf,2024-04-22,header 令和６年４月22日時点
青森,Aomori,ブナ,buna,2022,R4,flowering,豊作,豊作,value,豊作,exact; 大豊作 counted as 豊作,2024-04-22,2,,東北森林管理局実施,pdfplumber extract_tables,data-pipeline/raw/research/mast/env-ketujitu.pdf,https://www.env.go.jp/nature/choju/effort/effort12/ketujitu.pdf,2024-04-22,header 令和６年４月22日時点
青森,Aomori,ミズナラ,mizunara,2022,R4,flowering,－,－,no_data,,,2024-04-22,2,2022-09-07=―,東北森林管理局実施,pdfplumber extract_tables,data-pipeline/raw/research/mast/env-ketujitu.pdf,https://www.env.go.jp/nature/choju/effort/effort12/ketujitu.pdf,2024-04-22,header 令和６年４月22日時点
青森,Aomori,コナラ,konara,2022,R4,flowering,－,－,no_data,,,2024-04-22,2,2022-09-07=―,東北森林管理局実施,pdfplumber extract_tables,data-pipeline/raw/research/mast/env-ketujitu.pdf,https://www.env.go.jp/nature/choju/effort/effort12/ketujitu.pdf,2024-04-22,header 令和６年４月22日時点
岩手,Iwate,ブナ,buna,2022,R4,flowering,－,－,no_data,,,2024-04-22,2,2022-09-07=―,,pdfplumber extract_tables,data-pipeline/raw/research/mast/env-ketujitu.pdf,https://www.env.go.jp/nature/choju/effort/effort12/ketujitu.pdf,2024-04-22,header 令和６年４月22日時点
岩手,Iwate,ミズナラ,mizunara,2022,R4,flowering,－,－,no_data,,,2024-04-22,2,2022-09-07=―,,pdfplumber extract_tables,data-pipeline/raw/research/mast/env-ketujitu.pdf,https://www.env.go.jp/nature/choju/effort/effort12/ketujitu.pdf,2024-04-22,header 令和６年４月22日時点
岩手,Iwate,コナラ,konara,2022,R4,flowering,－,－,no_data,,,2024-04-22,2,2022-09-07=―,,pdfplumber extract_tables,data-pipeline/raw/research/mast/env-ketujitu.pdf,https://www.env.go.jp/nature/choju/effort/effort12/ketujitu.pdf,2024-04-22,header 令和６年４月22日時点
宮城,Miyagi,ブナ,buna,2022,R4,flowering,－,－,no_data,,,2024-04-22,2,2022-09-07=―,,pdfplumber extract_tables,data-pipeline/raw/research/mast/env-ketujitu.pdf,https://www.env.go.jp/nature/choju/effort/effort12/ketujitu.pdf,2024-04-22,header 令和６年４月22日時点
宮城,Miyagi,ミズナラ,mizunara,2022,R4,flowering,－,－,no_data,,,2024-04-22,2,2022-09-07=―,,pdfplumber extract_tables,data-pipeline/raw/research/mast/env-ketujitu.pdf,https://www.env.go.jp/nature/choju/effort/effort12/ketujitu.pdf,2024-04-22,header 令和６年４月22日時点
宮城,Miyagi,コナラ,konara,2022,R4,flowering,－,－,no_data,,,2024-04-22,2,2022-09-07=―,,pdfplumber extract_tables,data-pipeline/raw/research/mast/env-ketujitu.pdf,https://www.env.go.jp/nature/choju/effort/effort12/ketujitu.pdf,2024-04-22,header 令和６年４月22日時点
秋田,Akita,ブナ,buna,2022,R4,flowering,豊作,豊作,value,豊作,exact; 大豊作 counted as 豊作,2024-04-22,2,,東北森林管理署による調査+県林業研究研修センターによる調査,pdfplumber extract_tables,data-pipeline/raw/research/mast/env-ketujitu.pdf,https://www.env.go.jp/nature/choju/effort/effort12/ketujitu.pdf,2024-04-22,header 令和６年４月22日時点
秋田,Akita,ミズナラ,mizunara,2022,R4,flowering,－,－,no_data,,,2024-04-22,2,2022-09-07=―,東北森林管理署による調査+県林業研究研修センターによる調査,pdfplumber extract_tables,data-pipeline/raw/research/mast/env-ketujitu.pdf,https://www.env.go.jp/nature/choju/effort/effort12/ketujitu.pdf,2024-04-22,header 令和６年４月22日時点
秋田,Akita,コナラ,konara,2022,R4,flowering,－,－,no_data,,,2024-04-22,2,2022-09-07=―,東北森林管理署による調査+県林業研究研修センターによる調査,pdfplumber extract_tables,data-pipeline/raw/research/mast/env-ketujitu.pdf,https://www.env.go.jp/nature/choju/effort/effort12/ketujitu.pdf,2024-04-22,header 令和６年４月22日時点
山形,Yamagata,ブナ,buna,2022,R4,flowering,凶作～豊作,凶作～豊作,value,並作,MoE rule 凶作～並作/凶作～豊作/不作～並作→並作,2024-04-22,2,2022-09-07=調査中,,pdfplumber extract_tables,data-pipeline/raw/research/mast/env-ketujitu.pdf,https://www.env.go.jp/nature/choju/effort/effort12/ketujitu.pdf,2024-04-22,header 令和６年４月22日時点
山形,Yamagata,ミズナラ,mizunara,2022,R4,flowering,－,－,no_data,,,2024-04-22,2,2022-09-07=調査中,,pdfplumber extract_tables,data-pipeline/raw/research/mast/env-ketujitu.pdf,https://www.env.go.jp/nature/choju/effort/effort12/ketujitu.pdf,2024-04-22,header 令和６年４月22日時点
山形,Yamagata,コナラ,konara,2022,R4,flowering,－,－,no_data,,,2024-04-22,2,2022-09-07=調査中,,pdfplumber extract_tables,data-pipeline/raw/research/mast/env-ketujitu.pdf,https://www.env.go.jp/nature/choju/effort/effort12/ketujitu.pdf,2024-04-22,header 令和６年４月22日時点
福島,Fukushima,ブナ,buna,2022,R4,flowering,豊作,豊作,value,豊作,exact; 大豊作 counted as 豊作,2024-04-22,2,,,pdfplumber extract_tables,data-pipeline/raw/research/mast/env-ketujitu.pdf,https://www.env.go.jp/nature/choju/effort/effort12/ketujitu.pdf,2024-04-22,header 令和６年４月22日時点
福島,Fukushima,ミズナラ,mizunara,2022,R4,flowering,豊作,豊作,value,豊作,exact; 大豊作 counted as 豊作,2024-04-22,2,,,pdfplumber extract_tables,data-pipeline/raw/research/mast/env-ketujitu.pdf,https://www.env.go.jp/nature/choju/effort/effort12/ketujitu.pdf,2024-04-22,header 令和６年４月22日時点
福島,Fukushima,コナラ,konara,2022,R4,flowering,大豊作,大豊作,value,豊作,exact; 大豊作 counted as 豊作,2024-04-22,2,,,pdfplumber extract_tables,data-pipeline/raw/research/mast/env-ketujitu.pdf,https://www.env.go.jp/nature/choju/effort/effort12/ketujitu.pdf,2024-04-22,header 令和６年４月22日時点
栃木,Tochigi,ブナ,buna,2022,R4,flowering,並作～豊作,並作～豊作,value,豊作,MoE rule 並作～豊作→豊作,2024-04-22,2,,ブナ：開花状況調査に基づく予測値,pdfplumber extract_tables,data-pipeline/raw/research/mast/env-ketujitu.pdf,https://www.env.go.jp/nature/choju/effort/effort12/ketujitu.pdf,2024-04-22,header 令和６年４月22日時点
栃木,Tochigi,ミズナラ,mizunara,2022,R4,flowering,－,－,no_data,,,2024-04-22,2,2022-09-07=―,ブナ：開花状況調査に基づく予測値,pdfplumber extract_tables,data-pipeline/raw/research/mast/env-ketujitu.pdf,https://www.env.go.jp/nature/choju/effort/effort12/ketujitu.pdf,2024-04-22,header 令和６年４月22日時点
栃木,Tochigi,コナラ,konara,2022,R4,flowering,－,－,no_data,,,2024-04-22,2,2022-09-07=―,ブナ：開花状況調査に基づく予測値,pdfplumber extract_tables,data-pipeline/raw/research/mast/env-ketujitu.pdf,https://www.env.go.jp/nature/choju/effort/effort12/ketujitu.pdf,2024-04-22,header 令和６年４月22日時点
群馬,Gunma,ブナ,buna,2022,R4,flowering,－,－,no_data,,,2024-04-22,2,2022-09-07=―,,pdfplumber extract_tables,data-pipeline/raw/research/mast/env-ketujitu.pdf,https://www.env.go.jp/nature/choju/effort/effort12/ketujitu.pdf,2024-04-22,header 令和６年４月22日時点
群馬,Gunma,ミズナラ,mizunara,2022,R4,flowering,－,－,no_data,,,2024-04-22,2,2022-09-07=―,,pdfplumber extract_tables,data-pipeline/raw/research/mast/env-ketujitu.pdf,https://www.env.go.jp/nature/choju/effort/effort12/ketujitu.pdf,2024-04-22,header 令和６年４月22日時点
群馬,Gunma,コナラ,konara,2022,R4,flowering,－,－,no_data,,,2024-04-22,2,2022-09-07=―,,pdfplumber extract_tables,data-pipeline/raw/research/mast/env-ketujitu.pdf,https://www.env.go.jp/nature/choju/effort/effort12/ketujitu.pdf,2024-04-22,header 令和６年４月22日時点
埼玉,Saitama,ブナ,buna,2022,R4,flowering,－,－,no_data,,,2024-04-22,2,2022-09-07=―,,pdfplumber extract_tables,data-pipeline/raw/research/mast/env-ketujitu.pdf,https://www.env.go.jp/nature/choju/effort/effort12/ketujitu.pdf,2024-04-22,header 令和６年４月22日時点
埼玉,Saitama,ミズナラ,mizunara,2022,R4,flowering,－,－,no_data,,,2024-04-22,2,2022-09-07=―,,pdfplumber extract_tables,data-pipeline/raw/research/mast/env-ketujitu.pdf,https://www.env.go.jp/nature/choju/effort/effort12/ketujitu.pdf,2024-04-22,header 令和６年４月22日時点
埼玉,Saitama,コナラ,konara,2022,R4,flowering,－,－,no_data,,,2024-04-22,2,2022-09-07=―,,pdfplumber extract_tables,data-pipeline/raw/research/mast/env-ketujitu.pdf,https://www.env.go.jp/nature/choju/effort/effort12/ketujitu.pdf,2024-04-22,header 令和６年４月22日時点
東京,Tokyo,ブナ,buna,2022,R4,flowering,凶作～豊作,凶作～豊作,value,並作,MoE rule 凶作～並作/凶作～豊作/不作～並作→並作,2024-04-22,2,,,pdfplumber extract_tables,data-pipeline/raw/research/mast/env-ketujitu.pdf,https://www.env.go.jp/nature/choju/effort/effort12/ketujitu.pdf,2024-04-22,header 令和６年４月22日時点
東京,Tokyo,ミズナラ,mizunara,2022,R4,flowering,不作～豊作,不作～豊作,value,並作,range spanning buckets→並作 (by analogy with MoE rule),2024-04-22,2,,,pdfplumber extract_tables,data-pipeline/raw/research/mast/env-ketujitu.pdf,https://www.env.go.jp/nature/choju/effort/effort12/ketujitu.pdf,2024-04-22,header 令和６年４月22日時点
東京,Tokyo,コナラ,konara,2022,R4,flowering,不作～豊作,不作～豊作,value,並作,range spanning buckets→並作 (by analogy with MoE rule),2024-04-22,2,,,pdfplumber extract_tables,data-pipeline/raw/research/mast/env-ketujitu.pdf,https://www.env.go.jp/nature/choju/effort/effort12/ketujitu.pdf,2024-04-22,header 令和６年４月22日時点
神奈川,Kanagawa,ブナ,buna,2022,R4,flowering,大豊作,大豊作,value,豊作,exact; 大豊作 counted as 豊作,2024-04-22,2,,,pdfplumber extract_tables,data-pipeline/raw/research/mast/env-ketujitu.pdf,https://www.env.go.jp/nature/choju/effort/effort12/ketujitu.pdf,2024-04-22,header 令和６年４月22日時点
神奈川,Kanagawa,ミズナラ,mizunara,2022,R4,flowering,凶作,凶作,value,凶作,exact; 不作/やや凶作 counted as 凶作 (MoE rule),2024-04-22,2,,,pdfplumber extract_tables,data-pipeline/raw/research/mast/env-ketujitu.pdf,https://www.env.go.jp/nature/choju/effort/effort12/ketujitu.pdf,2024-04-22,header 令和６年４月22日時点
神奈川,Kanagawa,コナラ,konara,2022,R4,flowering,並作,並作,value,並作,exact; 並上/並下 are 並作 sub-grades,2024-04-22,2,,,pdfplumber extract_tables,data-pipeline/raw/research/mast/env-ketujitu.pdf,https://www.env.go.jp/nature/choju/effort/effort12/ketujitu.pdf,2024-04-22,header 令和６年４月22日時点
新潟,Niigata,ブナ,buna,2022,R4,flowering,－,－,no_data,,,2024-04-22,2,2022-09-07=―,,pdfplumber extract_tables,data-pipeline/raw/research/mast/env-ketujitu.pdf,https://www.env.go.jp/nature/choju/effort/effort12/ketujitu.pdf,2024-04-22,header 令和６年４月22日時点
新潟,Niigata,ミズナラ,mizunara,2022,R4,flowering,－,－,no_data,,,2024-04-22,2,2022-09-07=―,,pdfplumber extract_tables,data-pipeline/raw/research/mast/env-ketujitu.pdf,https://www.env.go.jp/nature/choju/effort/effort12/ketujitu.pdf,2024-04-22,header 令和６年４月22日時点
新潟,Niigata,コナラ,konara,2022,R4,flowering,－,－,no_data,,,2024-04-22,2,2022-09-07=―,,pdfplumber extract_tables,data-pipeline/raw/research/mast/env-ketujitu.pdf,https://www.env.go.jp/nature/choju/effort/effort12/ketujitu.pdf,2024-04-22,header 令和６年４月22日時点
富山,Toyama,ブナ,buna,2022,R4,flowering,凶作～不作,凶作～不作,value,凶作,range within 凶作/不作 bucket,2024-04-22,2,,,pdfplumber extract_tables,data-pipeline/raw/research/mast/env-ketujitu.pdf,https://www.env.go.jp/nature/choju/effort/effort12/ketujitu.pdf,2024-04-22,header 令和６年４月22日時点
富山,Toyama,ミズナラ,mizunara,2022,R4,flowering,-,-,no_data,,,2024-04-22,2,2022-09-07=調査中,,pdfplumber extract_tables,data-pipeline/raw/research/mast/env-ketujitu.pdf,https://www.env.go.jp/nature/choju/effort/effort12/ketujitu.pdf,2024-04-22,header 令和６年４月22日時点
富山,Toyama,コナラ,konara,2022,R4,flowering,-,-,no_data,,,2024-04-22,2,2022-09-07=調査中,,pdfplumber extract_tables,data-pipeline/raw/research/mast/env-ketujitu.pdf,https://www.env.go.jp/nature/choju/effort/effort12/ketujitu.pdf,2024-04-22,header 令和６年４月22日時点
石川,Ishikawa,ブナ,buna,2022,R4,flowering,凶作,凶作,value,凶作,exact; 不作/やや凶作 counted as 凶作 (MoE rule),2024-04-22,2,,,pdfplumber extract_tables,data-pipeline/raw/research/mast/env-ketujitu.pdf,https://www.env.go.jp/nature/choju/effort/effort12/ketujitu.pdf,2024-04-22,header 令和６年４月22日時点
石川,Ishikawa,ミズナラ,mizunara,2022,R4,flowering,大豊作,大豊作,value,豊作,exact; 大豊作 counted as 豊作,2024-04-22,2,,,pdfplumber extract_tables,data-pipeline/raw/research/mast/env-ketujitu.pdf,https://www.env.go.jp/nature/choju/effort/effort12/ketujitu.pdf,2024-04-22,header 令和６年４月22日時点
石川,Ishikawa,コナラ,konara,2022,R4,flowering,並作,並作,value,並作,exact; 並上/並下 are 並作 sub-grades,2024-04-22,2,,,pdfplumber extract_tables,data-pipeline/raw/research/mast/env-ketujitu.pdf,https://www.env.go.jp/nature/choju/effort/effort12/ketujitu.pdf,2024-04-22,header 令和６年４月22日時点
福井,Fukui,ブナ,buna,2022,R4,flowering,－,－,no_data,,,2024-04-22,2,2022-09-07=―,,pdfplumber extract_tables,data-pipeline/raw/research/mast/env-ketujitu.pdf,https://www.env.go.jp/nature/choju/effort/effort12/ketujitu.pdf,2024-04-22,header 令和６年４月22日時点
福井,Fukui,ミズナラ,mizunara,2022,R4,flowering,－,－,no_data,,,2024-04-22,2,2022-09-07=―,,pdfplumber extract_tables,data-pipeline/raw/research/mast/env-ketujitu.pdf,https://www.env.go.jp/nature/choju/effort/effort12/ketujitu.pdf,2024-04-22,header 令和６年４月22日時点
福井,Fukui,コナラ,konara,2022,R4,flowering,－,－,no_data,,,2024-04-22,2,2022-09-07=―,,pdfplumber extract_tables,data-pipeline/raw/research/mast/env-ketujitu.pdf,https://www.env.go.jp/nature/choju/effort/effort12/ketujitu.pdf,2024-04-22,header 令和６年４月22日時点
山梨,Yamanashi,ブナ,buna,2022,R4,flowering,並作,並作,value,並作,exact; 並上/並下 are 並作 sub-grades,2024-04-22,2,,,pdfplumber extract_tables,data-pipeline/raw/research/mast/env-ketujitu.pdf,https://www.env.go.jp/nature/choju/effort/effort12/ketujitu.pdf,2024-04-22,header 令和６年４月22日時点
山梨,Yamanashi,ミズナラ,mizunara,2022,R4,flowering,並作,並作,value,並作,exact; 並上/並下 are 並作 sub-grades,2024-04-22,2,,,pdfplumber extract_tables,data-pipeline/raw/research/mast/env-ketujitu.pdf,https://www.env.go.jp/nature/choju/effort/effort12/ketujitu.pdf,2024-04-22,header 令和６年４月22日時点
山梨,Yamanashi,コナラ,konara,2022,R4,flowering,並作,並作,value,並作,exact; 並上/並下 are 並作 sub-grades,2024-04-22,2,,,pdfplumber extract_tables,data-pipeline/raw/research/mast/env-ketujitu.pdf,https://www.env.go.jp/nature/choju/effort/effort12/ketujitu.pdf,2024-04-22,header 令和６年４月22日時点
長野,Nagano,ブナ,buna,2022,R4,flowering,－,－,no_data,,,2024-04-22,2,2022-09-07=―,,pdfplumber extract_tables,data-pipeline/raw/research/mast/env-ketujitu.pdf,https://www.env.go.jp/nature/choju/effort/effort12/ketujitu.pdf,2024-04-22,header 令和６年４月22日時点
長野,Nagano,ミズナラ,mizunara,2022,R4,flowering,－,－,no_data,,,2024-04-22,2,2022-09-07=―,,pdfplumber extract_tables,data-pipeline/raw/research/mast/env-ketujitu.pdf,https://www.env.go.jp/nature/choju/effort/effort12/ketujitu.pdf,2024-04-22,header 令和６年４月22日時点
長野,Nagano,コナラ,konara,2022,R4,flowering,－,－,no_data,,,2024-04-22,2,2022-09-07=―,,pdfplumber extract_tables,data-pipeline/raw/research/mast/env-ketujitu.pdf,https://www.env.go.jp/nature/choju/effort/effort12/ketujitu.pdf,2024-04-22,header 令和６年４月22日時点
岐阜,Gifu,ブナ,buna,2022,R4,flowering,－,－,no_data,,,2024-04-22,2,2022-09-07=―,,pdfplumber extract_tables,data-pipeline/raw/research/mast/env-ketujitu.pdf,https://www.env.go.jp/nature/choju/effort/effort12/ketujitu.pdf,2024-04-22,header 令和６年４月22日時点
岐阜,Gifu,ミズナラ,mizunara,2022,R4,flowering,－,－,no_data,,,2024-04-22,2,2022-09-07=―,,pdfplumber extract_tables,data-pipeline/raw/research/mast/env-ketujitu.pdf,https://www.env.go.jp/nature/choju/effort/effort12/ketujitu.pdf,2024-04-22,header 令和６年４月22日時点
岐阜,Gifu,コナラ,konara,2022,R4,flowering,－,－,no_data,,,2024-04-22,2,2022-09-07=―,,pdfplumber extract_tables,data-pipeline/raw/research/mast/env-ketujitu.pdf,https://www.env.go.jp/nature/choju/effort/effort12/ketujitu.pdf,2024-04-22,header 令和６年４月22日時点
静岡,Shizuoka,ブナ,buna,2022,R4,flowering,－,－,no_data,,,2024-04-22,2,2022-09-07=調査未実施,,pdfplumber extract_tables,data-pipeline/raw/research/mast/env-ketujitu.pdf,https://www.env.go.jp/nature/choju/effort/effort12/ketujitu.pdf,2024-04-22,header 令和６年４月22日時点
静岡,Shizuoka,ミズナラ,mizunara,2022,R4,flowering,－,－,no_data,,,2024-04-22,2,2022-09-07=調査未実施,,pdfplumber extract_tables,data-pipeline/raw/research/mast/env-ketujitu.pdf,https://www.env.go.jp/nature/choju/effort/effort12/ketujitu.pdf,2024-04-22,header 令和６年４月22日時点
静岡,Shizuoka,コナラ,konara,2022,R4,flowering,－,－,no_data,,,2024-04-22,2,2022-09-07=調査未実施,,pdfplumber extract_tables,data-pipeline/raw/research/mast/env-ketujitu.pdf,https://www.env.go.jp/nature/choju/effort/effort12/ketujitu.pdf,2024-04-22,header 令和６年４月22日時点
愛知,Aichi,ブナ,buna,2022,R4,flowering,－,－,no_data,,,2024-04-22,2,2022-09-07=―,,pdfplumber extract_tables,data-pipeline/raw/research/mast/env-ketujitu.pdf,https://www.env.go.jp/nature/choju/effort/effort12/ketujitu.pdf,2024-04-22,header 令和６年４月22日時点
愛知,Aichi,ミズナラ,mizunara,2022,R4,flowering,－,－,no_data,,,2024-04-22,2,2022-09-07=―,,pdfplumber extract_tables,data-pipeline/raw/research/mast/env-ketujitu.pdf,https://www.env.go.jp/nature/choju/effort/effort12/ketujitu.pdf,2024-04-22,header 令和６年４月22日時点
愛知,Aichi,コナラ,konara,2022,R4,flowering,－,－,no_data,,,2024-04-22,2,2022-09-07=―,,pdfplumber extract_tables,data-pipeline/raw/research/mast/env-ketujitu.pdf,https://www.env.go.jp/nature/choju/effort/effort12/ketujitu.pdf,2024-04-22,header 令和６年４月22日時点
三重,Mie,ブナ,buna,2022,R4,flowering,－,－,no_data,,,2024-04-22,2,2022-09-07=―,,pdfplumber extract_tables,data-pipeline/raw/research/mast/env-ketujitu.pdf,https://www.env.go.jp/nature/choju/effort/effort12/ketujitu.pdf,2024-04-22,header 令和６年４月22日時点
三重,Mie,ミズナラ,mizunara,2022,R4,flowering,－,－,no_data,,,2024-04-22,2,2022-09-07=―,,pdfplumber extract_tables,data-pipeline/raw/research/mast/env-ketujitu.pdf,https://www.env.go.jp/nature/choju/effort/effort12/ketujitu.pdf,2024-04-22,header 令和６年４月22日時点
三重,Mie,コナラ,konara,2022,R4,flowering,－,－,no_data,,,2024-04-22,2,2022-09-07=―,,pdfplumber extract_tables,data-pipeline/raw/research/mast/env-ketujitu.pdf,https://www.env.go.jp/nature/choju/effort/effort12/ketujitu.pdf,2024-04-22,header 令和６年４月22日時点
滋賀,Shiga,ブナ,buna,2022,R4,flowering,－,－,no_data,,,2024-04-22,2,2022-09-07=―,,pdfplumber extract_tables,data-pipeline/raw/research/mast/env-ketujitu.pdf,https://www.env.go.jp/nature/choju/effort/effort12/ketujitu.pdf,2024-04-22,header 令和６年４月22日時点
滋賀,Shiga,ミズナラ,mizunara,2022,R4,flowering,－,－,no_data,,,2024-04-22,2,2022-09-07=―,,pdfplumber extract_tables,data-pipeline/raw/research/mast/env-ketujitu.pdf,https://www.env.go.jp/nature/choju/effort/effort12/ketujitu.pdf,2024-04-22,header 令和６年４月22日時点
滋賀,Shiga,コナラ,konara,2022,R4,flowering,－,－,no_data,,,2024-04-22,2,2022-09-07=―,,pdfplumber extract_tables,data-pipeline/raw/research/mast/env-ketujitu.pdf,https://www.env.go.jp/nature/choju/effort/effort12/ketujitu.pdf,2024-04-22,header 令和６年４月22日時点
京都,Kyoto,ブナ,buna,2022,R4,flowering,－,－,no_data,,,2024-04-22,2,2022-09-07=―,,pdfplumber extract_tables,data-pipeline/raw/research/mast/env-ketujitu.pdf,https://www.env.go.jp/nature/choju/effort/effort12/ketujitu.pdf,2024-04-22,header 令和６年４月22日時点
京都,Kyoto,ミズナラ,mizunara,2022,R4,flowering,－,－,no_data,,,2024-04-22,2,2022-09-07=―,,pdfplumber extract_tables,data-pipeline/raw/research/mast/env-ketujitu.pdf,https://www.env.go.jp/nature/choju/effort/effort12/ketujitu.pdf,2024-04-22,header 令和６年４月22日時点
京都,Kyoto,コナラ,konara,2022,R4,flowering,－,－,no_data,,,2024-04-22,2,2022-09-07=―,,pdfplumber extract_tables,data-pipeline/raw/research/mast/env-ketujitu.pdf,https://www.env.go.jp/nature/choju/effort/effort12/ketujitu.pdf,2024-04-22,header 令和６年４月22日時点
大阪,Osaka,ブナ,buna,2022,R4,flowering,－,－,no_data,,,2024-04-22,2,2022-09-07=―,,pdfplumber extract_tables,data-pipeline/raw/research/mast/env-ketujitu.pdf,https://www.env.go.jp/nature/choju/effort/effort12/ketujitu.pdf,2024-04-22,header 令和６年４月22日時点
大阪,Osaka,ミズナラ,mizunara,2022,R4,flowering,－,－,no_data,,,2024-04-22,2,2022-09-07=―,,pdfplumber extract_tables,data-pipeline/raw/research/mast/env-ketujitu.pdf,https://www.env.go.jp/nature/choju/effort/effort12/ketujitu.pdf,2024-04-22,header 令和６年４月22日時点
大阪,Osaka,コナラ,konara,2022,R4,flowering,－,－,no_data,,,2024-04-22,2,2022-09-07=―,,pdfplumber extract_tables,data-pipeline/raw/research/mast/env-ketujitu.pdf,https://www.env.go.jp/nature/choju/effort/effort12/ketujitu.pdf,2024-04-22,header 令和６年４月22日時点
兵庫,Hyogo,ブナ,buna,2022,R4,flowering,並作,並作,value,並作,exact; 並上/並下 are 並作 sub-grades,2024-04-22,2,,,pdfplumber extract_tables,data-pipeline/raw/research/mast/env-ketujitu.pdf,https://www.env.go.jp/nature/choju/effort/effort12/ketujitu.pdf,2024-04-22,header 令和６年４月22日時点
兵庫,Hyogo,ミズナラ,mizunara,2022,R4,flowering,並作,並作,value,並作,exact; 並上/並下 are 並作 sub-grades,2024-04-22,2,,,pdfplumber extract_tables,data-pipeline/raw/research/mast/env-ketujitu.pdf,https://www.env.go.jp/nature/choju/effort/effort12/ketujitu.pdf,2024-04-22,header 令和６年４月22日時点
兵庫,Hyogo,コナラ,konara,2022,R4,flowering,並作,並作,value,並作,exact; 並上/並下 are 並作 sub-grades,2024-04-22,2,,,pdfplumber extract_tables,data-pipeline/raw/research/mast/env-ketujitu.pdf,https://www.env.go.jp/nature/choju/effort/effort12/ketujitu.pdf,2024-04-22,header 令和６年４月22日時点
奈良,Nara,ブナ,buna,2022,R4,flowering,－,－,no_data,,,2024-04-22,2,2022-09-07=調査中,,pdfplumber extract_tables,data-pipeline/raw/research/mast/env-ketujitu.pdf,https://www.env.go.jp/nature/choju/effort/effort12/ketujitu.pdf,2024-04-22,header 令和６年４月22日時点
奈良,Nara,ミズナラ,mizunara,2022,R4,flowering,－,－,no_data,,,2024-04-22,2,2022-09-07=調査中,,pdfplumber extract_tables,data-pipeline/raw/research/mast/env-ketujitu.pdf,https://www.env.go.jp/nature/choju/effort/effort12/ketujitu.pdf,2024-04-22,header 令和６年４月22日時点
奈良,Nara,コナラ,konara,2022,R4,flowering,－,－,no_data,,,2024-04-22,2,2022-09-07=調査中,,pdfplumber extract_tables,data-pipeline/raw/research/mast/env-ketujitu.pdf,https://www.env.go.jp/nature/choju/effort/effort12/ketujitu.pdf,2024-04-22,header 令和６年４月22日時点
和歌山,Wakayama,ブナ,buna,2022,R4,flowering,－,－,no_data,,,2024-04-22,2,2022-09-07=―,,pdfplumber extract_tables,data-pipeline/raw/research/mast/env-ketujitu.pdf,https://www.env.go.jp/nature/choju/effort/effort12/ketujitu.pdf,2024-04-22,header 令和６年４月22日時点
和歌山,Wakayama,ミズナラ,mizunara,2022,R4,flowering,－,－,no_data,,,2024-04-22,2,2022-09-07=―,,pdfplumber extract_tables,data-pipeline/raw/research/mast/env-ketujitu.pdf,https://www.env.go.jp/nature/choju/effort/effort12/ketujitu.pdf,2024-04-22,header 令和６年４月22日時点
和歌山,Wakayama,コナラ,konara,2022,R4,flowering,－,－,no_data,,,2024-04-22,2,2022-09-07=―,,pdfplumber extract_tables,data-pipeline/raw/research/mast/env-ketujitu.pdf,https://www.env.go.jp/nature/choju/effort/effort12/ketujitu.pdf,2024-04-22,header 令和６年４月22日時点
鳥取,Tottori,ブナ,buna,2022,R4,flowering,並作（上）,並作（上）,value,並作,exact; 並上/並下 are 並作 sub-grades,2024-04-22,2,,,pdfplumber extract_tables,data-pipeline/raw/research/mast/env-ketujitu.pdf,https://www.env.go.jp/nature/choju/effort/effort12/ketujitu.pdf,2024-04-22,header 令和６年４月22日時点
鳥取,Tottori,ミズナラ,mizunara,2022,R4,flowering,並作（上）,並作（上）,value,並作,exact; 並上/並下 are 並作 sub-grades,2024-04-22,2,,,pdfplumber extract_tables,data-pipeline/raw/research/mast/env-ketujitu.pdf,https://www.env.go.jp/nature/choju/effort/effort12/ketujitu.pdf,2024-04-22,header 令和６年４月22日時点
鳥取,Tottori,コナラ,konara,2022,R4,flowering,並作（上）,並作（上）,value,並作,exact; 並上/並下 are 並作 sub-grades,2024-04-22,2,,,pdfplumber extract_tables,data-pipeline/raw/research/mast/env-ketujitu.pdf,https://www.env.go.jp/nature/choju/effort/effort12/ketujitu.pdf,2024-04-22,header 令和６年４月22日時点
島根,Shimane,ブナ,buna,2022,R4,flowering,－,－,no_data,,,2024-04-22,2,2022-09-07=―,※コナラについては県内でも豊作～凶作で地域差がある,pdfplumber extract_tables,data-pipeline/raw/research/mast/env-ketujitu.pdf,https://www.env.go.jp/nature/choju/effort/effort12/ketujitu.pdf,2024-04-22,header 令和６年４月22日時点
島根,Shimane,ミズナラ,mizunara,2022,R4,flowering,－,－,no_data,,,2024-04-22,2,2022-09-07=―,※コナラについては県内でも豊作～凶作で地域差がある,pdfplumber extract_tables,data-pipeline/raw/research/mast/env-ketujitu.pdf,https://www.env.go.jp/nature/choju/effort/effort12/ketujitu.pdf,2024-04-22,header 令和６年４月22日時点
島根,Shimane,コナラ,konara,2022,R4,flowering,－,－,no_data,,,2024-04-22,2,2022-09-07=―,※コナラについては県内でも豊作～凶作で地域差がある,pdfplumber extract_tables,data-pipeline/raw/research/mast/env-ketujitu.pdf,https://www.env.go.jp/nature/choju/effort/effort12/ketujitu.pdf,2024-04-22,header 令和６年４月22日時点
岡山,Okayama,ブナ,buna,2022,R4,flowering,－,－,no_data,,,2024-04-22,2,2022-09-07=―,,pdfplumber extract_tables,data-pipeline/raw/research/mast/env-ketujitu.pdf,https://www.env.go.jp/nature/choju/effort/effort12/ketujitu.pdf,2024-04-22,header 令和６年４月22日時点
岡山,Okayama,ミズナラ,mizunara,2022,R4,flowering,－,－,no_data,,,2024-04-22,2,2022-09-07=―,,pdfplumber extract_tables,data-pipeline/raw/research/mast/env-ketujitu.pdf,https://www.env.go.jp/nature/choju/effort/effort12/ketujitu.pdf,2024-04-22,header 令和６年４月22日時点
岡山,Okayama,コナラ,konara,2022,R4,flowering,－,－,no_data,,,2024-04-22,2,2022-09-07=―,,pdfplumber extract_tables,data-pipeline/raw/research/mast/env-ketujitu.pdf,https://www.env.go.jp/nature/choju/effort/effort12/ketujitu.pdf,2024-04-22,header 令和６年４月22日時点
広島,Hiroshima,ブナ,buna,2022,R4,flowering,－,－,no_data,,,2024-04-22,2,2022-09-07=調査未実施,,pdfplumber extract_tables,data-pipeline/raw/research/mast/env-ketujitu.pdf,https://www.env.go.jp/nature/choju/effort/effort12/ketujitu.pdf,2024-04-22,header 令和６年４月22日時点
広島,Hiroshima,ミズナラ,mizunara,2022,R4,flowering,－,－,no_data,,,2024-04-22,2,2022-09-07=調査未実施,,pdfplumber extract_tables,data-pipeline/raw/research/mast/env-ketujitu.pdf,https://www.env.go.jp/nature/choju/effort/effort12/ketujitu.pdf,2024-04-22,header 令和６年４月22日時点
広島,Hiroshima,コナラ,konara,2022,R4,flowering,－,－,no_data,,,2024-04-22,2,2022-09-07=調査未実施,,pdfplumber extract_tables,data-pipeline/raw/research/mast/env-ketujitu.pdf,https://www.env.go.jp/nature/choju/effort/effort12/ketujitu.pdf,2024-04-22,header 令和６年４月22日時点
山口,Yamaguchi,ブナ,buna,2022,R4,flowering,－,－,no_data,,,2024-04-22,2,2022-09-07=―,,pdfplumber extract_tables,data-pipeline/raw/research/mast/env-ketujitu.pdf,https://www.env.go.jp/nature/choju/effort/effort12/ketujitu.pdf,2024-04-22,header 令和６年４月22日時点
山口,Yamaguchi,ミズナラ,mizunara,2022,R4,flowering,－,－,no_data,,,2024-04-22,2,2022-09-07=―,,pdfplumber extract_tables,data-pipeline/raw/research/mast/env-ketujitu.pdf,https://www.env.go.jp/nature/choju/effort/effort12/ketujitu.pdf,2024-04-22,header 令和６年４月22日時点
山口,Yamaguchi,コナラ,konara,2022,R4,flowering,－,－,no_data,,,2024-04-22,2,2022-09-07=―,,pdfplumber extract_tables,data-pipeline/raw/research/mast/env-ketujitu.pdf,https://www.env.go.jp/nature/choju/effort/effort12/ketujitu.pdf,2024-04-22,header 令和６年４月22日時点
北海道,Hokkaido,ブナ,buna,2023,R5,fruiting,不作,不作,value,凶作,exact; 不作/やや凶作 counted as 凶作 (MoE rule),2024-04-22,1,,ブナについては道南地域のみ分布,pdfplumber extract_tables,data-pipeline/raw/research/mast/env-ketujitu.pdf,https://www.env.go.jp/nature/choju/effort/effort12/ketujitu.pdf,2024-04-22,header 令和６年４月22日時点
北海道,Hokkaido,ミズナラ,mizunara,2023,R5,fruiting,不作,不作,value,凶作,exact; 不作/やや凶作 counted as 凶作 (MoE rule),2024-04-22,1,,ブナについては道南地域のみ分布,pdfplumber extract_tables,data-pipeline/raw/research/mast/env-ketujitu.pdf,https://www.env.go.jp/nature/choju/effort/effort12/ketujitu.pdf,2024-04-22,header 令和６年４月22日時点
北海道,Hokkaido,コナラ,konara,2023,R5,fruiting,-,-,no_data,,,2024-04-22,1,,ブナについては道南地域のみ分布,pdfplumber extract_tables,data-pipeline/raw/research/mast/env-ketujitu.pdf,https://www.env.go.jp/nature/choju/effort/effort12/ketujitu.pdf,2024-04-22,header 令和６年４月22日時点
青森,Aomori,ブナ,buna,2023,R5,fruiting,大凶作,大凶作,value,大凶作,exact,2024-04-22,1,,東北森林管理局実施,pdfplumber extract_tables,data-pipeline/raw/research/mast/env-ketujitu.pdf,https://www.env.go.jp/nature/choju/effort/effort12/ketujitu.pdf,2024-04-22,header 令和６年４月22日時点
青森,Aomori,ミズナラ,mizunara,2023,R5,fruiting,-,-,no_data,,,2024-04-22,1,,東北森林管理局実施,pdfplumber extract_tables,data-pipeline/raw/research/mast/env-ketujitu.pdf,https://www.env.go.jp/nature/choju/effort/effort12/ketujitu.pdf,2024-04-22,header 令和６年４月22日時点
青森,Aomori,コナラ,konara,2023,R5,fruiting,-,-,no_data,,,2024-04-22,1,,東北森林管理局実施,pdfplumber extract_tables,data-pipeline/raw/research/mast/env-ketujitu.pdf,https://www.env.go.jp/nature/choju/effort/effort12/ketujitu.pdf,2024-04-22,header 令和６年４月22日時点
岩手,Iwate,ブナ,buna,2023,R5,fruiting,不作,不作,value,凶作,exact; 不作/やや凶作 counted as 凶作 (MoE rule),2024-04-22,1,,,pdfplumber extract_tables,data-pipeline/raw/research/mast/env-ketujitu.pdf,https://www.env.go.jp/nature/choju/effort/effort12/ketujitu.pdf,2024-04-22,header 令和６年４月22日時点
岩手,Iwate,ミズナラ,mizunara,2023,R5,fruiting,凶作,凶作,value,凶作,exact; 不作/やや凶作 counted as 凶作 (MoE rule),2024-04-22,1,,,pdfplumber extract_tables,data-pipeline/raw/research/mast/env-ketujitu.pdf,https://www.env.go.jp/nature/choju/effort/effort12/ketujitu.pdf,2024-04-22,header 令和６年４月22日時点
岩手,Iwate,コナラ,konara,2023,R5,fruiting,凶作,凶作,value,凶作,exact; 不作/やや凶作 counted as 凶作 (MoE rule),2024-04-22,1,,,pdfplumber extract_tables,data-pipeline/raw/research/mast/env-ketujitu.pdf,https://www.env.go.jp/nature/choju/effort/effort12/ketujitu.pdf,2024-04-22,header 令和６年４月22日時点
宮城,Miyagi,ブナ,buna,2023,R5,fruiting,凶作,凶作,value,凶作,exact; 不作/やや凶作 counted as 凶作 (MoE rule),2024-04-22,1,,,pdfplumber extract_tables,data-pipeline/raw/research/mast/env-ketujitu.pdf,https://www.env.go.jp/nature/choju/effort/effort12/ketujitu.pdf,2024-04-22,header 令和６年４月22日時点
宮城,Miyagi,ミズナラ,mizunara,2023,R5,fruiting,凶作,凶作,value,凶作,exact; 不作/やや凶作 counted as 凶作 (MoE rule),2024-04-22,1,,,pdfplumber extract_tables,data-pipeline/raw/research/mast/env-ketujitu.pdf,https://www.env.go.jp/nature/choju/effort/effort12/ketujitu.pdf,2024-04-22,header 令和６年４月22日時点
宮城,Miyagi,コナラ,konara,2023,R5,fruiting,-,-,no_data,,,2024-04-22,1,,,pdfplumber extract_tables,data-pipeline/raw/research/mast/env-ketujitu.pdf,https://www.env.go.jp/nature/choju/effort/effort12/ketujitu.pdf,2024-04-22,header 令和６年４月22日時点
秋田,Akita,ブナ,buna,2023,R5,fruiting,凶作,凶作,value,凶作,exact; 不作/やや凶作 counted as 凶作 (MoE rule),2024-04-22,1,,東北森林管理署による調査+県林業研究研修センターによる調査,pdfplumber extract_tables,data-pipeline/raw/research/mast/env-ketujitu.pdf,https://www.env.go.jp/nature/choju/effort/effort12/ketujitu.pdf,2024-04-22,header 令和６年４月22日時点
秋田,Akita,ミズナラ,mizunara,2023,R5,fruiting,凶作,凶作,value,凶作,exact; 不作/やや凶作 counted as 凶作 (MoE rule),2024-04-22,1,,東北森林管理署による調査+県林業研究研修センターによる調査,pdfplumber extract_tables,data-pipeline/raw/research/mast/env-ketujitu.pdf,https://www.env.go.jp/nature/choju/effort/effort12/ketujitu.pdf,2024-04-22,header 令和６年４月22日時点
秋田,Akita,コナラ,konara,2023,R5,fruiting,凶作,凶作,value,凶作,exact; 不作/やや凶作 counted as 凶作 (MoE rule),2024-04-22,1,,東北森林管理署による調査+県林業研究研修センターによる調査,pdfplumber extract_tables,data-pipeline/raw/research/mast/env-ketujitu.pdf,https://www.env.go.jp/nature/choju/effort/effort12/ketujitu.pdf,2024-04-22,header 令和６年４月22日時点
山形,Yamagata,ブナ,buna,2023,R5,fruiting,凶作,凶作,value,凶作,exact; 不作/やや凶作 counted as 凶作 (MoE rule),2024-04-22,1,,,pdfplumber extract_tables,data-pipeline/raw/research/mast/env-ketujitu.pdf,https://www.env.go.jp/nature/choju/effort/effort12/ketujitu.pdf,2024-04-22,header 令和６年４月22日時点
山形,Yamagata,ミズナラ,mizunara,2023,R5,fruiting,凶作～並作,凶作～並作,value,並作,MoE rule 凶作～並作/凶作～豊作/不作～並作→並作,2024-04-22,1,,,pdfplumber extract_tables,data-pipeline/raw/research/mast/env-ketujitu.pdf,https://www.env.go.jp/nature/choju/effort/effort12/ketujitu.pdf,2024-04-22,header 令和６年４月22日時点
山形,Yamagata,コナラ,konara,2023,R5,fruiting,凶作～並作,凶作～並作,value,並作,MoE rule 凶作～並作/凶作～豊作/不作～並作→並作,2024-04-22,1,,,pdfplumber extract_tables,data-pipeline/raw/research/mast/env-ketujitu.pdf,https://www.env.go.jp/nature/choju/effort/effort12/ketujitu.pdf,2024-04-22,header 令和６年４月22日時点
福島,Fukushima,ブナ,buna,2023,R5,fruiting,凶作,凶作,value,凶作,exact; 不作/やや凶作 counted as 凶作 (MoE rule),2024-04-22,1,,,pdfplumber extract_tables,data-pipeline/raw/research/mast/env-ketujitu.pdf,https://www.env.go.jp/nature/choju/effort/effort12/ketujitu.pdf,2024-04-22,header 令和６年４月22日時点
福島,Fukushima,ミズナラ,mizunara,2023,R5,fruiting,並作,並作,value,並作,exact; 並上/並下 are 並作 sub-grades,2024-04-22,1,,,pdfplumber extract_tables,data-pipeline/raw/research/mast/env-ketujitu.pdf,https://www.env.go.jp/nature/choju/effort/effort12/ketujitu.pdf,2024-04-22,header 令和６年４月22日時点
福島,Fukushima,コナラ,konara,2023,R5,fruiting,並作,並作,value,並作,exact; 並上/並下 are 並作 sub-grades,2024-04-22,1,,,pdfplumber extract_tables,data-pipeline/raw/research/mast/env-ketujitu.pdf,https://www.env.go.jp/nature/choju/effort/effort12/ketujitu.pdf,2024-04-22,header 令和６年４月22日時点
栃木,Tochigi,ブナ,buna,2023,R5,fruiting,凶作～並作,凶作～並作,value,並作,MoE rule 凶作～並作/凶作～豊作/不作～並作→並作,2024-04-22,1,,ブナ：開花状況調査に基づく予測値,pdfplumber extract_tables,data-pipeline/raw/research/mast/env-ketujitu.pdf,https://www.env.go.jp/nature/choju/effort/effort12/ketujitu.pdf,2024-04-22,header 令和６年４月22日時点
栃木,Tochigi,ミズナラ,mizunara,2023,R5,fruiting,凶作～並作,凶作～並作,value,並作,MoE rule 凶作～並作/凶作～豊作/不作～並作→並作,2024-04-22,1,,ブナ：開花状況調査に基づく予測値,pdfplumber extract_tables,data-pipeline/raw/research/mast/env-ketujitu.pdf,https://www.env.go.jp/nature/choju/effort/effort12/ketujitu.pdf,2024-04-22,header 令和６年４月22日時点
栃木,Tochigi,コナラ,konara,2023,R5,fruiting,不作～並作,不作～並作,value,並作,MoE rule 凶作～並作/凶作～豊作/不作～並作→並作,2024-04-22,1,,ブナ：開花状況調査に基づく予測値,pdfplumber extract_tables,data-pipeline/raw/research/mast/env-ketujitu.pdf,https://www.env.go.jp/nature/choju/effort/effort12/ketujitu.pdf,2024-04-22,header 令和６年４月22日時点
群馬,Gunma,ブナ,buna,2023,R5,fruiting,大凶作,大凶作,value,大凶作,exact,2024-04-22,1,,,pdfplumber extract_tables,data-pipeline/raw/research/mast/env-ketujitu.pdf,https://www.env.go.jp/nature/choju/effort/effort12/ketujitu.pdf,2024-04-22,header 令和６年４月22日時点
群馬,Gunma,ミズナラ,mizunara,2023,R5,fruiting,不作,不作,value,凶作,exact; 不作/やや凶作 counted as 凶作 (MoE rule),2024-04-22,1,,,pdfplumber extract_tables,data-pipeline/raw/research/mast/env-ketujitu.pdf,https://www.env.go.jp/nature/choju/effort/effort12/ketujitu.pdf,2024-04-22,header 令和６年４月22日時点
群馬,Gunma,コナラ,konara,2023,R5,fruiting,不作,不作,value,凶作,exact; 不作/やや凶作 counted as 凶作 (MoE rule),2024-04-22,1,,,pdfplumber extract_tables,data-pipeline/raw/research/mast/env-ketujitu.pdf,https://www.env.go.jp/nature/choju/effort/effort12/ketujitu.pdf,2024-04-22,header 令和６年４月22日時点
埼玉,Saitama,ブナ,buna,2023,R5,fruiting,－,－,no_data,,,2024-04-22,1,,,pdfplumber extract_tables,data-pipeline/raw/research/mast/env-ketujitu.pdf,https://www.env.go.jp/nature/choju/effort/effort12/ketujitu.pdf,2024-04-22,header 令和６年４月22日時点
埼玉,Saitama,ミズナラ,mizunara,2023,R5,fruiting,－,－,no_data,,,2024-04-22,1,,,pdfplumber extract_tables,data-pipeline/raw/research/mast/env-ketujitu.pdf,https://www.env.go.jp/nature/choju/effort/effort12/ketujitu.pdf,2024-04-22,header 令和６年４月22日時点
埼玉,Saitama,コナラ,konara,2023,R5,fruiting,－,－,no_data,,,2024-04-22,1,,,pdfplumber extract_tables,data-pipeline/raw/research/mast/env-ketujitu.pdf,https://www.env.go.jp/nature/choju/effort/effort12/ketujitu.pdf,2024-04-22,header 令和６年４月22日時点
東京,Tokyo,ブナ,buna,2023,R5,fruiting,凶作,凶作,value,凶作,exact; 不作/やや凶作 counted as 凶作 (MoE rule),2024-04-22,1,,,pdfplumber extract_tables,data-pipeline/raw/research/mast/env-ketujitu.pdf,https://www.env.go.jp/nature/choju/effort/effort12/ketujitu.pdf,2024-04-22,header 令和６年４月22日時点
東京,Tokyo,ミズナラ,mizunara,2023,R5,fruiting,凶作～並作,凶作～並作,value,並作,MoE rule 凶作～並作/凶作～豊作/不作～並作→並作,2024-04-22,1,,,pdfplumber extract_tables,data-pipeline/raw/research/mast/env-ketujitu.pdf,https://www.env.go.jp/nature/choju/effort/effort12/ketujitu.pdf,2024-04-22,header 令和６年４月22日時点
東京,Tokyo,コナラ,konara,2023,R5,fruiting,凶作～並作,凶作～並作,value,並作,MoE rule 凶作～並作/凶作～豊作/不作～並作→並作,2024-04-22,1,,,pdfplumber extract_tables,data-pipeline/raw/research/mast/env-ketujitu.pdf,https://www.env.go.jp/nature/choju/effort/effort12/ketujitu.pdf,2024-04-22,header 令和６年４月22日時点
神奈川,Kanagawa,ブナ,buna,2023,R5,fruiting,凶作,凶作,value,凶作,exact; 不作/やや凶作 counted as 凶作 (MoE rule),2024-04-22,1,,,pdfplumber extract_tables,data-pipeline/raw/research/mast/env-ketujitu.pdf,https://www.env.go.jp/nature/choju/effort/effort12/ketujitu.pdf,2024-04-22,header 令和６年４月22日時点
神奈川,Kanagawa,ミズナラ,mizunara,2023,R5,fruiting,凶作,凶作,value,凶作,exact; 不作/やや凶作 counted as 凶作 (MoE rule),2024-04-22,1,,,pdfplumber extract_tables,data-pipeline/raw/research/mast/env-ketujitu.pdf,https://www.env.go.jp/nature/choju/effort/effort12/ketujitu.pdf,2024-04-22,header 令和６年４月22日時点
神奈川,Kanagawa,コナラ,konara,2023,R5,fruiting,凶作～並作,凶作～並作,value,並作,MoE rule 凶作～並作/凶作～豊作/不作～並作→並作,2024-04-22,1,,,pdfplumber extract_tables,data-pipeline/raw/research/mast/env-ketujitu.pdf,https://www.env.go.jp/nature/choju/effort/effort12/ketujitu.pdf,2024-04-22,header 令和６年４月22日時点
新潟,Niigata,ブナ,buna,2023,R5,fruiting,凶作,凶作,value,凶作,exact; 不作/やや凶作 counted as 凶作 (MoE rule),2024-04-22,1,,,pdfplumber extract_tables,data-pipeline/raw/research/mast/env-ketujitu.pdf,https://www.env.go.jp/nature/choju/effort/effort12/ketujitu.pdf,2024-04-22,header 令和６年４月22日時点
新潟,Niigata,ミズナラ,mizunara,2023,R5,fruiting,不作,不作,value,凶作,exact; 不作/やや凶作 counted as 凶作 (MoE rule),2024-04-22,1,,,pdfplumber extract_tables,data-pipeline/raw/research/mast/env-ketujitu.pdf,https://www.env.go.jp/nature/choju/effort/effort12/ketujitu.pdf,2024-04-22,header 令和６年４月22日時点
新潟,Niigata,コナラ,konara,2023,R5,fruiting,不作,不作,value,凶作,exact; 不作/やや凶作 counted as 凶作 (MoE rule),2024-04-22,1,,,pdfplumber extract_tables,data-pipeline/raw/research/mast/env-ketujitu.pdf,https://www.env.go.jp/nature/choju/effort/effort12/ketujitu.pdf,2024-04-22,header 令和６年４月22日時点
富山,Toyama,ブナ,buna,2023,R5,fruiting,不作\n（東部：凶作、\n西部：不作）,不作 （東部：凶作、 西部：不作）,value,凶作,exact; 不作/やや凶作 counted as 凶作 (MoE rule),2024-04-22,1,,,pdfplumber extract_tables,data-pipeline/raw/research/mast/env-ketujitu.pdf,https://www.env.go.jp/nature/choju/effort/effort12/ketujitu.pdf,2024-04-22,header 令和６年４月22日時点
富山,Toyama,ミズナラ,mizunara,2023,R5,fruiting,不作\n（東部：不作、\n西部：不作）,不作 （東部：不作、 西部：不作）,value,凶作,exact; 不作/やや凶作 counted as 凶作 (MoE rule),2024-04-22,1,,,pdfplumber extract_tables,data-pipeline/raw/research/mast/env-ketujitu.pdf,https://www.env.go.jp/nature/choju/effort/effort12/ketujitu.pdf,2024-04-22,header 令和６年４月22日時点
富山,Toyama,コナラ,konara,2023,R5,fruiting,不作\n（東部：並作、\n西部：不作）,不作 （東部：並作、 西部：不作）,value,凶作,exact; 不作/やや凶作 counted as 凶作 (MoE rule),2024-04-22,1,,,pdfplumber extract_tables,data-pipeline/raw/research/mast/env-ketujitu.pdf,https://www.env.go.jp/nature/choju/effort/effort12/ketujitu.pdf,2024-04-22,header 令和６年４月22日時点
石川,Ishikawa,ブナ,buna,2023,R5,fruiting,並作,並作,value,並作,exact; 並上/並下 are 並作 sub-grades,2024-04-22,1,,,pdfplumber extract_tables,data-pipeline/raw/research/mast/env-ketujitu.pdf,https://www.env.go.jp/nature/choju/effort/effort12/ketujitu.pdf,2024-04-22,header 令和６年４月22日時点
石川,Ishikawa,ミズナラ,mizunara,2023,R5,fruiting,並作,並作,value,並作,exact; 並上/並下 are 並作 sub-grades,2024-04-22,1,,,pdfplumber extract_tables,data-pipeline/raw/research/mast/env-ketujitu.pdf,https://www.env.go.jp/nature/choju/effort/effort12/ketujitu.pdf,2024-04-22,header 令和６年４月22日時点
石川,Ishikawa,コナラ,konara,2023,R5,fruiting,並作,並作,value,並作,exact; 並上/並下 are 並作 sub-grades,2024-04-22,1,,,pdfplumber extract_tables,data-pipeline/raw/research/mast/env-ketujitu.pdf,https://www.env.go.jp/nature/choju/effort/effort12/ketujitu.pdf,2024-04-22,header 令和６年４月22日時点
福井,Fukui,ブナ,buna,2023,R5,fruiting,凶作,凶作,value,凶作,exact; 不作/やや凶作 counted as 凶作 (MoE rule),2024-04-22,1,,,pdfplumber extract_tables,data-pipeline/raw/research/mast/env-ketujitu.pdf,https://www.env.go.jp/nature/choju/effort/effort12/ketujitu.pdf,2024-04-22,header 令和６年４月22日時点
福井,Fukui,ミズナラ,mizunara,2023,R5,fruiting,不作,不作,value,凶作,exact; 不作/やや凶作 counted as 凶作 (MoE rule),2024-04-22,1,,,pdfplumber extract_tables,data-pipeline/raw/research/mast/env-ketujitu.pdf,https://www.env.go.jp/nature/choju/effort/effort12/ketujitu.pdf,2024-04-22,header 令和６年４月22日時点
福井,Fukui,コナラ,konara,2023,R5,fruiting,不作,不作,value,凶作,exact; 不作/やや凶作 counted as 凶作 (MoE rule),2024-04-22,1,,,pdfplumber extract_tables,data-pipeline/raw/research/mast/env-ketujitu.pdf,https://www.env.go.jp/nature/choju/effort/effort12/ketujitu.pdf,2024-04-22,header 令和６年４月22日時点
山梨,Yamanashi,ブナ,buna,2023,R5,fruiting,凶作,凶作,value,凶作,exact; 不作/やや凶作 counted as 凶作 (MoE rule),2024-04-22,1,,,pdfplumber extract_tables,data-pipeline/raw/research/mast/env-ketujitu.pdf,https://www.env.go.jp/nature/choju/effort/effort12/ketujitu.pdf,2024-04-22,header 令和６年４月22日時点
山梨,Yamanashi,ミズナラ,mizunara,2023,R5,fruiting,並作,並作,value,並作,exact; 並上/並下 are 並作 sub-grades,2024-04-22,1,,,pdfplumber extract_tables,data-pipeline/raw/research/mast/env-ketujitu.pdf,https://www.env.go.jp/nature/choju/effort/effort12/ketujitu.pdf,2024-04-22,header 令和６年４月22日時点
山梨,Yamanashi,コナラ,konara,2023,R5,fruiting,並作,並作,value,並作,exact; 並上/並下 are 並作 sub-grades,2024-04-22,1,,,pdfplumber extract_tables,data-pipeline/raw/research/mast/env-ketujitu.pdf,https://www.env.go.jp/nature/choju/effort/effort12/ketujitu.pdf,2024-04-22,header 令和６年４月22日時点
長野,Nagano,ブナ,buna,2023,R5,fruiting,凶作（大凶作\n～並作下）,凶作（大凶作～並作下）,value,凶作,headline before parenthesis,2024-04-22,1,,,pdfplumber extract_tables,data-pipeline/raw/research/mast/env-ketujitu.pdf,https://www.env.go.jp/nature/choju/effort/effort12/ketujitu.pdf,2024-04-22,header 令和６年４月22日時点
長野,Nagano,ミズナラ,mizunara,2023,R5,fruiting,並作下（凶作\n～並作上）,並作下（凶作～並作上）,value,並作,headline before parenthesis,2024-04-22,1,,,pdfplumber extract_tables,data-pipeline/raw/research/mast/env-ketujitu.pdf,https://www.env.go.jp/nature/choju/effort/effort12/ketujitu.pdf,2024-04-22,header 令和６年４月22日時点
長野,Nagano,コナラ,konara,2023,R5,fruiting,並作下（凶作\n～並作上）,並作下（凶作～並作上）,value,並作,headline before parenthesis,2024-04-22,1,,,pdfplumber extract_tables,data-pipeline/raw/research/mast/env-ketujitu.pdf,https://www.env.go.jp/nature/choju/effort/effort12/ketujitu.pdf,2024-04-22,header 令和６年４月22日時点
岐阜,Gifu,ブナ,buna,2023,R5,fruiting,凶作,凶作,value,凶作,exact; 不作/やや凶作 counted as 凶作 (MoE rule),2024-04-22,1,,,pdfplumber extract_tables,data-pipeline/raw/research/mast/env-ketujitu.pdf,https://www.env.go.jp/nature/choju/effort/effort12/ketujitu.pdf,2024-04-22,header 令和６年４月22日時点
岐阜,Gifu,ミズナラ,mizunara,2023,R5,fruiting,凶作,凶作,value,凶作,exact; 不作/やや凶作 counted as 凶作 (MoE rule),2024-04-22,1,,,pdfplumber extract_tables,data-pipeline/raw/research/mast/env-ketujitu.pdf,https://www.env.go.jp/nature/choju/effort/effort12/ketujitu.pdf,2024-04-22,header 令和６年４月22日時点
岐阜,Gifu,コナラ,konara,2023,R5,fruiting,並作,並作,value,並作,exact; 並上/並下 are 並作 sub-grades,2024-04-22,1,,,pdfplumber extract_tables,data-pipeline/raw/research/mast/env-ketujitu.pdf,https://www.env.go.jp/nature/choju/effort/effort12/ketujitu.pdf,2024-04-22,header 令和６年４月22日時点
静岡,Shizuoka,ブナ,buna,2023,R5,fruiting,-,-,no_data,,,2024-04-22,1,,,pdfplumber extract_tables,data-pipeline/raw/research/mast/env-ketujitu.pdf,https://www.env.go.jp/nature/choju/effort/effort12/ketujitu.pdf,2024-04-22,header 令和６年４月22日時点
静岡,Shizuoka,ミズナラ,mizunara,2023,R5,fruiting,-,-,no_data,,,2024-04-22,1,,,pdfplumber extract_tables,data-pipeline/raw/research/mast/env-ketujitu.pdf,https://www.env.go.jp/nature/choju/effort/effort12/ketujitu.pdf,2024-04-22,header 令和６年４月22日時点
静岡,Shizuoka,コナラ,konara,2023,R5,fruiting,-,-,no_data,,,2024-04-22,1,,,pdfplumber extract_tables,data-pipeline/raw/research/mast/env-ketujitu.pdf,https://www.env.go.jp/nature/choju/effort/effort12/ketujitu.pdf,2024-04-22,header 令和６年４月22日時点
愛知,Aichi,ブナ,buna,2023,R5,fruiting,－,－,no_data,,,2024-04-22,1,,,pdfplumber extract_tables,data-pipeline/raw/research/mast/env-ketujitu.pdf,https://www.env.go.jp/nature/choju/effort/effort12/ketujitu.pdf,2024-04-22,header 令和６年４月22日時点
愛知,Aichi,ミズナラ,mizunara,2023,R5,fruiting,凶作,凶作,value,凶作,exact; 不作/やや凶作 counted as 凶作 (MoE rule),2024-04-22,1,,,pdfplumber extract_tables,data-pipeline/raw/research/mast/env-ketujitu.pdf,https://www.env.go.jp/nature/choju/effort/effort12/ketujitu.pdf,2024-04-22,header 令和６年４月22日時点
愛知,Aichi,コナラ,konara,2023,R5,fruiting,並作,並作,value,並作,exact; 並上/並下 are 並作 sub-grades,2024-04-22,1,,,pdfplumber extract_tables,data-pipeline/raw/research/mast/env-ketujitu.pdf,https://www.env.go.jp/nature/choju/effort/effort12/ketujitu.pdf,2024-04-22,header 令和６年４月22日時点
三重,Mie,ブナ,buna,2023,R5,fruiting,－,－,no_data,,,2024-04-22,1,,,pdfplumber extract_tables,data-pipeline/raw/research/mast/env-ketujitu.pdf,https://www.env.go.jp/nature/choju/effort/effort12/ketujitu.pdf,2024-04-22,header 令和６年４月22日時点
三重,Mie,ミズナラ,mizunara,2023,R5,fruiting,－,－,no_data,,,2024-04-22,1,,,pdfplumber extract_tables,data-pipeline/raw/research/mast/env-ketujitu.pdf,https://www.env.go.jp/nature/choju/effort/effort12/ketujitu.pdf,2024-04-22,header 令和６年４月22日時点
三重,Mie,コナラ,konara,2023,R5,fruiting,－,－,no_data,,,2024-04-22,1,,,pdfplumber extract_tables,data-pipeline/raw/research/mast/env-ketujitu.pdf,https://www.env.go.jp/nature/choju/effort/effort12/ketujitu.pdf,2024-04-22,header 令和６年４月22日時点
滋賀,Shiga,ブナ,buna,2023,R5,fruiting,凶作,凶作,value,凶作,exact; 不作/やや凶作 counted as 凶作 (MoE rule),2024-04-22,1,,,pdfplumber extract_tables,data-pipeline/raw/research/mast/env-ketujitu.pdf,https://www.env.go.jp/nature/choju/effort/effort12/ketujitu.pdf,2024-04-22,header 令和６年４月22日時点
滋賀,Shiga,ミズナラ,mizunara,2023,R5,fruiting,不作,不作,value,凶作,exact; 不作/やや凶作 counted as 凶作 (MoE rule),2024-04-22,1,,,pdfplumber extract_tables,data-pipeline/raw/research/mast/env-ketujitu.pdf,https://www.env.go.jp/nature/choju/effort/effort12/ketujitu.pdf,2024-04-22,header 令和６年４月22日時点
滋賀,Shiga,コナラ,konara,2023,R5,fruiting,不作,不作,value,凶作,exact; 不作/やや凶作 counted as 凶作 (MoE rule),2024-04-22,1,,,pdfplumber extract_tables,data-pipeline/raw/research/mast/env-ketujitu.pdf,https://www.env.go.jp/nature/choju/effort/effort12/ketujitu.pdf,2024-04-22,header 令和６年４月22日時点
京都,Kyoto,ブナ,buna,2023,R5,fruiting,凶作,凶作,value,凶作,exact; 不作/やや凶作 counted as 凶作 (MoE rule),2024-04-22,1,,,pdfplumber extract_tables,data-pipeline/raw/research/mast/env-ketujitu.pdf,https://www.env.go.jp/nature/choju/effort/effort12/ketujitu.pdf,2024-04-22,header 令和６年４月22日時点
京都,Kyoto,ミズナラ,mizunara,2023,R5,fruiting,並作,並作,value,並作,exact; 並上/並下 are 並作 sub-grades,2024-04-22,1,,,pdfplumber extract_tables,data-pipeline/raw/research/mast/env-ketujitu.pdf,https://www.env.go.jp/nature/choju/effort/effort12/ketujitu.pdf,2024-04-22,header 令和６年４月22日時点
京都,Kyoto,コナラ,konara,2023,R5,fruiting,並作,並作,value,並作,exact; 並上/並下 are 並作 sub-grades,2024-04-22,1,,,pdfplumber extract_tables,data-pipeline/raw/research/mast/env-ketujitu.pdf,https://www.env.go.jp/nature/choju/effort/effort12/ketujitu.pdf,2024-04-22,header 令和６年４月22日時点
大阪,Osaka,ブナ,buna,2023,R5,fruiting,（未回答）,（未回答）,not_published,,,2024-04-22,1,,,pdfplumber extract_tables,data-pipeline/raw/research/mast/env-ketujitu.pdf,https://www.env.go.jp/nature/choju/effort/effort12/ketujitu.pdf,2024-04-22,header 令和６年４月22日時点
大阪,Osaka,ミズナラ,mizunara,2023,R5,fruiting,（未回答）,（未回答）,not_published,,,2024-04-22,1,,,pdfplumber extract_tables,data-pipeline/raw/research/mast/env-ketujitu.pdf,https://www.env.go.jp/nature/choju/effort/effort12/ketujitu.pdf,2024-04-22,header 令和６年４月22日時点
大阪,Osaka,コナラ,konara,2023,R5,fruiting,（未回答）,（未回答）,not_published,,,2024-04-22,1,,,pdfplumber extract_tables,data-pipeline/raw/research/mast/env-ketujitu.pdf,https://www.env.go.jp/nature/choju/effort/effort12/ketujitu.pdf,2024-04-22,header 令和６年４月22日時点
兵庫,Hyogo,ブナ,buna,2023,R5,fruiting,大凶作,大凶作,value,大凶作,exact,2024-04-22,1,,,pdfplumber extract_tables,data-pipeline/raw/research/mast/env-ketujitu.pdf,https://www.env.go.jp/nature/choju/effort/effort12/ketujitu.pdf,2024-04-22,header 令和６年４月22日時点
兵庫,Hyogo,ミズナラ,mizunara,2023,R5,fruiting,大凶作,大凶作,value,大凶作,exact,2024-04-22,1,,,pdfplumber extract_tables,data-pipeline/raw/research/mast/env-ketujitu.pdf,https://www.env.go.jp/nature/choju/effort/effort12/ketujitu.pdf,2024-04-22,header 令和６年４月22日時点
兵庫,Hyogo,コナラ,konara,2023,R5,fruiting,豊作,豊作,value,豊作,exact; 大豊作 counted as 豊作,2024-04-22,1,,,pdfplumber extract_tables,data-pipeline/raw/research/mast/env-ketujitu.pdf,https://www.env.go.jp/nature/choju/effort/effort12/ketujitu.pdf,2024-04-22,header 令和６年４月22日時点
奈良,Nara,ブナ,buna,2023,R5,fruiting,凶作,凶作,value,凶作,exact; 不作/やや凶作 counted as 凶作 (MoE rule),2024-04-22,1,,,pdfplumber extract_tables,data-pipeline/raw/research/mast/env-ketujitu.pdf,https://www.env.go.jp/nature/choju/effort/effort12/ketujitu.pdf,2024-04-22,header 令和６年４月22日時点
奈良,Nara,ミズナラ,mizunara,2023,R5,fruiting,凶作,凶作,value,凶作,exact; 不作/やや凶作 counted as 凶作 (MoE rule),2024-04-22,1,,,pdfplumber extract_tables,data-pipeline/raw/research/mast/env-ketujitu.pdf,https://www.env.go.jp/nature/choju/effort/effort12/ketujitu.pdf,2024-04-22,header 令和６年４月22日時点
奈良,Nara,コナラ,konara,2023,R5,fruiting,並作,並作,value,並作,exact; 並上/並下 are 並作 sub-grades,2024-04-22,1,,,pdfplumber extract_tables,data-pipeline/raw/research/mast/env-ketujitu.pdf,https://www.env.go.jp/nature/choju/effort/effort12/ketujitu.pdf,2024-04-22,header 令和６年４月22日時点
和歌山,Wakayama,ブナ,buna,2023,R5,fruiting,-,-,no_data,,,2024-04-22,1,,,pdfplumber extract_tables,data-pipeline/raw/research/mast/env-ketujitu.pdf,https://www.env.go.jp/nature/choju/effort/effort12/ketujitu.pdf,2024-04-22,header 令和６年４月22日時点
和歌山,Wakayama,ミズナラ,mizunara,2023,R5,fruiting,－,－,no_data,,,2024-04-22,1,,,pdfplumber extract_tables,data-pipeline/raw/research/mast/env-ketujitu.pdf,https://www.env.go.jp/nature/choju/effort/effort12/ketujitu.pdf,2024-04-22,header 令和６年４月22日時点
和歌山,Wakayama,コナラ,konara,2023,R5,fruiting,－,－,no_data,,,2024-04-22,1,,,pdfplumber extract_tables,data-pipeline/raw/research/mast/env-ketujitu.pdf,https://www.env.go.jp/nature/choju/effort/effort12/ketujitu.pdf,2024-04-22,header 令和６年４月22日時点
鳥取,Tottori,ブナ,buna,2023,R5,fruiting,凶作,凶作,value,凶作,exact; 不作/やや凶作 counted as 凶作 (MoE rule),2024-04-22,1,,,pdfplumber extract_tables,data-pipeline/raw/research/mast/env-ketujitu.pdf,https://www.env.go.jp/nature/choju/effort/effort12/ketujitu.pdf,2024-04-22,header 令和６年４月22日時点
鳥取,Tottori,ミズナラ,mizunara,2023,R5,fruiting,並作下,並作下,value,並作,exact; 並上/並下 are 並作 sub-grades,2024-04-22,1,,,pdfplumber extract_tables,data-pipeline/raw/research/mast/env-ketujitu.pdf,https://www.env.go.jp/nature/choju/effort/effort12/ketujitu.pdf,2024-04-22,header 令和６年４月22日時点
鳥取,Tottori,コナラ,konara,2023,R5,fruiting,並作下,並作下,value,並作,exact; 並上/並下 are 並作 sub-grades,2024-04-22,1,,,pdfplumber extract_tables,data-pipeline/raw/research/mast/env-ketujitu.pdf,https://www.env.go.jp/nature/choju/effort/effort12/ketujitu.pdf,2024-04-22,header 令和６年４月22日時点
島根,Shimane,ブナ,buna,2023,R5,fruiting,凶作,凶作,value,凶作,exact; 不作/やや凶作 counted as 凶作 (MoE rule),2024-04-22,1,,※コナラについては県内でも豊作～凶作で地域差がある,pdfplumber extract_tables,data-pipeline/raw/research/mast/env-ketujitu.pdf,https://www.env.go.jp/nature/choju/effort/effort12/ketujitu.pdf,2024-04-22,header 令和６年４月22日時点
島根,Shimane,ミズナラ,mizunara,2023,R5,fruiting,凶作,凶作,value,凶作,exact; 不作/やや凶作 counted as 凶作 (MoE rule),2024-04-22,1,,※コナラについては県内でも豊作～凶作で地域差がある,pdfplumber extract_tables,data-pipeline/raw/research/mast/env-ketujitu.pdf,https://www.env.go.jp/nature/choju/effort/effort12/ketujitu.pdf,2024-04-22,header 令和６年４月22日時点
島根,Shimane,コナラ,konara,2023,R5,fruiting,並作※,並作※,value,並作,exact; 並上/並下 are 並作 sub-grades,2024-04-22,1,,※コナラについては県内でも豊作～凶作で地域差がある,pdfplumber extract_tables,data-pipeline/raw/research/mast/env-ketujitu.pdf,https://www.env.go.jp/nature/choju/effort/effort12/ketujitu.pdf,2024-04-22,header 令和６年４月22日時点
岡山,Okayama,ブナ,buna,2023,R5,fruiting,並作,並作,value,並作,exact; 並上/並下 are 並作 sub-grades,2024-04-22,1,,,pdfplumber extract_tables,data-pipeline/raw/research/mast/env-ketujitu.pdf,https://www.env.go.jp/nature/choju/effort/effort12/ketujitu.pdf,2024-04-22,header 令和６年４月22日時点
岡山,Okayama,ミズナラ,mizunara,2023,R5,fruiting,凶作,凶作,value,凶作,exact; 不作/やや凶作 counted as 凶作 (MoE rule),2024-04-22,1,,,pdfplumber extract_tables,data-pipeline/raw/research/mast/env-ketujitu.pdf,https://www.env.go.jp/nature/choju/effort/effort12/ketujitu.pdf,2024-04-22,header 令和６年４月22日時点
岡山,Okayama,コナラ,konara,2023,R5,fruiting,並作,並作,value,並作,exact; 並上/並下 are 並作 sub-grades,2024-04-22,1,,,pdfplumber extract_tables,data-pipeline/raw/research/mast/env-ketujitu.pdf,https://www.env.go.jp/nature/choju/effort/effort12/ketujitu.pdf,2024-04-22,header 令和６年４月22日時点
広島,Hiroshima,ブナ,buna,2023,R5,fruiting,－,－,no_data,,,2024-04-22,1,,,pdfplumber extract_tables,data-pipeline/raw/research/mast/env-ketujitu.pdf,https://www.env.go.jp/nature/choju/effort/effort12/ketujitu.pdf,2024-04-22,header 令和６年４月22日時点
広島,Hiroshima,ミズナラ,mizunara,2023,R5,fruiting,凶作,凶作,value,凶作,exact; 不作/やや凶作 counted as 凶作 (MoE rule),2024-04-22,1,,,pdfplumber extract_tables,data-pipeline/raw/research/mast/env-ketujitu.pdf,https://www.env.go.jp/nature/choju/effort/effort12/ketujitu.pdf,2024-04-22,header 令和６年４月22日時点
広島,Hiroshima,コナラ,konara,2023,R5,fruiting,並作,並作,value,並作,exact; 並上/並下 are 並作 sub-grades,2024-04-22,1,,,pdfplumber extract_tables,data-pipeline/raw/research/mast/env-ketujitu.pdf,https://www.env.go.jp/nature/choju/effort/effort12/ketujitu.pdf,2024-04-22,header 令和６年４月22日時点
山口,Yamaguchi,ブナ,buna,2023,R5,fruiting,－,－,no_data,,,2024-04-22,1,,,pdfplumber extract_tables,data-pipeline/raw/research/mast/env-ketujitu.pdf,https://www.env.go.jp/nature/choju/effort/effort12/ketujitu.pdf,2024-04-22,header 令和６年４月22日時点
山口,Yamaguchi,ミズナラ,mizunara,2023,R5,fruiting,－,－,no_data,,,2024-04-22,1,,,pdfplumber extract_tables,data-pipeline/raw/research/mast/env-ketujitu.pdf,https://www.env.go.jp/nature/choju/effort/effort12/ketujitu.pdf,2024-04-22,header 令和６年４月22日時点
山口,Yamaguchi,コナラ,konara,2023,R5,fruiting,並作,並作,value,並作,exact; 並上/並下 are 並作 sub-grades,2024-04-22,1,,,pdfplumber extract_tables,data-pipeline/raw/research/mast/env-ketujitu.pdf,https://www.env.go.jp/nature/choju/effort/effort12/ketujitu.pdf,2024-04-22,header 令和６年４月22日時点
北海道,Hokkaido,ブナ,buna,2023,R5,flowering,－,－,no_data,,,2024-04-22,1,,ブナについては道南地域のみ分布,pdfplumber extract_tables,data-pipeline/raw/research/mast/env-ketujitu.pdf,https://www.env.go.jp/nature/choju/effort/effort12/ketujitu.pdf,2024-04-22,header 令和６年４月22日時点
北海道,Hokkaido,ミズナラ,mizunara,2023,R5,flowering,－,－,no_data,,,2024-04-22,1,,ブナについては道南地域のみ分布,pdfplumber extract_tables,data-pipeline/raw/research/mast/env-ketujitu.pdf,https://www.env.go.jp/nature/choju/effort/effort12/ketujitu.pdf,2024-04-22,header 令和６年４月22日時点
北海道,Hokkaido,コナラ,konara,2023,R5,flowering,－,－,no_data,,,2024-04-22,1,,ブナについては道南地域のみ分布,pdfplumber extract_tables,data-pipeline/raw/research/mast/env-ketujitu.pdf,https://www.env.go.jp/nature/choju/effort/effort12/ketujitu.pdf,2024-04-22,header 令和６年４月22日時点
青森,Aomori,ブナ,buna,2023,R5,flowering,大凶作,大凶作,value,大凶作,exact,2024-04-22,1,,東北森林管理局実施,pdfplumber extract_tables,data-pipeline/raw/research/mast/env-ketujitu.pdf,https://www.env.go.jp/nature/choju/effort/effort12/ketujitu.pdf,2024-04-22,header 令和６年４月22日時点
青森,Aomori,ミズナラ,mizunara,2023,R5,flowering,－,－,no_data,,,2024-04-22,1,,東北森林管理局実施,pdfplumber extract_tables,data-pipeline/raw/research/mast/env-ketujitu.pdf,https://www.env.go.jp/nature/choju/effort/effort12/ketujitu.pdf,2024-04-22,header 令和６年４月22日時点
青森,Aomori,コナラ,konara,2023,R5,flowering,－,－,no_data,,,2024-04-22,1,,東北森林管理局実施,pdfplumber extract_tables,data-pipeline/raw/research/mast/env-ketujitu.pdf,https://www.env.go.jp/nature/choju/effort/effort12/ketujitu.pdf,2024-04-22,header 令和６年４月22日時点
岩手,Iwate,ブナ,buna,2023,R5,flowering,－,－,no_data,,,2024-04-22,1,,,pdfplumber extract_tables,data-pipeline/raw/research/mast/env-ketujitu.pdf,https://www.env.go.jp/nature/choju/effort/effort12/ketujitu.pdf,2024-04-22,header 令和６年４月22日時点
岩手,Iwate,ミズナラ,mizunara,2023,R5,flowering,－,－,no_data,,,2024-04-22,1,,,pdfplumber extract_tables,data-pipeline/raw/research/mast/env-ketujitu.pdf,https://www.env.go.jp/nature/choju/effort/effort12/ketujitu.pdf,2024-04-22,header 令和６年４月22日時点
岩手,Iwate,コナラ,konara,2023,R5,flowering,－,－,no_data,,,2024-04-22,1,,,pdfplumber extract_tables,data-pipeline/raw/research/mast/env-ketujitu.pdf,https://www.env.go.jp/nature/choju/effort/effort12/ketujitu.pdf,2024-04-22,header 令和６年４月22日時点
宮城,Miyagi,ブナ,buna,2023,R5,flowering,－,－,no_data,,,2024-04-22,1,,,pdfplumber extract_tables,data-pipeline/raw/research/mast/env-ketujitu.pdf,https://www.env.go.jp/nature/choju/effort/effort12/ketujitu.pdf,2024-04-22,header 令和６年４月22日時点
宮城,Miyagi,ミズナラ,mizunara,2023,R5,flowering,－,－,no_data,,,2024-04-22,1,,,pdfplumber extract_tables,data-pipeline/raw/research/mast/env-ketujitu.pdf,https://www.env.go.jp/nature/choju/effort/effort12/ketujitu.pdf,2024-04-22,header 令和６年４月22日時点
宮城,Miyagi,コナラ,konara,2023,R5,flowering,－,－,no_data,,,2024-04-22,1,,,pdfplumber extract_tables,data-pipeline/raw/research/mast/env-ketujitu.pdf,https://www.env.go.jp/nature/choju/effort/effort12/ketujitu.pdf,2024-04-22,header 令和６年４月22日時点
秋田,Akita,ブナ,buna,2023,R5,flowering,大凶作,大凶作,value,大凶作,exact,2024-04-22,1,,東北森林管理署による調査+県林業研究研修センターによる調査,pdfplumber extract_tables,data-pipeline/raw/research/mast/env-ketujitu.pdf,https://www.env.go.jp/nature/choju/effort/effort12/ketujitu.pdf,2024-04-22,header 令和６年４月22日時点
秋田,Akita,ミズナラ,mizunara,2023,R5,flowering,－,－,no_data,,,2024-04-22,1,,東北森林管理署による調査+県林業研究研修センターによる調査,pdfplumber extract_tables,data-pipeline/raw/research/mast/env-ketujitu.pdf,https://www.env.go.jp/nature/choju/effort/effort12/ketujitu.pdf,2024-04-22,header 令和６年４月22日時点
秋田,Akita,コナラ,konara,2023,R5,flowering,－,－,no_data,,,2024-04-22,1,,東北森林管理署による調査+県林業研究研修センターによる調査,pdfplumber extract_tables,data-pipeline/raw/research/mast/env-ketujitu.pdf,https://www.env.go.jp/nature/choju/effort/effort12/ketujitu.pdf,2024-04-22,header 令和６年４月22日時点
山形,Yamagata,ブナ,buna,2023,R5,flowering,凶作,凶作,value,凶作,exact; 不作/やや凶作 counted as 凶作 (MoE rule),2024-04-22,1,,,pdfplumber extract_tables,data-pipeline/raw/research/mast/env-ketujitu.pdf,https://www.env.go.jp/nature/choju/effort/effort12/ketujitu.pdf,2024-04-22,header 令和６年４月22日時点
山形,Yamagata,ミズナラ,mizunara,2023,R5,flowering,－,－,no_data,,,2024-04-22,1,,,pdfplumber extract_tables,data-pipeline/raw/research/mast/env-ketujitu.pdf,https://www.env.go.jp/nature/choju/effort/effort12/ketujitu.pdf,2024-04-22,header 令和６年４月22日時点
山形,Yamagata,コナラ,konara,2023,R5,flowering,－,－,no_data,,,2024-04-22,1,,,pdfplumber extract_tables,data-pipeline/raw/research/mast/env-ketujitu.pdf,https://www.env.go.jp/nature/choju/effort/effort12/ketujitu.pdf,2024-04-22,header 令和６年４月22日時点
福島,Fukushima,ブナ,buna,2023,R5,flowering,凶作,凶作,value,凶作,exact; 不作/やや凶作 counted as 凶作 (MoE rule),2024-04-22,1,,,pdfplumber extract_tables,data-pipeline/raw/research/mast/env-ketujitu.pdf,https://www.env.go.jp/nature/choju/effort/effort12/ketujitu.pdf,2024-04-22,header 令和６年４月22日時点
福島,Fukushima,ミズナラ,mizunara,2023,R5,flowering,並作,並作,value,並作,exact; 並上/並下 are 並作 sub-grades,2024-04-22,1,,,pdfplumber extract_tables,data-pipeline/raw/research/mast/env-ketujitu.pdf,https://www.env.go.jp/nature/choju/effort/effort12/ketujitu.pdf,2024-04-22,header 令和６年４月22日時点
福島,Fukushima,コナラ,konara,2023,R5,flowering,並作,並作,value,並作,exact; 並上/並下 are 並作 sub-grades,2024-04-22,1,,,pdfplumber extract_tables,data-pipeline/raw/research/mast/env-ketujitu.pdf,https://www.env.go.jp/nature/choju/effort/effort12/ketujitu.pdf,2024-04-22,header 令和６年４月22日時点
栃木,Tochigi,ブナ,buna,2023,R5,flowering,凶作～並作,凶作～並作,value,並作,MoE rule 凶作～並作/凶作～豊作/不作～並作→並作,2024-04-22,1,,ブナ：開花状況調査に基づく予測値,pdfplumber extract_tables,data-pipeline/raw/research/mast/env-ketujitu.pdf,https://www.env.go.jp/nature/choju/effort/effort12/ketujitu.pdf,2024-04-22,header 令和６年４月22日時点
栃木,Tochigi,ミズナラ,mizunara,2023,R5,flowering,－,－,no_data,,,2024-04-22,1,,ブナ：開花状況調査に基づく予測値,pdfplumber extract_tables,data-pipeline/raw/research/mast/env-ketujitu.pdf,https://www.env.go.jp/nature/choju/effort/effort12/ketujitu.pdf,2024-04-22,header 令和６年４月22日時点
栃木,Tochigi,コナラ,konara,2023,R5,flowering,－,－,no_data,,,2024-04-22,1,,ブナ：開花状況調査に基づく予測値,pdfplumber extract_tables,data-pipeline/raw/research/mast/env-ketujitu.pdf,https://www.env.go.jp/nature/choju/effort/effort12/ketujitu.pdf,2024-04-22,header 令和６年４月22日時点
群馬,Gunma,ブナ,buna,2023,R5,flowering,－,－,no_data,,,2024-04-22,1,,,pdfplumber extract_tables,data-pipeline/raw/research/mast/env-ketujitu.pdf,https://www.env.go.jp/nature/choju/effort/effort12/ketujitu.pdf,2024-04-22,header 令和６年４月22日時点
群馬,Gunma,ミズナラ,mizunara,2023,R5,flowering,－,－,no_data,,,2024-04-22,1,,,pdfplumber extract_tables,data-pipeline/raw/research/mast/env-ketujitu.pdf,https://www.env.go.jp/nature/choju/effort/effort12/ketujitu.pdf,2024-04-22,header 令和６年４月22日時点
群馬,Gunma,コナラ,konara,2023,R5,flowering,－,－,no_data,,,2024-04-22,1,,,pdfplumber extract_tables,data-pipeline/raw/research/mast/env-ketujitu.pdf,https://www.env.go.jp/nature/choju/effort/effort12/ketujitu.pdf,2024-04-22,header 令和６年４月22日時点
埼玉,Saitama,ブナ,buna,2023,R5,flowering,－,－,no_data,,,2024-04-22,1,,,pdfplumber extract_tables,data-pipeline/raw/research/mast/env-ketujitu.pdf,https://www.env.go.jp/nature/choju/effort/effort12/ketujitu.pdf,2024-04-22,header 令和６年４月22日時点
埼玉,Saitama,ミズナラ,mizunara,2023,R5,flowering,－,－,no_data,,,2024-04-22,1,,,pdfplumber extract_tables,data-pipeline/raw/research/mast/env-ketujitu.pdf,https://www.env.go.jp/nature/choju/effort/effort12/ketujitu.pdf,2024-04-22,header 令和６年４月22日時点
埼玉,Saitama,コナラ,konara,2023,R5,flowering,－,－,no_data,,,2024-04-22,1,,,pdfplumber extract_tables,data-pipeline/raw/research/mast/env-ketujitu.pdf,https://www.env.go.jp/nature/choju/effort/effort12/ketujitu.pdf,2024-04-22,header 令和６年４月22日時点
東京,Tokyo,ブナ,buna,2023,R5,flowering,凶作～豊作,凶作～豊作,value,並作,MoE rule 凶作～並作/凶作～豊作/不作～並作→並作,2024-04-22,1,,,pdfplumber extract_tables,data-pipeline/raw/research/mast/env-ketujitu.pdf,https://www.env.go.jp/nature/choju/effort/effort12/ketujitu.pdf,2024-04-22,header 令和６年４月22日時点
東京,Tokyo,ミズナラ,mizunara,2023,R5,flowering,凶作～豊作,凶作～豊作,value,並作,MoE rule 凶作～並作/凶作～豊作/不作～並作→並作,2024-04-22,1,,,pdfplumber extract_tables,data-pipeline/raw/research/mast/env-ketujitu.pdf,https://www.env.go.jp/nature/choju/effort/effort12/ketujitu.pdf,2024-04-22,header 令和６年４月22日時点
東京,Tokyo,コナラ,konara,2023,R5,flowering,並作～豊作,並作～豊作,value,豊作,MoE rule 並作～豊作→豊作,2024-04-22,1,,,pdfplumber extract_tables,data-pipeline/raw/research/mast/env-ketujitu.pdf,https://www.env.go.jp/nature/choju/effort/effort12/ketujitu.pdf,2024-04-22,header 令和６年４月22日時点
神奈川,Kanagawa,ブナ,buna,2023,R5,flowering,凶作,凶作,value,凶作,exact; 不作/やや凶作 counted as 凶作 (MoE rule),2024-04-22,1,,,pdfplumber extract_tables,data-pipeline/raw/research/mast/env-ketujitu.pdf,https://www.env.go.jp/nature/choju/effort/effort12/ketujitu.pdf,2024-04-22,header 令和６年４月22日時点
神奈川,Kanagawa,ミズナラ,mizunara,2023,R5,flowering,凶作,凶作,value,凶作,exact; 不作/やや凶作 counted as 凶作 (MoE rule),2024-04-22,1,,,pdfplumber extract_tables,data-pipeline/raw/research/mast/env-ketujitu.pdf,https://www.env.go.jp/nature/choju/effort/effort12/ketujitu.pdf,2024-04-22,header 令和６年４月22日時点
神奈川,Kanagawa,コナラ,konara,2023,R5,flowering,凶作～並作,凶作～並作,value,並作,MoE rule 凶作～並作/凶作～豊作/不作～並作→並作,2024-04-22,1,,,pdfplumber extract_tables,data-pipeline/raw/research/mast/env-ketujitu.pdf,https://www.env.go.jp/nature/choju/effort/effort12/ketujitu.pdf,2024-04-22,header 令和６年４月22日時点
新潟,Niigata,ブナ,buna,2023,R5,flowering,－,－,no_data,,,2024-04-22,1,,,pdfplumber extract_tables,data-pipeline/raw/research/mast/env-ketujitu.pdf,https://www.env.go.jp/nature/choju/effort/effort12/ketujitu.pdf,2024-04-22,header 令和６年４月22日時点
新潟,Niigata,ミズナラ,mizunara,2023,R5,flowering,－,－,no_data,,,2024-04-22,1,,,pdfplumber extract_tables,data-pipeline/raw/research/mast/env-ketujitu.pdf,https://www.env.go.jp/nature/choju/effort/effort12/ketujitu.pdf,2024-04-22,header 令和６年４月22日時点
新潟,Niigata,コナラ,konara,2023,R5,flowering,－,－,no_data,,,2024-04-22,1,,,pdfplumber extract_tables,data-pipeline/raw/research/mast/env-ketujitu.pdf,https://www.env.go.jp/nature/choju/effort/effort12/ketujitu.pdf,2024-04-22,header 令和６年４月22日時点
富山,Toyama,ブナ,buna,2023,R5,flowering,凶作～並作,凶作～並作,value,並作,MoE rule 凶作～並作/凶作～豊作/不作～並作→並作,2024-04-22,1,,,pdfplumber extract_tables,data-pipeline/raw/research/mast/env-ketujitu.pdf,https://www.env.go.jp/nature/choju/effort/effort12/ketujitu.pdf,2024-04-22,header 令和６年４月22日時点
富山,Toyama,ミズナラ,mizunara,2023,R5,flowering,－,－,no_data,,,2024-04-22,1,,,pdfplumber extract_tables,data-pipeline/raw/research/mast/env-ketujitu.pdf,https://www.env.go.jp/nature/choju/effort/effort12/ketujitu.pdf,2024-04-22,header 令和６年４月22日時点
富山,Toyama,コナラ,konara,2023,R5,flowering,－,－,no_data,,,2024-04-22,1,,,pdfplumber extract_tables,data-pipeline/raw/research/mast/env-ketujitu.pdf,https://www.env.go.jp/nature/choju/effort/effort12/ketujitu.pdf,2024-04-22,header 令和６年４月22日時点
石川,Ishikawa,ブナ,buna,2023,R5,flowering,並作,並作,value,並作,exact; 並上/並下 are 並作 sub-grades,2024-04-22,1,,,pdfplumber extract_tables,data-pipeline/raw/research/mast/env-ketujitu.pdf,https://www.env.go.jp/nature/choju/effort/effort12/ketujitu.pdf,2024-04-22,header 令和６年４月22日時点
石川,Ishikawa,ミズナラ,mizunara,2023,R5,flowering,豊作,豊作,value,豊作,exact; 大豊作 counted as 豊作,2024-04-22,1,,,pdfplumber extract_tables,data-pipeline/raw/research/mast/env-ketujitu.pdf,https://www.env.go.jp/nature/choju/effort/effort12/ketujitu.pdf,2024-04-22,header 令和６年４月22日時点
石川,Ishikawa,コナラ,konara,2023,R5,flowering,並作,並作,value,並作,exact; 並上/並下 are 並作 sub-grades,2024-04-22,1,,,pdfplumber extract_tables,data-pipeline/raw/research/mast/env-ketujitu.pdf,https://www.env.go.jp/nature/choju/effort/effort12/ketujitu.pdf,2024-04-22,header 令和６年４月22日時点
福井,Fukui,ブナ,buna,2023,R5,flowering,－,－,no_data,,,2024-04-22,1,,,pdfplumber extract_tables,data-pipeline/raw/research/mast/env-ketujitu.pdf,https://www.env.go.jp/nature/choju/effort/effort12/ketujitu.pdf,2024-04-22,header 令和６年４月22日時点
福井,Fukui,ミズナラ,mizunara,2023,R5,flowering,－,－,no_data,,,2024-04-22,1,,,pdfplumber extract_tables,data-pipeline/raw/research/mast/env-ketujitu.pdf,https://www.env.go.jp/nature/choju/effort/effort12/ketujitu.pdf,2024-04-22,header 令和６年４月22日時点
福井,Fukui,コナラ,konara,2023,R5,flowering,－,－,no_data,,,2024-04-22,1,,,pdfplumber extract_tables,data-pipeline/raw/research/mast/env-ketujitu.pdf,https://www.env.go.jp/nature/choju/effort/effort12/ketujitu.pdf,2024-04-22,header 令和６年４月22日時点
山梨,Yamanashi,ブナ,buna,2023,R5,flowering,凶作～並作,凶作～並作,value,並作,MoE rule 凶作～並作/凶作～豊作/不作～並作→並作,2024-04-22,1,,,pdfplumber extract_tables,data-pipeline/raw/research/mast/env-ketujitu.pdf,https://www.env.go.jp/nature/choju/effort/effort12/ketujitu.pdf,2024-04-22,header 令和６年４月22日時点
山梨,Yamanashi,ミズナラ,mizunara,2023,R5,flowering,並作,並作,value,並作,exact; 並上/並下 are 並作 sub-grades,2024-04-22,1,,,pdfplumber extract_tables,data-pipeline/raw/research/mast/env-ketujitu.pdf,https://www.env.go.jp/nature/choju/effort/effort12/ketujitu.pdf,2024-04-22,header 令和６年４月22日時点
山梨,Yamanashi,コナラ,konara,2023,R5,flowering,並作,並作,value,並作,exact; 並上/並下 are 並作 sub-grades,2024-04-22,1,,,pdfplumber extract_tables,data-pipeline/raw/research/mast/env-ketujitu.pdf,https://www.env.go.jp/nature/choju/effort/effort12/ketujitu.pdf,2024-04-22,header 令和６年４月22日時点
長野,Nagano,ブナ,buna,2023,R5,flowering,－,－,no_data,,,2024-04-22,1,,,pdfplumber extract_tables,data-pipeline/raw/research/mast/env-ketujitu.pdf,https://www.env.go.jp/nature/choju/effort/effort12/ketujitu.pdf,2024-04-22,header 令和６年４月22日時点
長野,Nagano,ミズナラ,mizunara,2023,R5,flowering,－,－,no_data,,,2024-04-22,1,,,pdfplumber extract_tables,data-pipeline/raw/research/mast/env-ketujitu.pdf,https://www.env.go.jp/nature/choju/effort/effort12/ketujitu.pdf,2024-04-22,header 令和６年４月22日時点
長野,Nagano,コナラ,konara,2023,R5,flowering,－,－,no_data,,,2024-04-22,1,,,pdfplumber extract_tables,data-pipeline/raw/research/mast/env-ketujitu.pdf,https://www.env.go.jp/nature/choju/effort/effort12/ketujitu.pdf,2024-04-22,header 令和６年４月22日時点
岐阜,Gifu,ブナ,buna,2023,R5,flowering,－,－,no_data,,,2024-04-22,1,,,pdfplumber extract_tables,data-pipeline/raw/research/mast/env-ketujitu.pdf,https://www.env.go.jp/nature/choju/effort/effort12/ketujitu.pdf,2024-04-22,header 令和６年４月22日時点
岐阜,Gifu,ミズナラ,mizunara,2023,R5,flowering,－,－,no_data,,,2024-04-22,1,,,pdfplumber extract_tables,data-pipeline/raw/research/mast/env-ketujitu.pdf,https://www.env.go.jp/nature/choju/effort/effort12/ketujitu.pdf,2024-04-22,header 令和６年４月22日時点
岐阜,Gifu,コナラ,konara,2023,R5,flowering,－,－,no_data,,,2024-04-22,1,,,pdfplumber extract_tables,data-pipeline/raw/research/mast/env-ketujitu.pdf,https://www.env.go.jp/nature/choju/effort/effort12/ketujitu.pdf,2024-04-22,header 令和６年４月22日時点
静岡,Shizuoka,ブナ,buna,2023,R5,flowering,－,－,no_data,,,2024-04-22,1,,,pdfplumber extract_tables,data-pipeline/raw/research/mast/env-ketujitu.pdf,https://www.env.go.jp/nature/choju/effort/effort12/ketujitu.pdf,2024-04-22,header 令和６年４月22日時点
静岡,Shizuoka,ミズナラ,mizunara,2023,R5,flowering,－,－,no_data,,,2024-04-22,1,,,pdfplumber extract_tables,data-pipeline/raw/research/mast/env-ketujitu.pdf,https://www.env.go.jp/nature/choju/effort/effort12/ketujitu.pdf,2024-04-22,header 令和６年４月22日時点
静岡,Shizuoka,コナラ,konara,2023,R5,flowering,－,－,no_data,,,2024-04-22,1,,,pdfplumber extract_tables,data-pipeline/raw/research/mast/env-ketujitu.pdf,https://www.env.go.jp/nature/choju/effort/effort12/ketujitu.pdf,2024-04-22,header 令和６年４月22日時点
愛知,Aichi,ブナ,buna,2023,R5,flowering,－,－,no_data,,,2024-04-22,1,,,pdfplumber extract_tables,data-pipeline/raw/research/mast/env-ketujitu.pdf,https://www.env.go.jp/nature/choju/effort/effort12/ketujitu.pdf,2024-04-22,header 令和６年４月22日時点
愛知,Aichi,ミズナラ,mizunara,2023,R5,flowering,－,－,no_data,,,2024-04-22,1,,,pdfplumber extract_tables,data-pipeline/raw/research/mast/env-ketujitu.pdf,https://www.env.go.jp/nature/choju/effort/effort12/ketujitu.pdf,2024-04-22,header 令和６年４月22日時点
愛知,Aichi,コナラ,konara,2023,R5,flowering,－,－,no_data,,,2024-04-22,1,,,pdfplumber extract_tables,data-pipeline/raw/research/mast/env-ketujitu.pdf,https://www.env.go.jp/nature/choju/effort/effort12/ketujitu.pdf,2024-04-22,header 令和６年４月22日時点
三重,Mie,ブナ,buna,2023,R5,flowering,－,－,no_data,,,2024-04-22,1,,,pdfplumber extract_tables,data-pipeline/raw/research/mast/env-ketujitu.pdf,https://www.env.go.jp/nature/choju/effort/effort12/ketujitu.pdf,2024-04-22,header 令和６年４月22日時点
三重,Mie,ミズナラ,mizunara,2023,R5,flowering,－,－,no_data,,,2024-04-22,1,,,pdfplumber extract_tables,data-pipeline/raw/research/mast/env-ketujitu.pdf,https://www.env.go.jp/nature/choju/effort/effort12/ketujitu.pdf,2024-04-22,header 令和６年４月22日時点
三重,Mie,コナラ,konara,2023,R5,flowering,－,－,no_data,,,2024-04-22,1,,,pdfplumber extract_tables,data-pipeline/raw/research/mast/env-ketujitu.pdf,https://www.env.go.jp/nature/choju/effort/effort12/ketujitu.pdf,2024-04-22,header 令和６年４月22日時点
滋賀,Shiga,ブナ,buna,2023,R5,flowering,－,－,no_data,,,2024-04-22,1,,,pdfplumber extract_tables,data-pipeline/raw/research/mast/env-ketujitu.pdf,https://www.env.go.jp/nature/choju/effort/effort12/ketujitu.pdf,2024-04-22,header 令和６年４月22日時点
滋賀,Shiga,ミズナラ,mizunara,2023,R5,flowering,－,－,no_data,,,2024-04-22,1,,,pdfplumber extract_tables,data-pipeline/raw/research/mast/env-ketujitu.pdf,https://www.env.go.jp/nature/choju/effort/effort12/ketujitu.pdf,2024-04-22,header 令和６年４月22日時点
滋賀,Shiga,コナラ,konara,2023,R5,flowering,－,－,no_data,,,2024-04-22,1,,,pdfplumber extract_tables,data-pipeline/raw/research/mast/env-ketujitu.pdf,https://www.env.go.jp/nature/choju/effort/effort12/ketujitu.pdf,2024-04-22,header 令和６年４月22日時点
京都,Kyoto,ブナ,buna,2023,R5,flowering,－,－,no_data,,,2024-04-22,1,,,pdfplumber extract_tables,data-pipeline/raw/research/mast/env-ketujitu.pdf,https://www.env.go.jp/nature/choju/effort/effort12/ketujitu.pdf,2024-04-22,header 令和６年４月22日時点
京都,Kyoto,ミズナラ,mizunara,2023,R5,flowering,－,－,no_data,,,2024-04-22,1,,,pdfplumber extract_tables,data-pipeline/raw/research/mast/env-ketujitu.pdf,https://www.env.go.jp/nature/choju/effort/effort12/ketujitu.pdf,2024-04-22,header 令和６年４月22日時点
京都,Kyoto,コナラ,konara,2023,R5,flowering,－,－,no_data,,,2024-04-22,1,,,pdfplumber extract_tables,data-pipeline/raw/research/mast/env-ketujitu.pdf,https://www.env.go.jp/nature/choju/effort/effort12/ketujitu.pdf,2024-04-22,header 令和６年４月22日時点
大阪,Osaka,ブナ,buna,2023,R5,flowering,－,－,no_data,,,2024-04-22,1,,,pdfplumber extract_tables,data-pipeline/raw/research/mast/env-ketujitu.pdf,https://www.env.go.jp/nature/choju/effort/effort12/ketujitu.pdf,2024-04-22,header 令和６年４月22日時点
大阪,Osaka,ミズナラ,mizunara,2023,R5,flowering,－,－,no_data,,,2024-04-22,1,,,pdfplumber extract_tables,data-pipeline/raw/research/mast/env-ketujitu.pdf,https://www.env.go.jp/nature/choju/effort/effort12/ketujitu.pdf,2024-04-22,header 令和６年４月22日時点
大阪,Osaka,コナラ,konara,2023,R5,flowering,－,－,no_data,,,2024-04-22,1,,,pdfplumber extract_tables,data-pipeline/raw/research/mast/env-ketujitu.pdf,https://www.env.go.jp/nature/choju/effort/effort12/ketujitu.pdf,2024-04-22,header 令和６年４月22日時点
兵庫,Hyogo,ブナ,buna,2023,R5,flowering,－,－,no_data,,,2024-04-22,1,,,pdfplumber extract_tables,data-pipeline/raw/research/mast/env-ketujitu.pdf,https://www.env.go.jp/nature/choju/effort/effort12/ketujitu.pdf,2024-04-22,header 令和６年４月22日時点
兵庫,Hyogo,ミズナラ,mizunara,2023,R5,flowering,－,－,no_data,,,2024-04-22,1,,,pdfplumber extract_tables,data-pipeline/raw/research/mast/env-ketujitu.pdf,https://www.env.go.jp/nature/choju/effort/effort12/ketujitu.pdf,2024-04-22,header 令和６年４月22日時点
兵庫,Hyogo,コナラ,konara,2023,R5,flowering,－,－,no_data,,,2024-04-22,1,,,pdfplumber extract_tables,data-pipeline/raw/research/mast/env-ketujitu.pdf,https://www.env.go.jp/nature/choju/effort/effort12/ketujitu.pdf,2024-04-22,header 令和６年４月22日時点
奈良,Nara,ブナ,buna,2023,R5,flowering,－,－,no_data,,,2024-04-22,1,,,pdfplumber extract_tables,data-pipeline/raw/research/mast/env-ketujitu.pdf,https://www.env.go.jp/nature/choju/effort/effort12/ketujitu.pdf,2024-04-22,header 令和６年４月22日時点
奈良,Nara,ミズナラ,mizunara,2023,R5,flowering,－,－,no_data,,,2024-04-22,1,,,pdfplumber extract_tables,data-pipeline/raw/research/mast/env-ketujitu.pdf,https://www.env.go.jp/nature/choju/effort/effort12/ketujitu.pdf,2024-04-22,header 令和６年４月22日時点
奈良,Nara,コナラ,konara,2023,R5,flowering,－,－,no_data,,,2024-04-22,1,,,pdfplumber extract_tables,data-pipeline/raw/research/mast/env-ketujitu.pdf,https://www.env.go.jp/nature/choju/effort/effort12/ketujitu.pdf,2024-04-22,header 令和６年４月22日時点
和歌山,Wakayama,ブナ,buna,2023,R5,flowering,－,－,no_data,,,2024-04-22,1,,,pdfplumber extract_tables,data-pipeline/raw/research/mast/env-ketujitu.pdf,https://www.env.go.jp/nature/choju/effort/effort12/ketujitu.pdf,2024-04-22,header 令和６年４月22日時点
和歌山,Wakayama,ミズナラ,mizunara,2023,R5,flowering,－,－,no_data,,,2024-04-22,1,,,pdfplumber extract_tables,data-pipeline/raw/research/mast/env-ketujitu.pdf,https://www.env.go.jp/nature/choju/effort/effort12/ketujitu.pdf,2024-04-22,header 令和６年４月22日時点
和歌山,Wakayama,コナラ,konara,2023,R5,flowering,－,－,no_data,,,2024-04-22,1,,,pdfplumber extract_tables,data-pipeline/raw/research/mast/env-ketujitu.pdf,https://www.env.go.jp/nature/choju/effort/effort12/ketujitu.pdf,2024-04-22,header 令和６年４月22日時点
鳥取,Tottori,ブナ,buna,2023,R5,flowering,並作下,並作下,value,並作,exact; 並上/並下 are 並作 sub-grades,2024-04-22,1,,,pdfplumber extract_tables,data-pipeline/raw/research/mast/env-ketujitu.pdf,https://www.env.go.jp/nature/choju/effort/effort12/ketujitu.pdf,2024-04-22,header 令和６年４月22日時点
鳥取,Tottori,ミズナラ,mizunara,2023,R5,flowering,並作上,並作上,value,並作,exact; 並上/並下 are 並作 sub-grades,2024-04-22,1,,,pdfplumber extract_tables,data-pipeline/raw/research/mast/env-ketujitu.pdf,https://www.env.go.jp/nature/choju/effort/effort12/ketujitu.pdf,2024-04-22,header 令和６年４月22日時点
鳥取,Tottori,コナラ,konara,2023,R5,flowering,並作下,並作下,value,並作,exact; 並上/並下 are 並作 sub-grades,2024-04-22,1,,,pdfplumber extract_tables,data-pipeline/raw/research/mast/env-ketujitu.pdf,https://www.env.go.jp/nature/choju/effort/effort12/ketujitu.pdf,2024-04-22,header 令和６年４月22日時点
島根,Shimane,ブナ,buna,2023,R5,flowering,－,－,no_data,,,2024-04-22,1,,※コナラについては県内でも豊作～凶作で地域差がある,pdfplumber extract_tables,data-pipeline/raw/research/mast/env-ketujitu.pdf,https://www.env.go.jp/nature/choju/effort/effort12/ketujitu.pdf,2024-04-22,header 令和６年４月22日時点
島根,Shimane,ミズナラ,mizunara,2023,R5,flowering,－,－,no_data,,,2024-04-22,1,,※コナラについては県内でも豊作～凶作で地域差がある,pdfplumber extract_tables,data-pipeline/raw/research/mast/env-ketujitu.pdf,https://www.env.go.jp/nature/choju/effort/effort12/ketujitu.pdf,2024-04-22,header 令和６年４月22日時点
島根,Shimane,コナラ,konara,2023,R5,flowering,－,－,no_data,,,2024-04-22,1,,※コナラについては県内でも豊作～凶作で地域差がある,pdfplumber extract_tables,data-pipeline/raw/research/mast/env-ketujitu.pdf,https://www.env.go.jp/nature/choju/effort/effort12/ketujitu.pdf,2024-04-22,header 令和６年４月22日時点
岡山,Okayama,ブナ,buna,2023,R5,flowering,－,－,no_data,,,2024-04-22,1,,,pdfplumber extract_tables,data-pipeline/raw/research/mast/env-ketujitu.pdf,https://www.env.go.jp/nature/choju/effort/effort12/ketujitu.pdf,2024-04-22,header 令和６年４月22日時点
岡山,Okayama,ミズナラ,mizunara,2023,R5,flowering,－,－,no_data,,,2024-04-22,1,,,pdfplumber extract_tables,data-pipeline/raw/research/mast/env-ketujitu.pdf,https://www.env.go.jp/nature/choju/effort/effort12/ketujitu.pdf,2024-04-22,header 令和６年４月22日時点
岡山,Okayama,コナラ,konara,2023,R5,flowering,－,－,no_data,,,2024-04-22,1,,,pdfplumber extract_tables,data-pipeline/raw/research/mast/env-ketujitu.pdf,https://www.env.go.jp/nature/choju/effort/effort12/ketujitu.pdf,2024-04-22,header 令和６年４月22日時点
広島,Hiroshima,ブナ,buna,2023,R5,flowering,－,－,no_data,,,2024-04-22,1,,,pdfplumber extract_tables,data-pipeline/raw/research/mast/env-ketujitu.pdf,https://www.env.go.jp/nature/choju/effort/effort12/ketujitu.pdf,2024-04-22,header 令和６年４月22日時点
広島,Hiroshima,ミズナラ,mizunara,2023,R5,flowering,－,－,no_data,,,2024-04-22,1,,,pdfplumber extract_tables,data-pipeline/raw/research/mast/env-ketujitu.pdf,https://www.env.go.jp/nature/choju/effort/effort12/ketujitu.pdf,2024-04-22,header 令和６年４月22日時点
広島,Hiroshima,コナラ,konara,2023,R5,flowering,－,－,no_data,,,2024-04-22,1,,,pdfplumber extract_tables,data-pipeline/raw/research/mast/env-ketujitu.pdf,https://www.env.go.jp/nature/choju/effort/effort12/ketujitu.pdf,2024-04-22,header 令和６年４月22日時点
山口,Yamaguchi,ブナ,buna,2023,R5,flowering,－,－,no_data,,,2024-04-22,1,,,pdfplumber extract_tables,data-pipeline/raw/research/mast/env-ketujitu.pdf,https://www.env.go.jp/nature/choju/effort/effort12/ketujitu.pdf,2024-04-22,header 令和６年４月22日時点
山口,Yamaguchi,ミズナラ,mizunara,2023,R5,flowering,－,－,no_data,,,2024-04-22,1,,,pdfplumber extract_tables,data-pipeline/raw/research/mast/env-ketujitu.pdf,https://www.env.go.jp/nature/choju/effort/effort12/ketujitu.pdf,2024-04-22,header 令和６年４月22日時点
山口,Yamaguchi,コナラ,konara,2023,R5,flowering,－,－,no_data,,,2024-04-22,1,,,pdfplumber extract_tables,data-pipeline/raw/research/mast/env-ketujitu.pdf,https://www.env.go.jp/nature/choju/effort/effort12/ketujitu.pdf,2024-04-22,header 令和６年４月22日時点
